[0.000000] (-) TimerEvent: {}
[0.000483] (-) JobUnselected: {'identifier': 'flir_camera_description'}
[0.000530] (-) JobUnselected: {'identifier': 'spinnaker_synchronized_camera_driver'}
[0.000592] (flir_camera_msgs) JobQueued: {'identifier': 'flir_camera_msgs', 'dependencies': OrderedDict()}
[0.000607] (spinnaker_camera_driver) JobQueued: {'identifier': 'spinnaker_camera_driver', 'dependencies': OrderedDict([('flir_camera_msgs', '/home/karthik/dds_ros2/flirCAMERA/flir_camera_driver/install/flir_camera_msgs')])}
[0.000621] (flir_camera_msgs) JobStarted: {'identifier': 'flir_camera_msgs'}
[0.004566] (flir_camera_msgs) JobProgress: {'identifier': 'flir_camera_msgs', 'progress': 'cmake'}
[0.005014] (flir_camera_msgs) Command: {'cmd': ['/usr/bin/cmake', '/home/karthik/dds_ros2/flirCAMERA/flir_camera_driver/flir_camera_msgs', '-DAMENT_CMAKE_SYMLINK_INSTALL=1', '-DCMAKE_INSTALL_PREFIX=/home/karthik/dds_ros2/flirCAMERA/flir_camera_driver/install/flir_camera_msgs'], 'cwd': '/home/karthik/dds_ros2/flirCAMERA/flir_camera_driver/build/flir_camera_msgs', 'env': OrderedDict([('GJS_DEBUG_TOPICS', 'JS ERROR;JS LOG'), ('PYTHON_BASIC_REPL', '1'), ('LESSOPEN', '| /usr/bin/lesspipe %s'), ('USER', 'karthik'), ('LC_TIME', 'de_DE.UTF-8'), ('XDG_SESSION_TYPE', 'x11'), ('GIT_ASKPASS', '/usr/share/antigravity/resources/app/extensions/git/dist/askpass.sh'), ('SHLVL', '1'), ('LD_LIBRARY_PATH', '/opt/ros/humble/opt/rviz_ogre_vendor/lib:/opt/ros/humble/lib/x86_64-linux-gnu:/opt/ros/humble/lib'), ('ANTIGRAVITY_CLI_ALIAS', 'agy'), ('HOME', '/home/karthik'), ('CHROME_DESKTOP', 'antigravity.desktop'), ('OLDPWD', '/home/karthik/dds_ros2/flirCAMERA/flir_camera_driver/spinnaker_camera_driver'), ('TERM_PROGRAM_VERSION', '1.104.0'), ('DESKTOP_SESSION', 'ubuntu'), ('GIO_LAUNCHED_DESKTOP_FILE', '/usr/share/applications/antigravity.desktop'), ('ROS_PYTHON_VERSION', '3'), ('GNOME_SHELL_SESSION_MODE', 'ubuntu'), ('GTK_MODULES', 'gail:atk-bridge'), ('VSCODE_GIT_ASKPASS_MAIN', '/usr/share/antigravity/resources/app/extensions/git/dist/askpass-main.js'), ('LC_MONETARY', 'de_DE.UTF-8'), ('VSCODE_GIT_ASKPASS_NODE', '/usr/share/antigravity/antigravity'), ('MANAGERPID', '608275'), ('PYDEVD_DISABLE_FILE_VALIDATION', '1'), ('SYSTEMD_EXEC_PID', '608538'), ('BUNDLED_DEBUGPY_PATH', '/home/karthik/.antigravity/extensions/ms-python.debugpy-2025.18.0-linux-x64/bundled/libs/debugpy'), ('VSCODE_PYTHON_AUTOACTIVATE_GUARD', '1'), ('DBUS_SESSION_BUS_ADDRESS', 'unix:path=/run/user/1000/bus'), ('COLORTERM', 'truecolor'), ('GIO_LAUNCHED_DESKTOP_FILE_PID', '754264'), ('COLCON_PREFIX_PATH', '/home/karthik/dds_ros2/flirCAMERA/install:/home/karthik/dds_ros2/flirCAMERA/ros2_ws/install'), ('ROS_DISTRO', 'humble'), ('GTK_IM_MODULE', 'ibus'), ('LOGNAME', 'karthik'), ('JOURNAL_STREAM', '8:1340131'), ('_', '/usr/bin/colcon'), ('ROS_VERSION', '2'), ('XDG_SESSION_CLASS', 'user'), ('USERNAME', 'karthik'), ('TERM', 'xterm-256color'), ('GNOME_DESKTOP_SESSION_ID', 'this-is-deprecated'), ('ROS_LOCALHOST_ONLY', '0'), ('WINDOWPATH', '2'), ('PATH', '/opt/ros/humble/bin:/home/karthik/.local/bin:/home/karthik/.local/bin:/opt/spinnaker/bin:/usr/local/sbin:/usr/local/bin:/usr/sbin:/usr/bin:/sbin:/bin:/usr/games:/usr/local/games:/snap/bin:/snap/bin:/home/karthik/.antigravity/extensions/ms-python.debugpy-2025.18.0-linux-x64/bundled/scripts/noConfigScripts'), ('SESSION_MANAGER', 'local/Karthik:@/tmp/.ICE-unix/608511,unix/Karthik:/tmp/.ICE-unix/608511'), ('INVOCATION_ID', '894042b988b442c3b837af9d42158c44'), ('XDG_MENU_PREFIX', 'gnome-'), ('LC_ADDRESS', 'de_DE.UTF-8'), ('XDG_RUNTIME_DIR', '/run/user/1000'), ('GDK_BACKEND', 'x11'), ('SPINNAKER_GENTL64_CTI', '/opt/spinnaker/lib/spinnaker-gentl/Spinnaker_GenTL.cti'), ('DISPLAY', ':1'), ('VSCODE_DEBUGPY_ADAPTER_ENDPOINTS', '/home/karthik/.antigravity/extensions/ms-python.debugpy-2025.18.0-linux-x64/.noConfigDebugAdapterEndpoints/endpoint-f3ee66c29dd09338.txt'), ('LANG', 'en_US.UTF-8'), ('XDG_CURRENT_DESKTOP', 'Unity'), ('PYTHONSTARTUP', '/home/karthik/.config/Antigravity/User/workspaceStorage/d88c120b86d835b02216619077cb693b/ms-python.python/pythonrc.py'), ('LC_TELEPHONE', 'de_DE.UTF-8'), ('XMODIFIERS', '@im=ibus'), ('XDG_SESSION_DESKTOP', 'ubuntu'), ('XAUTHORITY', '/run/user/1000/gdm/Xauthority'), ('LS_COLORS', 'rs=0:di=01;34:ln=01;36:mh=00:pi=40;33:so=01;35:do=01;35:bd=40;33;01:cd=40;33;01:or=40;31;01:mi=00:su=37;41:sg=30;43:ca=30;41:tw=30;42:ow=34;42:st=37;44:ex=01;32:*.tar=01;31:*.tgz=01;31:*.arc=01;31:*.arj=01;31:*.taz=01;31:*.lha=01;31:*.lz4=01;31:*.lzh=01;31:*.lzma=01;31:*.tlz=01;31:*.txz=01;31:*.tzo=01;31:*.t7z=01;31:*.zip=01;31:*.z=01;31:*.dz=01;31:*.gz=01;31:*.lrz=01;31:*.lz=01;31:*.lzo=01;31:*.xz=01;31:*.zst=01;31:*.tzst=01;31:*.bz2=01;31:*.bz=01;31:*.tbz=01;31:*.tbz2=01;31:*.tz=01;31:*.deb=01;31:*.rpm=01;31:*.jar=01;31:*.war=01;31:*.ear=01;31:*.sar=01;31:*.rar=01;31:*.alz=01;31:*.ace=01;31:*.zoo=01;31:*.cpio=01;31:*.7z=01;31:*.rz=01;31:*.cab=01;31:*.wim=01;31:*.swm=01;31:*.dwm=01;31:*.esd=01;31:*.jpg=01;35:*.jpeg=01;35:*.mjpg=01;35:*.mjpeg=01;35:*.gif=01;35:*.bmp=01;35:*.pbm=01;35:*.pgm=01;35:*.ppm=01;35:*.tga=01;35:*.xbm=01;35:*.xpm=01;35:*.tif=01;35:*.tiff=01;35:*.png=01;35:*.svg=01;35:*.svgz=01;35:*.mng=01;35:*.pcx=01;35:*.mov=01;35:*.mpg=01;35:*.mpeg=01;35:*.m2v=01;35:*.mkv=01;35:*.webm=01;35:*.webp=01;35:*.ogm=01;35:*.mp4=01;35:*.m4v=01;35:*.mp4v=01;35:*.vob=01;35:*.qt=01;35:*.nuv=01;35:*.wmv=01;35:*.asf=01;35:*.rm=01;35:*.rmvb=01;35:*.flc=01;35:*.avi=01;35:*.fli=01;35:*.flv=01;35:*.gl=01;35:*.dl=01;35:*.xcf=01;35:*.xwd=01;35:*.yuv=01;35:*.cgm=01;35:*.emf=01;35:*.ogv=01;35:*.ogx=01;35:*.aac=00;36:*.au=00;36:*.flac=00;36:*.m4a=00;36:*.mid=00;36:*.midi=00;36:*.mka=00;36:*.mp3=00;36:*.mpc=00;36:*.ogg=00;36:*.ra=00;36:*.wav=00;36:*.oga=00;36:*.opus=00;36:*.spx=00;36:*.xspf=00;36:'), ('VSCODE_GIT_IPC_HANDLE', '/run/user/1000/vscode-git-305ff7234e.sock'), ('TERM_PROGRAM', 'vscode'), ('SSH_AGENT_LAUNCHER', 'gnome-keyring'), ('SSH_AUTH_SOCK', '/run/user/1000/keyring/ssh'), ('AMENT_PREFIX_PATH', '/opt/ros/humble'), ('ORIGINAL_XDG_CURRENT_DESKTOP', 'ubuntu:GNOME'), ('SHELL', '/bin/bash'), ('LC_NAME', 'de_DE.UTF-8'), ('QT_ACCESSIBILITY', '1'), ('GDMSESSION', 'ubuntu'), ('LESSCLOSE', '/usr/bin/lesspipe %s %s'), ('LC_MEASUREMENT', 'de_DE.UTF-8'), ('GPG_AGENT_INFO', '/run/user/1000/gnupg/S.gpg-agent:0:1'), ('GJS_DEBUG_OUTPUT', 'stderr'), ('LC_IDENTIFICATION', 'de_DE.UTF-8'), ('VSCODE_GIT_ASKPASS_EXTRA_ARGS', ''), ('QT_IM_MODULE', 'ibus'), ('PWD', '/home/karthik/dds_ros2/flirCAMERA/flir_camera_driver/build/flir_camera_msgs'), ('LC_ALL', 'en_US.UTF-8'), ('XDG_CONFIG_DIRS', '/etc/xdg/xdg-ubuntu:/etc/xdg'), ('XDG_DATA_DIRS', '/usr/share/ubuntu:/usr/share/gnome:/usr/local/share/:/usr/share/:/var/lib/snapd/desktop'), ('PYTHONPATH', '/opt/ros/humble/lib/python3.10/site-packages:/opt/ros/humble/local/lib/python3.10/dist-packages'), ('LC_NUMERIC', 'de_DE.UTF-8'), ('LC_PAPER', 'de_DE.UTF-8'), ('COLCON', '1'), ('GENICAM_GENTL64_PATH', '/opt/spinnaker/lib/spinnaker-gentl'), ('CMAKE_PREFIX_PATH', '/opt/ros/humble')]), 'shell': False}
[0.013085] (flir_camera_msgs) StdoutLine: {'line': b'-- Found ament_cmake: 1.3.12 (/opt/ros/humble/share/ament_cmake/cmake)\n'}
[0.085819] (flir_camera_msgs) StdoutLine: {'line': b'-- Found Python3: /usr/bin/python3 (found version "3.10.12") found components: Interpreter \n'}
[0.099762] (-) TimerEvent: {}
[0.115322] (flir_camera_msgs) StdoutLine: {'line': b'-- Override CMake install command with custom implementation using symlinks instead of copying resources\n'}
[0.124110] (flir_camera_msgs) StdoutLine: {'line': b'-- Found builtin_interfaces: 1.2.2 (/opt/ros/humble/share/builtin_interfaces/cmake)\n'}
[0.135329] (flir_camera_msgs) StdoutLine: {'line': b'-- Found rosidl_generator_c: 3.1.7 (/opt/ros/humble/share/rosidl_generator_c/cmake)\n'}
[0.136807] (flir_camera_msgs) StdoutLine: {'line': b'-- Found rosidl_adapter: 3.1.7 (/opt/ros/humble/share/rosidl_adapter/cmake)\n'}
[0.139614] (flir_camera_msgs) StdoutLine: {'line': b'-- Found rosidl_generator_cpp: 3.1.7 (/opt/ros/humble/share/rosidl_generator_cpp/cmake)\n'}
[0.143754] (flir_camera_msgs) StdoutLine: {'line': b'-- Using all available rosidl_typesupport_c: rosidl_typesupport_fastrtps_c;rosidl_typesupport_introspection_c\n'}
[0.149047] (flir_camera_msgs) StdoutLine: {'line': b'-- Using all available rosidl_typesupport_cpp: rosidl_typesupport_fastrtps_cpp;rosidl_typesupport_introspection_cpp\n'}
[0.153986] (flir_camera_msgs) StdoutLine: {'line': b'-- Found rosidl_default_generators: 1.2.0 (/opt/ros/humble/share/rosidl_default_generators/cmake)\n'}
[0.156870] (flir_camera_msgs) StdoutLine: {'line': b'-- Found std_msgs: 4.9.0 (/opt/ros/humble/share/std_msgs/cmake)\n'}
[0.199841] (-) TimerEvent: {}
[0.296356] (flir_camera_msgs) StdoutLine: {'line': b'-- Found ament_cmake_cppcheck: 0.12.14 (/opt/ros/humble/share/ament_cmake_cppcheck/cmake)\n'}
[0.297031] (flir_camera_msgs) StdoutLine: {'line': b'-- Found ament_cmake_cpplint: 0.12.14 (/opt/ros/humble/share/ament_cmake_cpplint/cmake)\n'}
[0.297595] (flir_camera_msgs) StdoutLine: {'line': b'-- Found ament_cmake_uncrustify: 0.12.14 (/opt/ros/humble/share/ament_cmake_uncrustify/cmake)\n'}
[0.298325] (flir_camera_msgs) StdoutLine: {'line': b'-- Found ament_cmake_ros: 0.10.0 (/opt/ros/humble/share/ament_cmake_ros/cmake)\n'}
[0.299895] (-) TimerEvent: {}
[0.400000] (-) TimerEvent: {}
[0.464768] (flir_camera_msgs) StdoutLine: {'line': b'-- Using all available rosidl_typesupport_c: rosidl_typesupport_fastrtps_c;rosidl_typesupport_introspection_c\n'}
[0.500082] (-) TimerEvent: {}
[0.532915] (flir_camera_msgs) StdoutLine: {'line': b'-- Using all available rosidl_typesupport_cpp: rosidl_typesupport_fastrtps_cpp;rosidl_typesupport_introspection_cpp\n'}
[0.544079] (flir_camera_msgs) StdoutLine: {'line': b'-- Found PythonInterp: /usr/bin/python3 (found suitable version "3.10.12", minimum required is "3.6") \n'}
[0.545161] (flir_camera_msgs) StdoutLine: {'line': b'-- Found python_cmake_module: 0.10.0 (/opt/ros/humble/share/python_cmake_module/cmake)\n'}
[0.560875] (flir_camera_msgs) StdoutLine: {'line': b'-- Found PythonLibs: /usr/lib/x86_64-linux-gnu/libpython3.10.so (found suitable version "3.10.12", minimum required is "3.5") \n'}
[0.560970] (flir_camera_msgs) StdoutLine: {'line': b'-- Using PYTHON_EXECUTABLE: /usr/bin/python3\n'}
[0.561017] (flir_camera_msgs) StdoutLine: {'line': b'-- Using PYTHON_INCLUDE_DIRS: /usr/include/python3.10\n'}
[0.561057] (flir_camera_msgs) StdoutLine: {'line': b'-- Using PYTHON_LIBRARIES: /usr/lib/x86_64-linux-gnu/libpython3.10.so\n'}
[0.570716] (flir_camera_msgs) StdoutLine: {'line': b'-- Found PythonExtra: .so  \n'}
[0.593007] (flir_camera_msgs) StdoutLine: {'line': b'-- Found ament_cmake_flake8: 0.12.14 (/opt/ros/humble/share/ament_cmake_flake8/cmake)\n'}
[0.593715] (flir_camera_msgs) StdoutLine: {'line': b'-- Found ament_cmake_pep257: 0.12.14 (/opt/ros/humble/share/ament_cmake_pep257/cmake)\n'}
[0.594940] (flir_camera_msgs) StdoutLine: {'line': b'-- Found ament_cmake_copyright: 0.12.14 (/opt/ros/humble/share/ament_cmake_copyright/cmake)\n'}
[0.595427] (flir_camera_msgs) StdoutLine: {'line': b'-- Found ament_cmake_lint_cmake: 0.12.14 (/opt/ros/humble/share/ament_cmake_lint_cmake/cmake)\n'}
[0.595975] (flir_camera_msgs) StdoutLine: {'line': b'-- Found ament_cmake_xmllint: 0.12.14 (/opt/ros/humble/share/ament_cmake_xmllint/cmake)\n'}
[0.599472] (flir_camera_msgs) StdoutLine: {'line': b'-- Configuring done\n'}
[0.600141] (-) TimerEvent: {}
[0.612725] (flir_camera_msgs) StdoutLine: {'line': b'-- Generating done\n'}
[0.616747] (flir_camera_msgs) StdoutLine: {'line': b'-- Build files have been written to: /home/karthik/dds_ros2/flirCAMERA/flir_camera_driver/build/flir_camera_msgs\n'}
[0.621018] (flir_camera_msgs) CommandEnded: {'returncode': 0}
[0.621587] (flir_camera_msgs) JobProgress: {'identifier': 'flir_camera_msgs', 'progress': 'build'}
[0.622620] (flir_camera_msgs) Command: {'cmd': ['/usr/bin/cmake', '--build', '/home/karthik/dds_ros2/flirCAMERA/flir_camera_driver/build/flir_camera_msgs', '--', '-j128', '-l128'], 'cwd': '/home/karthik/dds_ros2/flirCAMERA/flir_camera_driver/build/flir_camera_msgs', 'env': OrderedDict([('GJS_DEBUG_TOPICS', 'JS ERROR;JS LOG'), ('PYTHON_BASIC_REPL', '1'), ('LESSOPEN', '| /usr/bin/lesspipe %s'), ('USER', 'karthik'), ('LC_TIME', 'de_DE.UTF-8'), ('XDG_SESSION_TYPE', 'x11'), ('GIT_ASKPASS', '/usr/share/antigravity/resources/app/extensions/git/dist/askpass.sh'), ('SHLVL', '1'), ('LD_LIBRARY_PATH', '/opt/ros/humble/opt/rviz_ogre_vendor/lib:/opt/ros/humble/lib/x86_64-linux-gnu:/opt/ros/humble/lib'), ('ANTIGRAVITY_CLI_ALIAS', 'agy'), ('HOME', '/home/karthik'), ('CHROME_DESKTOP', 'antigravity.desktop'), ('OLDPWD', '/home/karthik/dds_ros2/flirCAMERA/flir_camera_driver/spinnaker_camera_driver'), ('TERM_PROGRAM_VERSION', '1.104.0'), ('DESKTOP_SESSION', 'ubuntu'), ('GIO_LAUNCHED_DESKTOP_FILE', '/usr/share/applications/antigravity.desktop'), ('ROS_PYTHON_VERSION', '3'), ('GNOME_SHELL_SESSION_MODE', 'ubuntu'), ('GTK_MODULES', 'gail:atk-bridge'), ('VSCODE_GIT_ASKPASS_MAIN', '/usr/share/antigravity/resources/app/extensions/git/dist/askpass-main.js'), ('LC_MONETARY', 'de_DE.UTF-8'), ('VSCODE_GIT_ASKPASS_NODE', '/usr/share/antigravity/antigravity'), ('MANAGERPID', '608275'), ('PYDEVD_DISABLE_FILE_VALIDATION', '1'), ('SYSTEMD_EXEC_PID', '608538'), ('BUNDLED_DEBUGPY_PATH', '/home/karthik/.antigravity/extensions/ms-python.debugpy-2025.18.0-linux-x64/bundled/libs/debugpy'), ('VSCODE_PYTHON_AUTOACTIVATE_GUARD', '1'), ('DBUS_SESSION_BUS_ADDRESS', 'unix:path=/run/user/1000/bus'), ('COLORTERM', 'truecolor'), ('GIO_LAUNCHED_DESKTOP_FILE_PID', '754264'), ('COLCON_PREFIX_PATH', '/home/karthik/dds_ros2/flirCAMERA/install:/home/karthik/dds_ros2/flirCAMERA/ros2_ws/install'), ('ROS_DISTRO', 'humble'), ('GTK_IM_MODULE', 'ibus'), ('LOGNAME', 'karthik'), ('JOURNAL_STREAM', '8:1340131'), ('_', '/usr/bin/colcon'), ('ROS_VERSION', '2'), ('XDG_SESSION_CLASS', 'user'), ('USERNAME', 'karthik'), ('TERM', 'xterm-256color'), ('GNOME_DESKTOP_SESSION_ID', 'this-is-deprecated'), ('ROS_LOCALHOST_ONLY', '0'), ('WINDOWPATH', '2'), ('PATH', '/opt/ros/humble/bin:/home/karthik/.local/bin:/home/karthik/.local/bin:/opt/spinnaker/bin:/usr/local/sbin:/usr/local/bin:/usr/sbin:/usr/bin:/sbin:/bin:/usr/games:/usr/local/games:/snap/bin:/snap/bin:/home/karthik/.antigravity/extensions/ms-python.debugpy-2025.18.0-linux-x64/bundled/scripts/noConfigScripts'), ('SESSION_MANAGER', 'local/Karthik:@/tmp/.ICE-unix/608511,unix/Karthik:/tmp/.ICE-unix/608511'), ('INVOCATION_ID', '894042b988b442c3b837af9d42158c44'), ('XDG_MENU_PREFIX', 'gnome-'), ('LC_ADDRESS', 'de_DE.UTF-8'), ('XDG_RUNTIME_DIR', '/run/user/1000'), ('GDK_BACKEND', 'x11'), ('SPINNAKER_GENTL64_CTI', '/opt/spinnaker/lib/spinnaker-gentl/Spinnaker_GenTL.cti'), ('DISPLAY', ':1'), ('VSCODE_DEBUGPY_ADAPTER_ENDPOINTS', '/home/karthik/.antigravity/extensions/ms-python.debugpy-2025.18.0-linux-x64/.noConfigDebugAdapterEndpoints/endpoint-f3ee66c29dd09338.txt'), ('LANG', 'en_US.UTF-8'), ('XDG_CURRENT_DESKTOP', 'Unity'), ('PYTHONSTARTUP', '/home/karthik/.config/Antigravity/User/workspaceStorage/d88c120b86d835b02216619077cb693b/ms-python.python/pythonrc.py'), ('LC_TELEPHONE', 'de_DE.UTF-8'), ('XMODIFIERS', '@im=ibus'), ('XDG_SESSION_DESKTOP', 'ubuntu'), ('XAUTHORITY', '/run/user/1000/gdm/Xauthority'), ('LS_COLORS', 'rs=0:di=01;34:ln=01;36:mh=00:pi=40;33:so=01;35:do=01;35:bd=40;33;01:cd=40;33;01:or=40;31;01:mi=00:su=37;41:sg=30;43:ca=30;41:tw=30;42:ow=34;42:st=37;44:ex=01;32:*.tar=01;31:*.tgz=01;31:*.arc=01;31:*.arj=01;31:*.taz=01;31:*.lha=01;31:*.lz4=01;31:*.lzh=01;31:*.lzma=01;31:*.tlz=01;31:*.txz=01;31:*.tzo=01;31:*.t7z=01;31:*.zip=01;31:*.z=01;31:*.dz=01;31:*.gz=01;31:*.lrz=01;31:*.lz=01;31:*.lzo=01;31:*.xz=01;31:*.zst=01;31:*.tzst=01;31:*.bz2=01;31:*.bz=01;31:*.tbz=01;31:*.tbz2=01;31:*.tz=01;31:*.deb=01;31:*.rpm=01;31:*.jar=01;31:*.war=01;31:*.ear=01;31:*.sar=01;31:*.rar=01;31:*.alz=01;31:*.ace=01;31:*.zoo=01;31:*.cpio=01;31:*.7z=01;31:*.rz=01;31:*.cab=01;31:*.wim=01;31:*.swm=01;31:*.dwm=01;31:*.esd=01;31:*.jpg=01;35:*.jpeg=01;35:*.mjpg=01;35:*.mjpeg=01;35:*.gif=01;35:*.bmp=01;35:*.pbm=01;35:*.pgm=01;35:*.ppm=01;35:*.tga=01;35:*.xbm=01;35:*.xpm=01;35:*.tif=01;35:*.tiff=01;35:*.png=01;35:*.svg=01;35:*.svgz=01;35:*.mng=01;35:*.pcx=01;35:*.mov=01;35:*.mpg=01;35:*.mpeg=01;35:*.m2v=01;35:*.mkv=01;35:*.webm=01;35:*.webp=01;35:*.ogm=01;35:*.mp4=01;35:*.m4v=01;35:*.mp4v=01;35:*.vob=01;35:*.qt=01;35:*.nuv=01;35:*.wmv=01;35:*.asf=01;35:*.rm=01;35:*.rmvb=01;35:*.flc=01;35:*.avi=01;35:*.fli=01;35:*.flv=01;35:*.gl=01;35:*.dl=01;35:*.xcf=01;35:*.xwd=01;35:*.yuv=01;35:*.cgm=01;35:*.emf=01;35:*.ogv=01;35:*.ogx=01;35:*.aac=00;36:*.au=00;36:*.flac=00;36:*.m4a=00;36:*.mid=00;36:*.midi=00;36:*.mka=00;36:*.mp3=00;36:*.mpc=00;36:*.ogg=00;36:*.ra=00;36:*.wav=00;36:*.oga=00;36:*.opus=00;36:*.spx=00;36:*.xspf=00;36:'), ('VSCODE_GIT_IPC_HANDLE', '/run/user/1000/vscode-git-305ff7234e.sock'), ('TERM_PROGRAM', 'vscode'), ('SSH_AGENT_LAUNCHER', 'gnome-keyring'), ('SSH_AUTH_SOCK', '/run/user/1000/keyring/ssh'), ('AMENT_PREFIX_PATH', '/opt/ros/humble'), ('ORIGINAL_XDG_CURRENT_DESKTOP', 'ubuntu:GNOME'), ('SHELL', '/bin/bash'), ('LC_NAME', 'de_DE.UTF-8'), ('QT_ACCESSIBILITY', '1'), ('GDMSESSION', 'ubuntu'), ('LESSCLOSE', '/usr/bin/lesspipe %s %s'), ('LC_MEASUREMENT', 'de_DE.UTF-8'), ('GPG_AGENT_INFO', '/run/user/1000/gnupg/S.gpg-agent:0:1'), ('GJS_DEBUG_OUTPUT', 'stderr'), ('LC_IDENTIFICATION', 'de_DE.UTF-8'), ('VSCODE_GIT_ASKPASS_EXTRA_ARGS', ''), ('QT_IM_MODULE', 'ibus'), ('PWD', '/home/karthik/dds_ros2/flirCAMERA/flir_camera_driver/build/flir_camera_msgs'), ('LC_ALL', 'en_US.UTF-8'), ('XDG_CONFIG_DIRS', '/etc/xdg/xdg-ubuntu:/etc/xdg'), ('XDG_DATA_DIRS', '/usr/share/ubuntu:/usr/share/gnome:/usr/local/share/:/usr/share/:/var/lib/snapd/desktop'), ('PYTHONPATH', '/opt/ros/humble/lib/python3.10/site-packages:/opt/ros/humble/local/lib/python3.10/dist-packages'), ('LC_NUMERIC', 'de_DE.UTF-8'), ('LC_PAPER', 'de_DE.UTF-8'), ('COLCON', '1'), ('GENICAM_GENTL64_PATH', '/opt/spinnaker/lib/spinnaker-gentl'), ('CMAKE_PREFIX_PATH', '/opt/ros/humble')]), 'shell': False}
[0.646469] (flir_camera_msgs) StdoutLine: {'line': b'[  2%] \x1b[34m\x1b[1mGenerating C code for ROS interfaces\x1b[0m\n'}
[0.650933] (flir_camera_msgs) StdoutLine: {'line': b'[  5%] \x1b[34m\x1b[1mGenerating C++ code for ROS interfaces\x1b[0m\n'}
[0.656047] (flir_camera_msgs) StdoutLine: {'line': b'[  5%] Built target ament_cmake_python_symlink_flir_camera_msgs\n'}
[0.700225] (-) TimerEvent: {}
[0.769335] (flir_camera_msgs) StdoutLine: {'line': b'running egg_info\n'}
[0.769549] (flir_camera_msgs) StdoutLine: {'line': b'creating flir_camera_msgs.egg-info\n'}
[0.769661] (flir_camera_msgs) StdoutLine: {'line': b'writing flir_camera_msgs.egg-info/PKG-INFO\n'}
[0.769736] (flir_camera_msgs) StdoutLine: {'line': b'writing dependency_links to flir_camera_msgs.egg-info/dependency_links.txt\n'}
[0.769780] (flir_camera_msgs) StdoutLine: {'line': b'writing top-level names to flir_camera_msgs.egg-info/top_level.txt\n'}
[0.769836] (flir_camera_msgs) StdoutLine: {'line': b"writing manifest file 'flir_camera_msgs.egg-info/SOURCES.txt'\n"}
[0.770572] (flir_camera_msgs) StdoutLine: {'line': b"reading manifest file 'flir_camera_msgs.egg-info/SOURCES.txt'\n"}
[0.770783] (flir_camera_msgs) StdoutLine: {'line': b"writing manifest file 'flir_camera_msgs.egg-info/SOURCES.txt'\n"}
[0.784346] (flir_camera_msgs) StdoutLine: {'line': b'[  5%] Built target ament_cmake_python_build_flir_camera_msgs_egg\n'}
[0.800308] (-) TimerEvent: {}
[0.807609] (flir_camera_msgs) StdoutLine: {'line': b'[  5%] Built target flir_camera_msgs__cpp\n'}
[0.809404] (flir_camera_msgs) StdoutLine: {'line': b'[  7%] \x1b[32mBuilding C object CMakeFiles/flir_camera_msgs__rosidl_generator_c.dir/rosidl_generator_c/flir_camera_msgs/msg/detail/camera_control__functions.c.o\x1b[0m\n'}
[0.809802] (flir_camera_msgs) StdoutLine: {'line': b'[ 10%] \x1b[32mBuilding C object CMakeFiles/flir_camera_msgs__rosidl_generator_c.dir/rosidl_generator_c/flir_camera_msgs/msg/detail/image_meta_data__functions.c.o\x1b[0m\n'}
[0.812147] (flir_camera_msgs) StdoutLine: {'line': b'[ 12%] \x1b[34m\x1b[1mGenerating C++ type support dispatch for ROS interfaces\x1b[0m\n'}
[0.812737] (flir_camera_msgs) StdoutLine: {'line': b'[ 15%] \x1b[34m\x1b[1mGenerating C++ type support for eProsima Fast-RTPS\x1b[0m\n'}
[0.813954] (flir_camera_msgs) StdoutLine: {'line': b'[ 17%] \x1b[34m\x1b[1mGenerating C++ introspection for ROS interfaces\x1b[0m\n'}
[0.833511] (flir_camera_msgs) StdoutLine: {'line': b'[ 20%] \x1b[32m\x1b[1mLinking C shared library libflir_camera_msgs__rosidl_generator_c.so\x1b[0m\n'}
[0.853901] (flir_camera_msgs) StdoutLine: {'line': b'[ 20%] Built target flir_camera_msgs__rosidl_generator_c\n'}
[0.858536] (flir_camera_msgs) StdoutLine: {'line': b'[ 23%] \x1b[34m\x1b[1mGenerating C introspection for ROS interfaces\x1b[0m\n'}
[0.858664] (flir_camera_msgs) StdoutLine: {'line': b'[ 25%] \x1b[34m\x1b[1mGenerating C type support dispatch for ROS interfaces\x1b[0m\n'}
[0.858954] (flir_camera_msgs) StdoutLine: {'line': b'[ 28%] \x1b[34m\x1b[1mGenerating C type support for eProsima Fast-RTPS\x1b[0m\n'}
[0.900374] (-) TimerEvent: {}
[0.958653] (flir_camera_msgs) StdoutLine: {'line': b'[ 30%] \x1b[32mBuilding CXX object CMakeFiles/flir_camera_msgs__rosidl_typesupport_cpp.dir/rosidl_typesupport_cpp/flir_camera_msgs/msg/image_meta_data__type_support.cpp.o\x1b[0m\n'}
[0.959025] (flir_camera_msgs) StdoutLine: {'line': b'[ 33%] \x1b[32mBuilding CXX object CMakeFiles/flir_camera_msgs__rosidl_typesupport_cpp.dir/rosidl_typesupport_cpp/flir_camera_msgs/msg/camera_control__type_support.cpp.o\x1b[0m\n'}
[0.963679] (flir_camera_msgs) StdoutLine: {'line': b'[ 35%] \x1b[32mBuilding CXX object CMakeFiles/flir_camera_msgs__rosidl_typesupport_introspection_cpp.dir/rosidl_typesupport_introspection_cpp/flir_camera_msgs/msg/detail/image_meta_data__type_support.cpp.o\x1b[0m\n'}
[0.964028] (flir_camera_msgs) StdoutLine: {'line': b'[ 38%] \x1b[32mBuilding CXX object CMakeFiles/flir_camera_msgs__rosidl_typesupport_introspection_cpp.dir/rosidl_typesupport_introspection_cpp/flir_camera_msgs/msg/detail/camera_control__type_support.cpp.o\x1b[0m\n'}
[0.972568] (flir_camera_msgs) StdoutLine: {'line': b'[ 41%] \x1b[32mBuilding CXX object CMakeFiles/flir_camera_msgs__rosidl_typesupport_fastrtps_cpp.dir/rosidl_typesupport_fastrtps_cpp/flir_camera_msgs/msg/detail/dds_fastrtps/camera_control__type_support.cpp.o\x1b[0m\n'}
[0.972701] (flir_camera_msgs) StdoutLine: {'line': b'[ 43%] \x1b[32mBuilding CXX object CMakeFiles/flir_camera_msgs__rosidl_typesupport_fastrtps_cpp.dir/rosidl_typesupport_fastrtps_cpp/flir_camera_msgs/msg/detail/dds_fastrtps/image_meta_data__type_support.cpp.o\x1b[0m\n'}
[1.000473] (-) TimerEvent: {}
[1.001982] (flir_camera_msgs) StdoutLine: {'line': b'[ 46%] \x1b[32mBuilding CXX object CMakeFiles/flir_camera_msgs__rosidl_typesupport_c.dir/rosidl_typesupport_c/flir_camera_msgs/msg/camera_control__type_support.cpp.o\x1b[0m\n'}
[1.003137] (flir_camera_msgs) StdoutLine: {'line': b'[ 48%] \x1b[32mBuilding CXX object CMakeFiles/flir_camera_msgs__rosidl_typesupport_c.dir/rosidl_typesupport_c/flir_camera_msgs/msg/image_meta_data__type_support.cpp.o\x1b[0m\n'}
[1.013312] (flir_camera_msgs) StdoutLine: {'line': b'[ 51%] \x1b[32mBuilding C object CMakeFiles/flir_camera_msgs__rosidl_typesupport_introspection_c.dir/rosidl_typesupport_introspection_c/flir_camera_msgs/msg/detail/image_meta_data__type_support.c.o\x1b[0m\n'}
[1.014219] (flir_camera_msgs) StdoutLine: {'line': b'[ 53%] \x1b[32mBuilding C object CMakeFiles/flir_camera_msgs__rosidl_typesupport_introspection_c.dir/rosidl_typesupport_introspection_c/flir_camera_msgs/msg/detail/camera_control__type_support.c.o\x1b[0m\n'}
[1.016083] (flir_camera_msgs) StdoutLine: {'line': b'[ 56%] \x1b[32mBuilding CXX object CMakeFiles/flir_camera_msgs__rosidl_typesupport_fastrtps_c.dir/rosidl_typesupport_fastrtps_c/flir_camera_msgs/msg/detail/image_meta_data__type_support_c.cpp.o\x1b[0m\n'}
[1.018276] (flir_camera_msgs) StdoutLine: {'line': b'[ 58%] \x1b[32mBuilding CXX object CMakeFiles/flir_camera_msgs__rosidl_typesupport_fastrtps_c.dir/rosidl_typesupport_fastrtps_c/flir_camera_msgs/msg/detail/camera_control__type_support_c.cpp.o\x1b[0m\n'}
[1.024456] (flir_camera_msgs) StdoutLine: {'line': b'[ 61%] \x1b[32m\x1b[1mLinking CXX shared library libflir_camera_msgs__rosidl_typesupport_c.so\x1b[0m\n'}
[1.031356] (flir_camera_msgs) StdoutLine: {'line': b'[ 64%] \x1b[32m\x1b[1mLinking C shared library libflir_camera_msgs__rosidl_typesupport_introspection_c.so\x1b[0m\n'}
[1.045386] (flir_camera_msgs) StdoutLine: {'line': b'[ 64%] Built target flir_camera_msgs__rosidl_typesupport_c\n'}
[1.048937] (flir_camera_msgs) StdoutLine: {'line': b'[ 64%] Built target flir_camera_msgs__rosidl_typesupport_introspection_c\n'}
[1.073567] (flir_camera_msgs) StdoutLine: {'line': b'[ 66%] \x1b[32m\x1b[1mLinking CXX shared library libflir_camera_msgs__rosidl_typesupport_cpp.so\x1b[0m\n'}
[1.097760] (flir_camera_msgs) StdoutLine: {'line': b'[ 66%] Built target flir_camera_msgs__rosidl_typesupport_cpp\n'}
[1.100549] (-) TimerEvent: {}
[1.133844] (flir_camera_msgs) StdoutLine: {'line': b'[ 69%] \x1b[32m\x1b[1mLinking CXX shared library libflir_camera_msgs__rosidl_typesupport_introspection_cpp.so\x1b[0m\n'}
[1.145651] (flir_camera_msgs) StdoutLine: {'line': b'[ 71%] \x1b[32m\x1b[1mLinking CXX shared library libflir_camera_msgs__rosidl_typesupport_fastrtps_cpp.so\x1b[0m\n'}
[1.161985] (flir_camera_msgs) StdoutLine: {'line': b'[ 74%] \x1b[32m\x1b[1mLinking CXX shared library libflir_camera_msgs__rosidl_typesupport_fastrtps_c.so\x1b[0m\n'}
[1.165989] (flir_camera_msgs) StdoutLine: {'line': b'[ 74%] Built target flir_camera_msgs__rosidl_typesupport_introspection_cpp\n'}
[1.181399] (flir_camera_msgs) StdoutLine: {'line': b'[ 74%] Built target flir_camera_msgs__rosidl_typesupport_fastrtps_cpp\n'}
[1.200365] (flir_camera_msgs) StdoutLine: {'line': b'[ 74%] Built target flir_camera_msgs__rosidl_typesupport_fastrtps_c\n'}
[1.200610] (-) TimerEvent: {}
[1.210683] (flir_camera_msgs) StdoutLine: {'line': b'[ 74%] Built target flir_camera_msgs\n'}
[1.220614] (flir_camera_msgs) StdoutLine: {'line': b'[ 76%] \x1b[34m\x1b[1mGenerating Python code for ROS interfaces\x1b[0m\n'}
[1.300705] (-) TimerEvent: {}
[1.400931] (-) TimerEvent: {}
[1.442104] (flir_camera_msgs) StdoutLine: {'line': b'[ 76%] Built target flir_camera_msgs__py\n'}
[1.451543] (flir_camera_msgs) StdoutLine: {'line': b'[ 79%] \x1b[32mBuilding C object CMakeFiles/flir_camera_msgs__rosidl_generator_py.dir/rosidl_generator_py/flir_camera_msgs/msg/_image_meta_data_s.c.o\x1b[0m\n'}
[1.451979] (flir_camera_msgs) StdoutLine: {'line': b'[ 82%] \x1b[32mBuilding C object CMakeFiles/flir_camera_msgs__rosidl_generator_py.dir/rosidl_generator_py/flir_camera_msgs/msg/_camera_control_s.c.o\x1b[0m\n'}
[1.499943] (flir_camera_msgs) StdoutLine: {'line': b'[ 84%] \x1b[32m\x1b[1mLinking C shared library rosidl_generator_py/flir_camera_msgs/libflir_camera_msgs__rosidl_generator_py.so\x1b[0m\n'}
[1.500981] (-) TimerEvent: {}
[1.519892] (flir_camera_msgs) StdoutLine: {'line': b'[ 84%] Built target flir_camera_msgs__rosidl_generator_py\n'}
[1.529299] (flir_camera_msgs) StdoutLine: {'line': b'[ 87%] \x1b[32mBuilding C object CMakeFiles/flir_camera_msgs__rosidl_typesupport_c__pyext.dir/rosidl_generator_py/flir_camera_msgs/_flir_camera_msgs_s.ep.rosidl_typesupport_c.c.o\x1b[0m\n'}
[1.529721] (flir_camera_msgs) StdoutLine: {'line': b'[ 89%] \x1b[32mBuilding C object CMakeFiles/flir_camera_msgs__rosidl_typesupport_fastrtps_c__pyext.dir/rosidl_generator_py/flir_camera_msgs/_flir_camera_msgs_s.ep.rosidl_typesupport_fastrtps_c.c.o\x1b[0m\n'}
[1.530119] (flir_camera_msgs) StdoutLine: {'line': b'[ 92%] \x1b[32mBuilding C object CMakeFiles/flir_camera_msgs__rosidl_typesupport_introspection_c__pyext.dir/rosidl_generator_py/flir_camera_msgs/_flir_camera_msgs_s.ep.rosidl_typesupport_introspection_c.c.o\x1b[0m\n'}
[1.576151] (flir_camera_msgs) StdoutLine: {'line': b'[ 94%] \x1b[32m\x1b[1mLinking C shared library rosidl_generator_py/flir_camera_msgs/flir_camera_msgs_s__rosidl_typesupport_fastrtps_c.cpython-310-x86_64-linux-gnu.so\x1b[0m\n'}
[1.576344] (flir_camera_msgs) StdoutLine: {'line': b'[ 97%] \x1b[32m\x1b[1mLinking C shared library rosidl_generator_py/flir_camera_msgs/flir_camera_msgs_s__rosidl_typesupport_c.cpython-310-x86_64-linux-gnu.so\x1b[0m\n'}
[1.576571] (flir_camera_msgs) StdoutLine: {'line': b'[100%] \x1b[32m\x1b[1mLinking C shared library rosidl_generator_py/flir_camera_msgs/flir_camera_msgs_s__rosidl_typesupport_introspection_c.cpython-310-x86_64-linux-gnu.so\x1b[0m\n'}
[1.593378] (flir_camera_msgs) StdoutLine: {'line': b'[100%] Built target flir_camera_msgs__rosidl_typesupport_c__pyext\n'}
[1.595267] (flir_camera_msgs) StdoutLine: {'line': b'[100%] Built target flir_camera_msgs__rosidl_typesupport_fastrtps_c__pyext\n'}
[1.595344] (flir_camera_msgs) StdoutLine: {'line': b'[100%] Built target flir_camera_msgs__rosidl_typesupport_introspection_c__pyext\n'}
[1.601056] (-) TimerEvent: {}
[1.602630] (flir_camera_msgs) CommandEnded: {'returncode': 0}
[1.603137] (flir_camera_msgs) JobProgress: {'identifier': 'flir_camera_msgs', 'progress': 'install'}
[1.607700] (flir_camera_msgs) Command: {'cmd': ['/usr/bin/cmake', '--install', '/home/karthik/dds_ros2/flirCAMERA/flir_camera_driver/build/flir_camera_msgs'], 'cwd': '/home/karthik/dds_ros2/flirCAMERA/flir_camera_driver/build/flir_camera_msgs', 'env': OrderedDict([('GJS_DEBUG_TOPICS', 'JS ERROR;JS LOG'), ('PYTHON_BASIC_REPL', '1'), ('LESSOPEN', '| /usr/bin/lesspipe %s'), ('USER', 'karthik'), ('LC_TIME', 'de_DE.UTF-8'), ('XDG_SESSION_TYPE', 'x11'), ('GIT_ASKPASS', '/usr/share/antigravity/resources/app/extensions/git/dist/askpass.sh'), ('SHLVL', '1'), ('LD_LIBRARY_PATH', '/opt/ros/humble/opt/rviz_ogre_vendor/lib:/opt/ros/humble/lib/x86_64-linux-gnu:/opt/ros/humble/lib'), ('ANTIGRAVITY_CLI_ALIAS', 'agy'), ('HOME', '/home/karthik'), ('CHROME_DESKTOP', 'antigravity.desktop'), ('OLDPWD', '/home/karthik/dds_ros2/flirCAMERA/flir_camera_driver/spinnaker_camera_driver'), ('TERM_PROGRAM_VERSION', '1.104.0'), ('DESKTOP_SESSION', 'ubuntu'), ('GIO_LAUNCHED_DESKTOP_FILE', '/usr/share/applications/antigravity.desktop'), ('ROS_PYTHON_VERSION', '3'), ('GNOME_SHELL_SESSION_MODE', 'ubuntu'), ('GTK_MODULES', 'gail:atk-bridge'), ('VSCODE_GIT_ASKPASS_MAIN', '/usr/share/antigravity/resources/app/extensions/git/dist/askpass-main.js'), ('LC_MONETARY', 'de_DE.UTF-8'), ('VSCODE_GIT_ASKPASS_NODE', '/usr/share/antigravity/antigravity'), ('MANAGERPID', '608275'), ('PYDEVD_DISABLE_FILE_VALIDATION', '1'), ('SYSTEMD_EXEC_PID', '608538'), ('BUNDLED_DEBUGPY_PATH', '/home/karthik/.antigravity/extensions/ms-python.debugpy-2025.18.0-linux-x64/bundled/libs/debugpy'), ('VSCODE_PYTHON_AUTOACTIVATE_GUARD', '1'), ('DBUS_SESSION_BUS_ADDRESS', 'unix:path=/run/user/1000/bus'), ('COLORTERM', 'truecolor'), ('GIO_LAUNCHED_DESKTOP_FILE_PID', '754264'), ('COLCON_PREFIX_PATH', '/home/karthik/dds_ros2/flirCAMERA/install:/home/karthik/dds_ros2/flirCAMERA/ros2_ws/install'), ('ROS_DISTRO', 'humble'), ('GTK_IM_MODULE', 'ibus'), ('LOGNAME', 'karthik'), ('JOURNAL_STREAM', '8:1340131'), ('_', '/usr/bin/colcon'), ('ROS_VERSION', '2'), ('XDG_SESSION_CLASS', 'user'), ('USERNAME', 'karthik'), ('TERM', 'xterm-256color'), ('GNOME_DESKTOP_SESSION_ID', 'this-is-deprecated'), ('ROS_LOCALHOST_ONLY', '0'), ('WINDOWPATH', '2'), ('PATH', '/opt/ros/humble/bin:/home/karthik/.local/bin:/home/karthik/.local/bin:/opt/spinnaker/bin:/usr/local/sbin:/usr/local/bin:/usr/sbin:/usr/bin:/sbin:/bin:/usr/games:/usr/local/games:/snap/bin:/snap/bin:/home/karthik/.antigravity/extensions/ms-python.debugpy-2025.18.0-linux-x64/bundled/scripts/noConfigScripts'), ('SESSION_MANAGER', 'local/Karthik:@/tmp/.ICE-unix/608511,unix/Karthik:/tmp/.ICE-unix/608511'), ('INVOCATION_ID', '894042b988b442c3b837af9d42158c44'), ('XDG_MENU_PREFIX', 'gnome-'), ('LC_ADDRESS', 'de_DE.UTF-8'), ('XDG_RUNTIME_DIR', '/run/user/1000'), ('GDK_BACKEND', 'x11'), ('SPINNAKER_GENTL64_CTI', '/opt/spinnaker/lib/spinnaker-gentl/Spinnaker_GenTL.cti'), ('DISPLAY', ':1'), ('VSCODE_DEBUGPY_ADAPTER_ENDPOINTS', '/home/karthik/.antigravity/extensions/ms-python.debugpy-2025.18.0-linux-x64/.noConfigDebugAdapterEndpoints/endpoint-f3ee66c29dd09338.txt'), ('LANG', 'en_US.UTF-8'), ('XDG_CURRENT_DESKTOP', 'Unity'), ('PYTHONSTARTUP', '/home/karthik/.config/Antigravity/User/workspaceStorage/d88c120b86d835b02216619077cb693b/ms-python.python/pythonrc.py'), ('LC_TELEPHONE', 'de_DE.UTF-8'), ('XMODIFIERS', '@im=ibus'), ('XDG_SESSION_DESKTOP', 'ubuntu'), ('XAUTHORITY', '/run/user/1000/gdm/Xauthority'), ('LS_COLORS', 'rs=0:di=01;34:ln=01;36:mh=00:pi=40;33:so=01;35:do=01;35:bd=40;33;01:cd=40;33;01:or=40;31;01:mi=00:su=37;41:sg=30;43:ca=30;41:tw=30;42:ow=34;42:st=37;44:ex=01;32:*.tar=01;31:*.tgz=01;31:*.arc=01;31:*.arj=01;31:*.taz=01;31:*.lha=01;31:*.lz4=01;31:*.lzh=01;31:*.lzma=01;31:*.tlz=01;31:*.txz=01;31:*.tzo=01;31:*.t7z=01;31:*.zip=01;31:*.z=01;31:*.dz=01;31:*.gz=01;31:*.lrz=01;31:*.lz=01;31:*.lzo=01;31:*.xz=01;31:*.zst=01;31:*.tzst=01;31:*.bz2=01;31:*.bz=01;31:*.tbz=01;31:*.tbz2=01;31:*.tz=01;31:*.deb=01;31:*.rpm=01;31:*.jar=01;31:*.war=01;31:*.ear=01;31:*.sar=01;31:*.rar=01;31:*.alz=01;31:*.ace=01;31:*.zoo=01;31:*.cpio=01;31:*.7z=01;31:*.rz=01;31:*.cab=01;31:*.wim=01;31:*.swm=01;31:*.dwm=01;31:*.esd=01;31:*.jpg=01;35:*.jpeg=01;35:*.mjpg=01;35:*.mjpeg=01;35:*.gif=01;35:*.bmp=01;35:*.pbm=01;35:*.pgm=01;35:*.ppm=01;35:*.tga=01;35:*.xbm=01;35:*.xpm=01;35:*.tif=01;35:*.tiff=01;35:*.png=01;35:*.svg=01;35:*.svgz=01;35:*.mng=01;35:*.pcx=01;35:*.mov=01;35:*.mpg=01;35:*.mpeg=01;35:*.m2v=01;35:*.mkv=01;35:*.webm=01;35:*.webp=01;35:*.ogm=01;35:*.mp4=01;35:*.m4v=01;35:*.mp4v=01;35:*.vob=01;35:*.qt=01;35:*.nuv=01;35:*.wmv=01;35:*.asf=01;35:*.rm=01;35:*.rmvb=01;35:*.flc=01;35:*.avi=01;35:*.fli=01;35:*.flv=01;35:*.gl=01;35:*.dl=01;35:*.xcf=01;35:*.xwd=01;35:*.yuv=01;35:*.cgm=01;35:*.emf=01;35:*.ogv=01;35:*.ogx=01;35:*.aac=00;36:*.au=00;36:*.flac=00;36:*.m4a=00;36:*.mid=00;36:*.midi=00;36:*.mka=00;36:*.mp3=00;36:*.mpc=00;36:*.ogg=00;36:*.ra=00;36:*.wav=00;36:*.oga=00;36:*.opus=00;36:*.spx=00;36:*.xspf=00;36:'), ('VSCODE_GIT_IPC_HANDLE', '/run/user/1000/vscode-git-305ff7234e.sock'), ('TERM_PROGRAM', 'vscode'), ('SSH_AGENT_LAUNCHER', 'gnome-keyring'), ('SSH_AUTH_SOCK', '/run/user/1000/keyring/ssh'), ('AMENT_PREFIX_PATH', '/opt/ros/humble'), ('ORIGINAL_XDG_CURRENT_DESKTOP', 'ubuntu:GNOME'), ('SHELL', '/bin/bash'), ('LC_NAME', 'de_DE.UTF-8'), ('QT_ACCESSIBILITY', '1'), ('GDMSESSION', 'ubuntu'), ('LESSCLOSE', '/usr/bin/lesspipe %s %s'), ('LC_MEASUREMENT', 'de_DE.UTF-8'), ('GPG_AGENT_INFO', '/run/user/1000/gnupg/S.gpg-agent:0:1'), ('GJS_DEBUG_OUTPUT', 'stderr'), ('LC_IDENTIFICATION', 'de_DE.UTF-8'), ('VSCODE_GIT_ASKPASS_EXTRA_ARGS', ''), ('QT_IM_MODULE', 'ibus'), ('PWD', '/home/karthik/dds_ros2/flirCAMERA/flir_camera_driver/build/flir_camera_msgs'), ('LC_ALL', 'en_US.UTF-8'), ('XDG_CONFIG_DIRS', '/etc/xdg/xdg-ubuntu:/etc/xdg'), ('XDG_DATA_DIRS', '/usr/share/ubuntu:/usr/share/gnome:/usr/local/share/:/usr/share/:/var/lib/snapd/desktop'), ('PYTHONPATH', '/opt/ros/humble/lib/python3.10/site-packages:/opt/ros/humble/local/lib/python3.10/dist-packages'), ('LC_NUMERIC', 'de_DE.UTF-8'), ('LC_PAPER', 'de_DE.UTF-8'), ('COLCON', '1'), ('GENICAM_GENTL64_PATH', '/opt/spinnaker/lib/spinnaker-gentl'), ('CMAKE_PREFIX_PATH', '/opt/ros/humble')]), 'shell': False}
[1.611147] (flir_camera_msgs) StdoutLine: {'line': b'-- Install configuration: ""\n'}
[1.611467] (flir_camera_msgs) StdoutLine: {'line': b'-- Execute custom install script\n'}
[1.611595] (flir_camera_msgs) StdoutLine: {'line': b'-- Symlinking: /home/karthik/dds_ros2/flirCAMERA/flir_camera_driver/install/flir_camera_msgs/share/ament_index/resource_index/rosidl_interfaces/flir_camera_msgs\n'}
[1.616895] (flir_camera_msgs) StdoutLine: {'line': b'-- Symlinking: /home/karthik/dds_ros2/flirCAMERA/flir_camera_driver/install/flir_camera_msgs/include/flir_camera_msgs/flir_camera_msgs/msg/camera_control.h\n'}
[1.620879] (flir_camera_msgs) StdoutLine: {'line': b'-- Symlinking: /home/karthik/dds_ros2/flirCAMERA/flir_camera_driver/install/flir_camera_msgs/include/flir_camera_msgs/flir_camera_msgs/msg/detail/camera_control__functions.h\n'}
[1.624826] (flir_camera_msgs) StdoutLine: {'line': b'-- Symlinking: /home/karthik/dds_ros2/flirCAMERA/flir_camera_driver/install/flir_camera_msgs/include/flir_camera_msgs/flir_camera_msgs/msg/detail/camera_control__struct.h\n'}
[1.628586] (flir_camera_msgs) StdoutLine: {'line': b'-- Symlinking: /home/karthik/dds_ros2/flirCAMERA/flir_camera_driver/install/flir_camera_msgs/include/flir_camera_msgs/flir_camera_msgs/msg/detail/camera_control__type_support.h\n'}
[1.632522] (flir_camera_msgs) StdoutLine: {'line': b'-- Symlinking: /home/karthik/dds_ros2/flirCAMERA/flir_camera_driver/install/flir_camera_msgs/include/flir_camera_msgs/flir_camera_msgs/msg/detail/image_meta_data__functions.h\n'}
[1.636431] (flir_camera_msgs) StdoutLine: {'line': b'-- Symlinking: /home/karthik/dds_ros2/flirCAMERA/flir_camera_driver/install/flir_camera_msgs/include/flir_camera_msgs/flir_camera_msgs/msg/detail/image_meta_data__struct.h\n'}
[1.639802] (flir_camera_msgs) StdoutLine: {'line': b'-- Symlinking: /home/karthik/dds_ros2/flirCAMERA/flir_camera_driver/install/flir_camera_msgs/include/flir_camera_msgs/flir_camera_msgs/msg/detail/image_meta_data__type_support.h\n'}
[1.643733] (flir_camera_msgs) StdoutLine: {'line': b'-- Symlinking: /home/karthik/dds_ros2/flirCAMERA/flir_camera_driver/install/flir_camera_msgs/include/flir_camera_msgs/flir_camera_msgs/msg/image_meta_data.h\n'}
[1.648056] (flir_camera_msgs) StdoutLine: {'line': b'-- Symlinking: /home/karthik/dds_ros2/flirCAMERA/flir_camera_driver/install/flir_camera_msgs/include/flir_camera_msgs/flir_camera_msgs/msg/rosidl_generator_c__visibility_control.h\n'}
[1.652890] (flir_camera_msgs) StdoutLine: {'line': b'-- Symlinking: /home/karthik/dds_ros2/flirCAMERA/flir_camera_driver/install/flir_camera_msgs/share/flir_camera_msgs/environment/library_path.sh\n'}
[1.656961] (flir_camera_msgs) StdoutLine: {'line': b'-- Symlinking: /home/karthik/dds_ros2/flirCAMERA/flir_camera_driver/install/flir_camera_msgs/share/flir_camera_msgs/environment/library_path.dsv\n'}
[1.660728] (flir_camera_msgs) StdoutLine: {'line': b'-- Symlinking: /home/karthik/dds_ros2/flirCAMERA/flir_camera_driver/install/flir_camera_msgs/include/flir_camera_msgs/flir_camera_msgs/msg/detail/camera_control__rosidl_typesupport_fastrtps_c.h\n'}
[1.665378] (flir_camera_msgs) StdoutLine: {'line': b'-- Symlinking: /home/karthik/dds_ros2/flirCAMERA/flir_camera_driver/install/flir_camera_msgs/include/flir_camera_msgs/flir_camera_msgs/msg/detail/image_meta_data__rosidl_typesupport_fastrtps_c.h\n'}
[1.669201] (flir_camera_msgs) StdoutLine: {'line': b'-- Symlinking: /home/karthik/dds_ros2/flirCAMERA/flir_camera_driver/install/flir_camera_msgs/include/flir_camera_msgs/flir_camera_msgs/msg/rosidl_typesupport_fastrtps_c__visibility_control.h\n'}
[1.673661] (flir_camera_msgs) StdoutLine: {'line': b'-- Symlinking: /home/karthik/dds_ros2/flirCAMERA/flir_camera_driver/install/flir_camera_msgs/include/flir_camera_msgs/flir_camera_msgs/msg/camera_control.hpp\n'}
[1.678280] (flir_camera_msgs) StdoutLine: {'line': b'-- Symlinking: /home/karthik/dds_ros2/flirCAMERA/flir_camera_driver/install/flir_camera_msgs/include/flir_camera_msgs/flir_camera_msgs/msg/detail/camera_control__builder.hpp\n'}
[1.682355] (flir_camera_msgs) StdoutLine: {'line': b'-- Symlinking: /home/karthik/dds_ros2/flirCAMERA/flir_camera_driver/install/flir_camera_msgs/include/flir_camera_msgs/flir_camera_msgs/msg/detail/camera_control__struct.hpp\n'}
[1.686400] (flir_camera_msgs) StdoutLine: {'line': b'-- Symlinking: /home/karthik/dds_ros2/flirCAMERA/flir_camera_driver/install/flir_camera_msgs/include/flir_camera_msgs/flir_camera_msgs/msg/detail/camera_control__traits.hpp\n'}
[1.690763] (flir_camera_msgs) StdoutLine: {'line': b'-- Symlinking: /home/karthik/dds_ros2/flirCAMERA/flir_camera_driver/install/flir_camera_msgs/include/flir_camera_msgs/flir_camera_msgs/msg/detail/camera_control__type_support.hpp\n'}
[1.694266] (flir_camera_msgs) StdoutLine: {'line': b'-- Symlinking: /home/karthik/dds_ros2/flirCAMERA/flir_camera_driver/install/flir_camera_msgs/include/flir_camera_msgs/flir_camera_msgs/msg/detail/image_meta_data__builder.hpp\n'}
[1.698476] (flir_camera_msgs) StdoutLine: {'line': b'-- Symlinking: /home/karthik/dds_ros2/flirCAMERA/flir_camera_driver/install/flir_camera_msgs/include/flir_camera_msgs/flir_camera_msgs/msg/detail/image_meta_data__struct.hpp\n'}
[1.701119] (-) TimerEvent: {}
[1.702836] (flir_camera_msgs) StdoutLine: {'line': b'-- Symlinking: /home/karthik/dds_ros2/flirCAMERA/flir_camera_driver/install/flir_camera_msgs/include/flir_camera_msgs/flir_camera_msgs/msg/detail/image_meta_data__traits.hpp\n'}
[1.706723] (flir_camera_msgs) StdoutLine: {'line': b'-- Symlinking: /home/karthik/dds_ros2/flirCAMERA/flir_camera_driver/install/flir_camera_msgs/include/flir_camera_msgs/flir_camera_msgs/msg/detail/image_meta_data__type_support.hpp\n'}
[1.710764] (flir_camera_msgs) StdoutLine: {'line': b'-- Symlinking: /home/karthik/dds_ros2/flirCAMERA/flir_camera_driver/install/flir_camera_msgs/include/flir_camera_msgs/flir_camera_msgs/msg/image_meta_data.hpp\n'}
[1.714628] (flir_camera_msgs) StdoutLine: {'line': b'-- Symlinking: /home/karthik/dds_ros2/flirCAMERA/flir_camera_driver/install/flir_camera_msgs/include/flir_camera_msgs/flir_camera_msgs/msg/rosidl_generator_cpp__visibility_control.hpp\n'}
[1.718955] (flir_camera_msgs) StdoutLine: {'line': b'-- Symlinking: /home/karthik/dds_ros2/flirCAMERA/flir_camera_driver/install/flir_camera_msgs/include/flir_camera_msgs/flir_camera_msgs/msg/detail/camera_control__rosidl_typesupport_fastrtps_cpp.hpp\n'}
[1.722907] (flir_camera_msgs) StdoutLine: {'line': b'-- Symlinking: /home/karthik/dds_ros2/flirCAMERA/flir_camera_driver/install/flir_camera_msgs/include/flir_camera_msgs/flir_camera_msgs/msg/detail/image_meta_data__rosidl_typesupport_fastrtps_cpp.hpp\n'}
[1.726441] (flir_camera_msgs) StdoutLine: {'line': b'-- Symlinking: /home/karthik/dds_ros2/flirCAMERA/flir_camera_driver/install/flir_camera_msgs/include/flir_camera_msgs/flir_camera_msgs/msg/rosidl_typesupport_fastrtps_cpp__visibility_control.h\n'}
[1.731339] (flir_camera_msgs) StdoutLine: {'line': b'-- Symlinking: /home/karthik/dds_ros2/flirCAMERA/flir_camera_driver/install/flir_camera_msgs/include/flir_camera_msgs/flir_camera_msgs/msg/detail/camera_control__rosidl_typesupport_introspection_c.h\n'}
[1.735435] (flir_camera_msgs) StdoutLine: {'line': b'-- Symlinking: /home/karthik/dds_ros2/flirCAMERA/flir_camera_driver/install/flir_camera_msgs/include/flir_camera_msgs/flir_camera_msgs/msg/detail/image_meta_data__rosidl_typesupport_introspection_c.h\n'}
[1.739454] (flir_camera_msgs) StdoutLine: {'line': b'-- Symlinking: /home/karthik/dds_ros2/flirCAMERA/flir_camera_driver/install/flir_camera_msgs/include/flir_camera_msgs/flir_camera_msgs/msg/rosidl_typesupport_introspection_c__visibility_control.h\n'}
[1.743331] (flir_camera_msgs) StdoutLine: {'line': b'-- Symlinking: /home/karthik/dds_ros2/flirCAMERA/flir_camera_driver/install/flir_camera_msgs/include/flir_camera_msgs/flir_camera_msgs/msg/detail/camera_control__rosidl_typesupport_introspection_cpp.hpp\n'}
[1.747532] (flir_camera_msgs) StdoutLine: {'line': b'-- Symlinking: /home/karthik/dds_ros2/flirCAMERA/flir_camera_driver/install/flir_camera_msgs/include/flir_camera_msgs/flir_camera_msgs/msg/detail/image_meta_data__rosidl_typesupport_introspection_cpp.hpp\n'}
[1.751167] (flir_camera_msgs) StdoutLine: {'line': b'-- Symlinking: /home/karthik/dds_ros2/flirCAMERA/flir_camera_driver/install/flir_camera_msgs/share/flir_camera_msgs/environment/pythonpath.sh\n'}
[1.755560] (flir_camera_msgs) StdoutLine: {'line': b'-- Symlinking: /home/karthik/dds_ros2/flirCAMERA/flir_camera_driver/install/flir_camera_msgs/share/flir_camera_msgs/environment/pythonpath.dsv\n'}
[1.760024] (flir_camera_msgs) StdoutLine: {'line': b'-- Symlinking: /home/karthik/dds_ros2/flirCAMERA/flir_camera_driver/install/flir_camera_msgs/local/lib/python3.10/dist-packages/flir_camera_msgs-2.0.8-py3.10.egg-info/PKG-INFO\n'}
[1.763973] (flir_camera_msgs) StdoutLine: {'line': b'-- Symlinking: /home/karthik/dds_ros2/flirCAMERA/flir_camera_driver/install/flir_camera_msgs/local/lib/python3.10/dist-packages/flir_camera_msgs-2.0.8-py3.10.egg-info/SOURCES.txt\n'}
[1.767543] (flir_camera_msgs) StdoutLine: {'line': b'-- Symlinking: /home/karthik/dds_ros2/flirCAMERA/flir_camera_driver/install/flir_camera_msgs/local/lib/python3.10/dist-packages/flir_camera_msgs-2.0.8-py3.10.egg-info/dependency_links.txt\n'}
[1.771538] (flir_camera_msgs) StdoutLine: {'line': b'-- Symlinking: /home/karthik/dds_ros2/flirCAMERA/flir_camera_driver/install/flir_camera_msgs/local/lib/python3.10/dist-packages/flir_camera_msgs-2.0.8-py3.10.egg-info/top_level.txt\n'}
[1.776832] (flir_camera_msgs) StdoutLine: {'line': b'-- Symlinking: /home/karthik/dds_ros2/flirCAMERA/flir_camera_driver/install/flir_camera_msgs/local/lib/python3.10/dist-packages/flir_camera_msgs/__init__.py\n'}
[1.780964] (flir_camera_msgs) StdoutLine: {'line': b'-- Symlinking: /home/karthik/dds_ros2/flirCAMERA/flir_camera_driver/install/flir_camera_msgs/local/lib/python3.10/dist-packages/flir_camera_msgs/_flir_camera_msgs_s.ep.rosidl_typesupport_c.c\n'}
[1.784882] (flir_camera_msgs) StdoutLine: {'line': b'-- Symlinking: /home/karthik/dds_ros2/flirCAMERA/flir_camera_driver/install/flir_camera_msgs/local/lib/python3.10/dist-packages/flir_camera_msgs/_flir_camera_msgs_s.ep.rosidl_typesupport_fastrtps_c.c\n'}
[1.788607] (flir_camera_msgs) StdoutLine: {'line': b'-- Symlinking: /home/karthik/dds_ros2/flirCAMERA/flir_camera_driver/install/flir_camera_msgs/local/lib/python3.10/dist-packages/flir_camera_msgs/_flir_camera_msgs_s.ep.rosidl_typesupport_introspection_c.c\n'}
[1.792994] (flir_camera_msgs) StdoutLine: {'line': b'-- Symlinking: /home/karthik/dds_ros2/flirCAMERA/flir_camera_driver/install/flir_camera_msgs/local/lib/python3.10/dist-packages/flir_camera_msgs/flir_camera_msgs_s__rosidl_typesupport_c.cpython-310-x86_64-linux-gnu.so\n'}
[1.796670] (flir_camera_msgs) StdoutLine: {'line': b'-- Symlinking: /home/karthik/dds_ros2/flirCAMERA/flir_camera_driver/install/flir_camera_msgs/local/lib/python3.10/dist-packages/flir_camera_msgs/flir_camera_msgs_s__rosidl_typesupport_fastrtps_c.cpython-310-x86_64-linux-gnu.so\n'}
[1.800438] (flir_camera_msgs) StdoutLine: {'line': b'-- Symlinking: /home/karthik/dds_ros2/flirCAMERA/flir_camera_driver/install/flir_camera_msgs/local/lib/python3.10/dist-packages/flir_camera_msgs/flir_camera_msgs_s__rosidl_typesupport_introspection_c.cpython-310-x86_64-linux-gnu.so\n'}
[1.801181] (-) TimerEvent: {}
[1.804229] (flir_camera_msgs) StdoutLine: {'line': b'-- Symlinking: /home/karthik/dds_ros2/flirCAMERA/flir_camera_driver/install/flir_camera_msgs/local/lib/python3.10/dist-packages/flir_camera_msgs/libflir_camera_msgs__rosidl_generator_py.so\n'}
[1.808150] (flir_camera_msgs) StdoutLine: {'line': b'-- Symlinking: /home/karthik/dds_ros2/flirCAMERA/flir_camera_driver/install/flir_camera_msgs/local/lib/python3.10/dist-packages/flir_camera_msgs/msg/__init__.py\n'}
[1.812752] (flir_camera_msgs) StdoutLine: {'line': b'-- Symlinking: /home/karthik/dds_ros2/flirCAMERA/flir_camera_driver/install/flir_camera_msgs/local/lib/python3.10/dist-packages/flir_camera_msgs/msg/_camera_control.py\n'}
[1.817063] (flir_camera_msgs) StdoutLine: {'line': b'-- Symlinking: /home/karthik/dds_ros2/flirCAMERA/flir_camera_driver/install/flir_camera_msgs/local/lib/python3.10/dist-packages/flir_camera_msgs/msg/_camera_control_s.c\n'}
[1.822319] (flir_camera_msgs) StdoutLine: {'line': b'-- Symlinking: /home/karthik/dds_ros2/flirCAMERA/flir_camera_driver/install/flir_camera_msgs/local/lib/python3.10/dist-packages/flir_camera_msgs/msg/_image_meta_data.py\n'}
[1.826750] (flir_camera_msgs) StdoutLine: {'line': b'-- Symlinking: /home/karthik/dds_ros2/flirCAMERA/flir_camera_driver/install/flir_camera_msgs/local/lib/python3.10/dist-packages/flir_camera_msgs/msg/_image_meta_data_s.c\n'}
[1.830442] (flir_camera_msgs) StdoutLine: {'line': b'-- Up-to-date symlink: /home/karthik/dds_ros2/flirCAMERA/flir_camera_driver/install/flir_camera_msgs/local/lib/python3.10/dist-packages/flir_camera_msgs/flir_camera_msgs_s__rosidl_typesupport_fastrtps_c.cpython-310-x86_64-linux-gnu.so\n'}
[1.830577] (flir_camera_msgs) StdoutLine: {'line': b'-- Up-to-date symlink: /home/karthik/dds_ros2/flirCAMERA/flir_camera_driver/install/flir_camera_msgs/local/lib/python3.10/dist-packages/flir_camera_msgs/flir_camera_msgs_s__rosidl_typesupport_introspection_c.cpython-310-x86_64-linux-gnu.so\n'}
[1.830737] (flir_camera_msgs) StdoutLine: {'line': b'-- Up-to-date symlink: /home/karthik/dds_ros2/flirCAMERA/flir_camera_driver/install/flir_camera_msgs/local/lib/python3.10/dist-packages/flir_camera_msgs/flir_camera_msgs_s__rosidl_typesupport_c.cpython-310-x86_64-linux-gnu.so\n'}
[1.830838] (flir_camera_msgs) StdoutLine: {'line': b'-- Symlinking: /home/karthik/dds_ros2/flirCAMERA/flir_camera_driver/install/flir_camera_msgs/share/flir_camera_msgs/msg/ImageMetaData.idl\n'}
[1.835360] (flir_camera_msgs) StdoutLine: {'line': b'-- Symlinking: /home/karthik/dds_ros2/flirCAMERA/flir_camera_driver/install/flir_camera_msgs/share/flir_camera_msgs/msg/CameraControl.idl\n'}
[1.839412] (flir_camera_msgs) StdoutLine: {'line': b'-- Symlinking: /home/karthik/dds_ros2/flirCAMERA/flir_camera_driver/install/flir_camera_msgs/share/flir_camera_msgs/msg/ImageMetaData.msg\n'}
[1.843378] (flir_camera_msgs) StdoutLine: {'line': b'-- Symlinking: /home/karthik/dds_ros2/flirCAMERA/flir_camera_driver/install/flir_camera_msgs/share/flir_camera_msgs/msg/CameraControl.msg\n'}
[1.847543] (flir_camera_msgs) StdoutLine: {'line': b'-- Symlinking: /home/karthik/dds_ros2/flirCAMERA/flir_camera_driver/install/flir_camera_msgs/share/ament_index/resource_index/package_run_dependencies/flir_camera_msgs\n'}
[1.851617] (flir_camera_msgs) StdoutLine: {'line': b'-- Symlinking: /home/karthik/dds_ros2/flirCAMERA/flir_camera_driver/install/flir_camera_msgs/share/ament_index/resource_index/parent_prefix_path/flir_camera_msgs\n'}
[1.855735] (flir_camera_msgs) StdoutLine: {'line': b'-- Symlinking: /home/karthik/dds_ros2/flirCAMERA/flir_camera_driver/install/flir_camera_msgs/share/flir_camera_msgs/environment/ament_prefix_path.sh\n'}
[1.860379] (flir_camera_msgs) StdoutLine: {'line': b'-- Symlinking: /home/karthik/dds_ros2/flirCAMERA/flir_camera_driver/install/flir_camera_msgs/share/flir_camera_msgs/environment/ament_prefix_path.dsv\n'}
[1.864041] (flir_camera_msgs) StdoutLine: {'line': b'-- Symlinking: /home/karthik/dds_ros2/flirCAMERA/flir_camera_driver/install/flir_camera_msgs/share/flir_camera_msgs/environment/path.sh\n'}
[1.867953] (flir_camera_msgs) StdoutLine: {'line': b'-- Symlinking: /home/karthik/dds_ros2/flirCAMERA/flir_camera_driver/install/flir_camera_msgs/share/flir_camera_msgs/environment/path.dsv\n'}
[1.871756] (flir_camera_msgs) StdoutLine: {'line': b'-- Symlinking: /home/karthik/dds_ros2/flirCAMERA/flir_camera_driver/install/flir_camera_msgs/share/flir_camera_msgs/local_setup.bash\n'}
[1.876496] (flir_camera_msgs) StdoutLine: {'line': b'-- Symlinking: /home/karthik/dds_ros2/flirCAMERA/flir_camera_driver/install/flir_camera_msgs/share/flir_camera_msgs/local_setup.sh\n'}
[1.880797] (flir_camera_msgs) StdoutLine: {'line': b'-- Symlinking: /home/karthik/dds_ros2/flirCAMERA/flir_camera_driver/install/flir_camera_msgs/share/flir_camera_msgs/local_setup.zsh\n'}
[1.885622] (flir_camera_msgs) StdoutLine: {'line': b'-- Symlinking: /home/karthik/dds_ros2/flirCAMERA/flir_camera_driver/install/flir_camera_msgs/share/flir_camera_msgs/local_setup.dsv\n'}
[1.889829] (flir_camera_msgs) StdoutLine: {'line': b'-- Symlinking: /home/karthik/dds_ros2/flirCAMERA/flir_camera_driver/install/flir_camera_msgs/share/flir_camera_msgs/package.dsv\n'}
[1.893715] (flir_camera_msgs) StdoutLine: {'line': b'-- Symlinking: /home/karthik/dds_ros2/flirCAMERA/flir_camera_driver/install/flir_camera_msgs/share/ament_index/resource_index/packages/flir_camera_msgs\n'}
[1.897747] (flir_camera_msgs) StdoutLine: {'line': b'-- Symlinking: /home/karthik/dds_ros2/flirCAMERA/flir_camera_driver/install/flir_camera_msgs/share/flir_camera_msgs/cmake/rosidl_cmake-extras.cmake\n'}
[1.901266] (-) TimerEvent: {}
[1.902738] (flir_camera_msgs) StdoutLine: {'line': b'-- Symlinking: /home/karthik/dds_ros2/flirCAMERA/flir_camera_driver/install/flir_camera_msgs/share/flir_camera_msgs/cmake/ament_cmake_export_dependencies-extras.cmake\n'}
[1.906728] (flir_camera_msgs) StdoutLine: {'line': b'-- Symlinking: /home/karthik/dds_ros2/flirCAMERA/flir_camera_driver/install/flir_camera_msgs/share/flir_camera_msgs/cmake/ament_cmake_export_include_directories-extras.cmake\n'}
[1.910886] (flir_camera_msgs) StdoutLine: {'line': b'-- Symlinking: /home/karthik/dds_ros2/flirCAMERA/flir_camera_driver/install/flir_camera_msgs/share/flir_camera_msgs/cmake/ament_cmake_export_libraries-extras.cmake\n'}
[1.915978] (flir_camera_msgs) StdoutLine: {'line': b'-- Symlinking: /home/karthik/dds_ros2/flirCAMERA/flir_camera_driver/install/flir_camera_msgs/share/flir_camera_msgs/cmake/ament_cmake_export_targets-extras.cmake\n'}
[1.919816] (flir_camera_msgs) StdoutLine: {'line': b'-- Symlinking: /home/karthik/dds_ros2/flirCAMERA/flir_camera_driver/install/flir_camera_msgs/share/flir_camera_msgs/cmake/rosidl_cmake_export_typesupport_targets-extras.cmake\n'}
[1.924856] (flir_camera_msgs) StdoutLine: {'line': b'-- Symlinking: /home/karthik/dds_ros2/flirCAMERA/flir_camera_driver/install/flir_camera_msgs/share/flir_camera_msgs/cmake/rosidl_cmake_export_typesupport_libraries-extras.cmake\n'}
[1.928007] (flir_camera_msgs) StdoutLine: {'line': b'-- Symlinking: /home/karthik/dds_ros2/flirCAMERA/flir_camera_driver/install/flir_camera_msgs/share/flir_camera_msgs/cmake/flir_camera_msgsConfig.cmake\n'}
[1.932995] (flir_camera_msgs) StdoutLine: {'line': b'-- Symlinking: /home/karthik/dds_ros2/flirCAMERA/flir_camera_driver/install/flir_camera_msgs/share/flir_camera_msgs/cmake/flir_camera_msgsConfig-version.cmake\n'}
[1.937109] (flir_camera_msgs) StdoutLine: {'line': b'-- Symlinking: /home/karthik/dds_ros2/flirCAMERA/flir_camera_driver/install/flir_camera_msgs/share/flir_camera_msgs/package.xml\n'}
[1.941548] (flir_camera_msgs) StdoutLine: {'line': b'-- Installing: /home/karthik/dds_ros2/flirCAMERA/flir_camera_driver/install/flir_camera_msgs/lib/libflir_camera_msgs__rosidl_generator_c.so\n'}
[1.941658] (flir_camera_msgs) StdoutLine: {'line': b'-- Set runtime path of "/home/karthik/dds_ros2/flirCAMERA/flir_camera_driver/install/flir_camera_msgs/lib/libflir_camera_msgs__rosidl_generator_c.so" to ""\n'}
[1.941706] (flir_camera_msgs) StdoutLine: {'line': b'-- Installing: /home/karthik/dds_ros2/flirCAMERA/flir_camera_driver/install/flir_camera_msgs/lib/libflir_camera_msgs__rosidl_typesupport_fastrtps_c.so\n'}
[1.942002] (flir_camera_msgs) StdoutLine: {'line': b'-- Set runtime path of "/home/karthik/dds_ros2/flirCAMERA/flir_camera_driver/install/flir_camera_msgs/lib/libflir_camera_msgs__rosidl_typesupport_fastrtps_c.so" to ""\n'}
[1.942102] (flir_camera_msgs) StdoutLine: {'line': b'-- Installing: /home/karthik/dds_ros2/flirCAMERA/flir_camera_driver/install/flir_camera_msgs/lib/libflir_camera_msgs__rosidl_typesupport_fastrtps_cpp.so\n'}
[1.942154] (flir_camera_msgs) StdoutLine: {'line': b'-- Set runtime path of "/home/karthik/dds_ros2/flirCAMERA/flir_camera_driver/install/flir_camera_msgs/lib/libflir_camera_msgs__rosidl_typesupport_fastrtps_cpp.so" to ""\n'}
[1.942259] (flir_camera_msgs) StdoutLine: {'line': b'-- Installing: /home/karthik/dds_ros2/flirCAMERA/flir_camera_driver/install/flir_camera_msgs/lib/libflir_camera_msgs__rosidl_typesupport_introspection_c.so\n'}
[1.942296] (flir_camera_msgs) StdoutLine: {'line': b'-- Set runtime path of "/home/karthik/dds_ros2/flirCAMERA/flir_camera_driver/install/flir_camera_msgs/lib/libflir_camera_msgs__rosidl_typesupport_introspection_c.so" to ""\n'}
[1.942339] (flir_camera_msgs) StdoutLine: {'line': b'-- Installing: /home/karthik/dds_ros2/flirCAMERA/flir_camera_driver/install/flir_camera_msgs/lib/libflir_camera_msgs__rosidl_typesupport_c.so\n'}
[1.942382] (flir_camera_msgs) StdoutLine: {'line': b'-- Set runtime path of "/home/karthik/dds_ros2/flirCAMERA/flir_camera_driver/install/flir_camera_msgs/lib/libflir_camera_msgs__rosidl_typesupport_c.so" to ""\n'}
[1.942424] (flir_camera_msgs) StdoutLine: {'line': b'-- Installing: /home/karthik/dds_ros2/flirCAMERA/flir_camera_driver/install/flir_camera_msgs/lib/libflir_camera_msgs__rosidl_typesupport_introspection_cpp.so\n'}
[1.942456] (flir_camera_msgs) StdoutLine: {'line': b'-- Set runtime path of "/home/karthik/dds_ros2/flirCAMERA/flir_camera_driver/install/flir_camera_msgs/lib/libflir_camera_msgs__rosidl_typesupport_introspection_cpp.so" to ""\n'}
[1.942499] (flir_camera_msgs) StdoutLine: {'line': b'-- Installing: /home/karthik/dds_ros2/flirCAMERA/flir_camera_driver/install/flir_camera_msgs/lib/libflir_camera_msgs__rosidl_typesupport_cpp.so\n'}
[1.942519] (flir_camera_msgs) StdoutLine: {'line': b'-- Set runtime path of "/home/karthik/dds_ros2/flirCAMERA/flir_camera_driver/install/flir_camera_msgs/lib/libflir_camera_msgs__rosidl_typesupport_cpp.so" to ""\n'}
[1.958071] (flir_camera_msgs) StdoutLine: {'line': b"Listing '/home/karthik/dds_ros2/flirCAMERA/flir_camera_driver/install/flir_camera_msgs/local/lib/python3.10/dist-packages/flir_camera_msgs'...\n"}
[1.958116] (flir_camera_msgs) StdoutLine: {'line': b"Compiling '/home/karthik/dds_ros2/flirCAMERA/flir_camera_driver/install/flir_camera_msgs/local/lib/python3.10/dist-packages/flir_camera_msgs/__init__.py'...\n"}
[1.958137] (flir_camera_msgs) StdoutLine: {'line': b"Listing '/home/karthik/dds_ros2/flirCAMERA/flir_camera_driver/install/flir_camera_msgs/local/lib/python3.10/dist-packages/flir_camera_msgs/msg'...\n"}
[1.958155] (flir_camera_msgs) StdoutLine: {'line': b"Compiling '/home/karthik/dds_ros2/flirCAMERA/flir_camera_driver/install/flir_camera_msgs/local/lib/python3.10/dist-packages/flir_camera_msgs/msg/__init__.py'...\n"}
[1.958172] (flir_camera_msgs) StdoutLine: {'line': b"Compiling '/home/karthik/dds_ros2/flirCAMERA/flir_camera_driver/install/flir_camera_msgs/local/lib/python3.10/dist-packages/flir_camera_msgs/msg/_camera_control.py'...\n"}
[1.958189] (flir_camera_msgs) StdoutLine: {'line': b"Compiling '/home/karthik/dds_ros2/flirCAMERA/flir_camera_driver/install/flir_camera_msgs/local/lib/python3.10/dist-packages/flir_camera_msgs/msg/_image_meta_data.py'...\n"}
[1.962129] (flir_camera_msgs) StdoutLine: {'line': b'-- Installing: /home/karthik/dds_ros2/flirCAMERA/flir_camera_driver/install/flir_camera_msgs/lib/libflir_camera_msgs__rosidl_generator_py.so\n'}
[1.962370] (flir_camera_msgs) StdoutLine: {'line': b'-- Set runtime path of "/home/karthik/dds_ros2/flirCAMERA/flir_camera_driver/install/flir_camera_msgs/lib/libflir_camera_msgs__rosidl_generator_py.so" to ""\n'}
[1.962442] (flir_camera_msgs) StdoutLine: {'line': b'-- Installing: /home/karthik/dds_ros2/flirCAMERA/flir_camera_driver/install/flir_camera_msgs/share/flir_camera_msgs/cmake/export_flir_camera_msgs__rosidl_generator_cExport.cmake\n'}
[1.962512] (flir_camera_msgs) StdoutLine: {'line': b'-- Installing: /home/karthik/dds_ros2/flirCAMERA/flir_camera_driver/install/flir_camera_msgs/share/flir_camera_msgs/cmake/export_flir_camera_msgs__rosidl_generator_cExport-noconfig.cmake\n'}
[1.962590] (flir_camera_msgs) StdoutLine: {'line': b'-- Installing: /home/karthik/dds_ros2/flirCAMERA/flir_camera_driver/install/flir_camera_msgs/share/flir_camera_msgs/cmake/export_flir_camera_msgs__rosidl_typesupport_fastrtps_cExport.cmake\n'}
[1.962662] (flir_camera_msgs) StdoutLine: {'line': b'-- Installing: /home/karthik/dds_ros2/flirCAMERA/flir_camera_driver/install/flir_camera_msgs/share/flir_camera_msgs/cmake/export_flir_camera_msgs__rosidl_typesupport_fastrtps_cExport-noconfig.cmake\n'}
[1.962745] (flir_camera_msgs) StdoutLine: {'line': b'-- Installing: /home/karthik/dds_ros2/flirCAMERA/flir_camera_driver/install/flir_camera_msgs/share/flir_camera_msgs/cmake/export_flir_camera_msgs__rosidl_generator_cppExport.cmake\n'}
[1.962818] (flir_camera_msgs) StdoutLine: {'line': b'-- Installing: /home/karthik/dds_ros2/flirCAMERA/flir_camera_driver/install/flir_camera_msgs/share/flir_camera_msgs/cmake/export_flir_camera_msgs__rosidl_typesupport_fastrtps_cppExport.cmake\n'}
[1.962888] (flir_camera_msgs) StdoutLine: {'line': b'-- Installing: /home/karthik/dds_ros2/flirCAMERA/flir_camera_driver/install/flir_camera_msgs/share/flir_camera_msgs/cmake/export_flir_camera_msgs__rosidl_typesupport_fastrtps_cppExport-noconfig.cmake\n'}
[1.962964] (flir_camera_msgs) StdoutLine: {'line': b'-- Installing: /home/karthik/dds_ros2/flirCAMERA/flir_camera_driver/install/flir_camera_msgs/share/flir_camera_msgs/cmake/flir_camera_msgs__rosidl_typesupport_introspection_cExport.cmake\n'}
[1.963032] (flir_camera_msgs) StdoutLine: {'line': b'-- Installing: /home/karthik/dds_ros2/flirCAMERA/flir_camera_driver/install/flir_camera_msgs/share/flir_camera_msgs/cmake/flir_camera_msgs__rosidl_typesupport_introspection_cExport-noconfig.cmake\n'}
[1.963106] (flir_camera_msgs) StdoutLine: {'line': b'-- Installing: /home/karthik/dds_ros2/flirCAMERA/flir_camera_driver/install/flir_camera_msgs/share/flir_camera_msgs/cmake/flir_camera_msgs__rosidl_typesupport_cExport.cmake\n'}
[1.963174] (flir_camera_msgs) StdoutLine: {'line': b'-- Installing: /home/karthik/dds_ros2/flirCAMERA/flir_camera_driver/install/flir_camera_msgs/share/flir_camera_msgs/cmake/flir_camera_msgs__rosidl_typesupport_cExport-noconfig.cmake\n'}
[1.963250] (flir_camera_msgs) StdoutLine: {'line': b'-- Installing: /home/karthik/dds_ros2/flirCAMERA/flir_camera_driver/install/flir_camera_msgs/share/flir_camera_msgs/cmake/flir_camera_msgs__rosidl_typesupport_introspection_cppExport.cmake\n'}
[1.963297] (flir_camera_msgs) StdoutLine: {'line': b'-- Installing: /home/karthik/dds_ros2/flirCAMERA/flir_camera_driver/install/flir_camera_msgs/share/flir_camera_msgs/cmake/flir_camera_msgs__rosidl_typesupport_introspection_cppExport-noconfig.cmake\n'}
[1.963346] (flir_camera_msgs) StdoutLine: {'line': b'-- Installing: /home/karthik/dds_ros2/flirCAMERA/flir_camera_driver/install/flir_camera_msgs/share/flir_camera_msgs/cmake/flir_camera_msgs__rosidl_typesupport_cppExport.cmake\n'}
[1.963397] (flir_camera_msgs) StdoutLine: {'line': b'-- Installing: /home/karthik/dds_ros2/flirCAMERA/flir_camera_driver/install/flir_camera_msgs/share/flir_camera_msgs/cmake/flir_camera_msgs__rosidl_typesupport_cppExport-noconfig.cmake\n'}
[1.963416] (flir_camera_msgs) StdoutLine: {'line': b'-- Installing: /home/karthik/dds_ros2/flirCAMERA/flir_camera_driver/install/flir_camera_msgs/share/flir_camera_msgs/cmake/export_flir_camera_msgs__rosidl_generator_pyExport.cmake\n'}
[1.963460] (flir_camera_msgs) StdoutLine: {'line': b'-- Installing: /home/karthik/dds_ros2/flirCAMERA/flir_camera_driver/install/flir_camera_msgs/share/flir_camera_msgs/cmake/export_flir_camera_msgs__rosidl_generator_pyExport-noconfig.cmake\n'}
[1.964959] (flir_camera_msgs) CommandEnded: {'returncode': 0}
[1.980746] (flir_camera_msgs) JobEnded: {'identifier': 'flir_camera_msgs', 'rc': 0}
[1.981269] (spinnaker_camera_driver) JobStarted: {'identifier': 'spinnaker_camera_driver'}
[1.986680] (spinnaker_camera_driver) JobProgress: {'identifier': 'spinnaker_camera_driver', 'progress': 'cmake'}
[1.987172] (spinnaker_camera_driver) Command: {'cmd': ['/usr/bin/cmake', '/home/karthik/dds_ros2/flirCAMERA/flir_camera_driver/spinnaker_camera_driver', '-DAMENT_CMAKE_SYMLINK_INSTALL=1', '-DCMAKE_INSTALL_PREFIX=/home/karthik/dds_ros2/flirCAMERA/flir_camera_driver/install/spinnaker_camera_driver'], 'cwd': '/home/karthik/dds_ros2/flirCAMERA/flir_camera_driver/build/spinnaker_camera_driver', 'env': OrderedDict([('GJS_DEBUG_TOPICS', 'JS ERROR;JS LOG'), ('PYTHON_BASIC_REPL', '1'), ('LESSOPEN', '| /usr/bin/lesspipe %s'), ('USER', 'karthik'), ('LC_TIME', 'de_DE.UTF-8'), ('XDG_SESSION_TYPE', 'x11'), ('GIT_ASKPASS', '/usr/share/antigravity/resources/app/extensions/git/dist/askpass.sh'), ('SHLVL', '1'), ('LD_LIBRARY_PATH', '/home/karthik/dds_ros2/flirCAMERA/flir_camera_driver/install/flir_camera_msgs/lib:/opt/ros/humble/opt/rviz_ogre_vendor/lib:/opt/ros/humble/lib/x86_64-linux-gnu:/opt/ros/humble/lib'), ('ANTIGRAVITY_CLI_ALIAS', 'agy'), ('HOME', '/home/karthik'), ('CHROME_DESKTOP', 'antigravity.desktop'), ('OLDPWD', '/home/karthik/dds_ros2/flirCAMERA/flir_camera_driver/spinnaker_camera_driver'), ('TERM_PROGRAM_VERSION', '1.104.0'), ('DESKTOP_SESSION', 'ubuntu'), ('GIO_LAUNCHED_DESKTOP_FILE', '/usr/share/applications/antigravity.desktop'), ('ROS_PYTHON_VERSION', '3'), ('GNOME_SHELL_SESSION_MODE', 'ubuntu'), ('GTK_MODULES', 'gail:atk-bridge'), ('VSCODE_GIT_ASKPASS_MAIN', '/usr/share/antigravity/resources/app/extensions/git/dist/askpass-main.js'), ('LC_MONETARY', 'de_DE.UTF-8'), ('VSCODE_GIT_ASKPASS_NODE', '/usr/share/antigravity/antigravity'), ('MANAGERPID', '608275'), ('PYDEVD_DISABLE_FILE_VALIDATION', '1'), ('SYSTEMD_EXEC_PID', '608538'), ('BUNDLED_DEBUGPY_PATH', '/home/karthik/.antigravity/extensions/ms-python.debugpy-2025.18.0-linux-x64/bundled/libs/debugpy'), ('VSCODE_PYTHON_AUTOACTIVATE_GUARD', '1'), ('DBUS_SESSION_BUS_ADDRESS', 'unix:path=/run/user/1000/bus'), ('COLORTERM', 'truecolor'), ('GIO_LAUNCHED_DESKTOP_FILE_PID', '754264'), ('COLCON_PREFIX_PATH', '/home/karthik/dds_ros2/flirCAMERA/install:/home/karthik/dds_ros2/flirCAMERA/ros2_ws/install'), ('ROS_DISTRO', 'humble'), ('GTK_IM_MODULE', 'ibus'), ('LOGNAME', 'karthik'), ('JOURNAL_STREAM', '8:1340131'), ('_', '/usr/bin/colcon'), ('ROS_VERSION', '2'), ('XDG_SESSION_CLASS', 'user'), ('USERNAME', 'karthik'), ('TERM', 'xterm-256color'), ('GNOME_DESKTOP_SESSION_ID', 'this-is-deprecated'), ('ROS_LOCALHOST_ONLY', '0'), ('WINDOWPATH', '2'), ('PATH', '/opt/ros/humble/bin:/home/karthik/.local/bin:/home/karthik/.local/bin:/opt/spinnaker/bin:/usr/local/sbin:/usr/local/bin:/usr/sbin:/usr/bin:/sbin:/bin:/usr/games:/usr/local/games:/snap/bin:/snap/bin:/home/karthik/.antigravity/extensions/ms-python.debugpy-2025.18.0-linux-x64/bundled/scripts/noConfigScripts'), ('SESSION_MANAGER', 'local/Karthik:@/tmp/.ICE-unix/608511,unix/Karthik:/tmp/.ICE-unix/608511'), ('INVOCATION_ID', '894042b988b442c3b837af9d42158c44'), ('XDG_MENU_PREFIX', 'gnome-'), ('LC_ADDRESS', 'de_DE.UTF-8'), ('XDG_RUNTIME_DIR', '/run/user/1000'), ('GDK_BACKEND', 'x11'), ('SPINNAKER_GENTL64_CTI', '/opt/spinnaker/lib/spinnaker-gentl/Spinnaker_GenTL.cti'), ('DISPLAY', ':1'), ('VSCODE_DEBUGPY_ADAPTER_ENDPOINTS', '/home/karthik/.antigravity/extensions/ms-python.debugpy-2025.18.0-linux-x64/.noConfigDebugAdapterEndpoints/endpoint-f3ee66c29dd09338.txt'), ('LANG', 'en_US.UTF-8'), ('XDG_CURRENT_DESKTOP', 'Unity'), ('PYTHONSTARTUP', '/home/karthik/.config/Antigravity/User/workspaceStorage/d88c120b86d835b02216619077cb693b/ms-python.python/pythonrc.py'), ('LC_TELEPHONE', 'de_DE.UTF-8'), ('XMODIFIERS', '@im=ibus'), ('XDG_SESSION_DESKTOP', 'ubuntu'), ('XAUTHORITY', '/run/user/1000/gdm/Xauthority'), ('LS_COLORS', 'rs=0:di=01;34:ln=01;36:mh=00:pi=40;33:so=01;35:do=01;35:bd=40;33;01:cd=40;33;01:or=40;31;01:mi=00:su=37;41:sg=30;43:ca=30;41:tw=30;42:ow=34;42:st=37;44:ex=01;32:*.tar=01;31:*.tgz=01;31:*.arc=01;31:*.arj=01;31:*.taz=01;31:*.lha=01;31:*.lz4=01;31:*.lzh=01;31:*.lzma=01;31:*.tlz=01;31:*.txz=01;31:*.tzo=01;31:*.t7z=01;31:*.zip=01;31:*.z=01;31:*.dz=01;31:*.gz=01;31:*.lrz=01;31:*.lz=01;31:*.lzo=01;31:*.xz=01;31:*.zst=01;31:*.tzst=01;31:*.bz2=01;31:*.bz=01;31:*.tbz=01;31:*.tbz2=01;31:*.tz=01;31:*.deb=01;31:*.rpm=01;31:*.jar=01;31:*.war=01;31:*.ear=01;31:*.sar=01;31:*.rar=01;31:*.alz=01;31:*.ace=01;31:*.zoo=01;31:*.cpio=01;31:*.7z=01;31:*.rz=01;31:*.cab=01;31:*.wim=01;31:*.swm=01;31:*.dwm=01;31:*.esd=01;31:*.jpg=01;35:*.jpeg=01;35:*.mjpg=01;35:*.mjpeg=01;35:*.gif=01;35:*.bmp=01;35:*.pbm=01;35:*.pgm=01;35:*.ppm=01;35:*.tga=01;35:*.xbm=01;35:*.xpm=01;35:*.tif=01;35:*.tiff=01;35:*.png=01;35:*.svg=01;35:*.svgz=01;35:*.mng=01;35:*.pcx=01;35:*.mov=01;35:*.mpg=01;35:*.mpeg=01;35:*.m2v=01;35:*.mkv=01;35:*.webm=01;35:*.webp=01;35:*.ogm=01;35:*.mp4=01;35:*.m4v=01;35:*.mp4v=01;35:*.vob=01;35:*.qt=01;35:*.nuv=01;35:*.wmv=01;35:*.asf=01;35:*.rm=01;35:*.rmvb=01;35:*.flc=01;35:*.avi=01;35:*.fli=01;35:*.flv=01;35:*.gl=01;35:*.dl=01;35:*.xcf=01;35:*.xwd=01;35:*.yuv=01;35:*.cgm=01;35:*.emf=01;35:*.ogv=01;35:*.ogx=01;35:*.aac=00;36:*.au=00;36:*.flac=00;36:*.m4a=00;36:*.mid=00;36:*.midi=00;36:*.mka=00;36:*.mp3=00;36:*.mpc=00;36:*.ogg=00;36:*.ra=00;36:*.wav=00;36:*.oga=00;36:*.opus=00;36:*.spx=00;36:*.xspf=00;36:'), ('VSCODE_GIT_IPC_HANDLE', '/run/user/1000/vscode-git-305ff7234e.sock'), ('TERM_PROGRAM', 'vscode'), ('SSH_AGENT_LAUNCHER', 'gnome-keyring'), ('SSH_AUTH_SOCK', '/run/user/1000/keyring/ssh'), ('AMENT_PREFIX_PATH', '/home/karthik/dds_ros2/flirCAMERA/flir_camera_driver/install/flir_camera_msgs:/opt/ros/humble'), ('ORIGINAL_XDG_CURRENT_DESKTOP', 'ubuntu:GNOME'), ('SHELL', '/bin/bash'), ('LC_NAME', 'de_DE.UTF-8'), ('QT_ACCESSIBILITY', '1'), ('GDMSESSION', 'ubuntu'), ('LESSCLOSE', '/usr/bin/lesspipe %s %s'), ('LC_MEASUREMENT', 'de_DE.UTF-8'), ('GPG_AGENT_INFO', '/run/user/1000/gnupg/S.gpg-agent:0:1'), ('GJS_DEBUG_OUTPUT', 'stderr'), ('LC_IDENTIFICATION', 'de_DE.UTF-8'), ('VSCODE_GIT_ASKPASS_EXTRA_ARGS', ''), ('QT_IM_MODULE', 'ibus'), ('PWD', '/home/karthik/dds_ros2/flirCAMERA/flir_camera_driver/build/spinnaker_camera_driver'), ('LC_ALL', 'en_US.UTF-8'), ('XDG_CONFIG_DIRS', '/etc/xdg/xdg-ubuntu:/etc/xdg'), ('XDG_DATA_DIRS', '/usr/share/ubuntu:/usr/share/gnome:/usr/local/share/:/usr/share/:/var/lib/snapd/desktop'), ('PYTHONPATH', '/home/karthik/dds_ros2/flirCAMERA/flir_camera_driver/install/flir_camera_msgs/local/lib/python3.10/dist-packages:/opt/ros/humble/lib/python3.10/site-packages:/opt/ros/humble/local/lib/python3.10/dist-packages'), ('LC_NUMERIC', 'de_DE.UTF-8'), ('LC_PAPER', 'de_DE.UTF-8'), ('COLCON', '1'), ('GENICAM_GENTL64_PATH', '/opt/spinnaker/lib/spinnaker-gentl'), ('CMAKE_PREFIX_PATH', '/home/karthik/dds_ros2/flirCAMERA/flir_camera_driver/install/flir_camera_msgs:/opt/ros/humble')]), 'shell': False}
[2.001334] (-) TimerEvent: {}
[2.016929] (spinnaker_camera_driver) StdoutLine: {'line': b'-- The C compiler identification is GNU 11.4.0\n'}
[2.045662] (spinnaker_camera_driver) StdoutLine: {'line': b'-- The CXX compiler identification is GNU 11.4.0\n'}
[2.050038] (spinnaker_camera_driver) StdoutLine: {'line': b'-- Detecting C compiler ABI info\n'}
[2.087617] (spinnaker_camera_driver) StdoutLine: {'line': b'-- Detecting C compiler ABI info - done\n'}
[2.090980] (spinnaker_camera_driver) StdoutLine: {'line': b'-- Check for working C compiler: /usr/bin/cc - skipped\n'}
[2.091117] (spinnaker_camera_driver) StdoutLine: {'line': b'-- Detecting C compile features\n'}
[2.091324] (spinnaker_camera_driver) StdoutLine: {'line': b'-- Detecting C compile features - done\n'}
[2.092744] (spinnaker_camera_driver) StdoutLine: {'line': b'-- Detecting CXX compiler ABI info\n'}
[2.101390] (-) TimerEvent: {}
[2.134780] (spinnaker_camera_driver) StdoutLine: {'line': b'-- Detecting CXX compiler ABI info - done\n'}
[2.138092] (spinnaker_camera_driver) StdoutLine: {'line': b'-- Check for working CXX compiler: /usr/bin/c++ - skipped\n'}
[2.138233] (spinnaker_camera_driver) StdoutLine: {'line': b'-- Detecting CXX compile features\n'}
[2.138456] (spinnaker_camera_driver) StdoutLine: {'line': b'-- Detecting CXX compile features - done\n'}
[2.140085] (spinnaker_camera_driver) StdoutLine: {'line': b'-- Found inc dir: /opt/spinnaker/include\n'}
[2.140174] (spinnaker_camera_driver) StdoutLine: {'line': b'-- Found variable: TRUE at /opt/spinnaker/lib/libSpinnaker.so and /opt/spinnaker/include\n'}
[2.140214] (spinnaker_camera_driver) StdoutLine: {'line': b'-- spinnaker SDK found installed\n'}
[2.140273] (spinnaker_camera_driver) StdoutLine: {'line': b'-- libSpinnaker library location: /opt/spinnaker/lib/libSpinnaker.so\n'}
[2.140306] (spinnaker_camera_driver) StdoutLine: {'line': b'-- libSpinnaker include location: /opt/spinnaker/include\n'}
[2.140529] (spinnaker_camera_driver) StdoutLine: {'line': b'-- Found inc dir: /opt/spinnaker/include\n'}
[2.140587] (spinnaker_camera_driver) StdoutLine: {'line': b'-- Found SPINNAKER: /opt/spinnaker/include  \n'}
[2.141216] (spinnaker_camera_driver) StdoutLine: {'line': b'-- Found ament_cmake: 1.3.12 (/opt/ros/humble/share/ament_cmake/cmake)\n'}
[2.201477] (-) TimerEvent: {}
[2.221025] (spinnaker_camera_driver) StdoutLine: {'line': b'-- Found Python3: /usr/bin/python3 (found version "3.10.12") found components: Interpreter \n'}
[2.252544] (spinnaker_camera_driver) StdoutLine: {'line': b'-- Override CMake install command with custom implementation using symlinks instead of copying resources\n'}
[2.263729] (spinnaker_camera_driver) StdoutLine: {'line': b'-- Found ament_cmake_ros: 0.10.0 (/opt/ros/humble/share/ament_cmake_ros/cmake)\n'}
[2.275133] (spinnaker_camera_driver) StdoutLine: {'line': b'-- Found camera_info_manager: 3.1.12 (/opt/ros/humble/share/camera_info_manager/cmake)\n'}
[2.294098] (spinnaker_camera_driver) StdoutLine: {'line': b'-- Found rosidl_generator_c: 3.1.7 (/opt/ros/humble/share/rosidl_generator_c/cmake)\n'}
[2.295773] (spinnaker_camera_driver) StdoutLine: {'line': b'-- Found rosidl_adapter: 3.1.7 (/opt/ros/humble/share/rosidl_adapter/cmake)\n'}
[2.298852] (spinnaker_camera_driver) StdoutLine: {'line': b'-- Found rosidl_generator_cpp: 3.1.7 (/opt/ros/humble/share/rosidl_generator_cpp/cmake)\n'}
[2.301538] (-) TimerEvent: {}
[2.303358] (spinnaker_camera_driver) StdoutLine: {'line': b'-- Using all available rosidl_typesupport_c: rosidl_typesupport_fastrtps_c;rosidl_typesupport_introspection_c\n'}
[2.309270] (spinnaker_camera_driver) StdoutLine: {'line': b'-- Using all available rosidl_typesupport_cpp: rosidl_typesupport_fastrtps_cpp;rosidl_typesupport_introspection_cpp\n'}
[2.330177] (spinnaker_camera_driver) StdoutLine: {'line': b'-- Found rmw_implementation_cmake: 6.1.2 (/opt/ros/humble/share/rmw_implementation_cmake/cmake)\n'}
[2.331581] (spinnaker_camera_driver) StdoutLine: {'line': b'-- Found rmw_fastrtps_cpp: 6.2.9 (/opt/ros/humble/share/rmw_fastrtps_cpp/cmake)\n'}
[2.386799] (spinnaker_camera_driver) StdoutLine: {'line': b'-- Found OpenSSL: /usr/lib/x86_64-linux-gnu/libcrypto.so (found version "3.0.2")  \n'}
[2.401611] (-) TimerEvent: {}
[2.402107] (spinnaker_camera_driver) StdoutLine: {'line': b'-- Found FastRTPS: /opt/ros/humble/include  \n'}
[2.422819] (spinnaker_camera_driver) StdoutLine: {'line': b"-- Using RMW implementation 'rmw_fastrtps_cpp' as default\n"}
[2.427978] (spinnaker_camera_driver) StdoutLine: {'line': b'-- Looking for pthread.h\n'}
[2.465746] (spinnaker_camera_driver) StdoutLine: {'line': b'-- Looking for pthread.h - found\n'}
[2.466099] (spinnaker_camera_driver) StdoutLine: {'line': b'-- Performing Test CMAKE_HAVE_LIBC_PTHREAD\n'}
[2.501691] (-) TimerEvent: {}
[2.502330] (spinnaker_camera_driver) StdoutLine: {'line': b'-- Performing Test CMAKE_HAVE_LIBC_PTHREAD - Success\n'}
[2.502985] (spinnaker_camera_driver) StdoutLine: {'line': b'-- Found Threads: TRUE  \n'}
[2.546879] (spinnaker_camera_driver) StdoutLine: {'line': b'-- Found diagnostic_updater: 4.0.6 (/opt/ros/humble/share/diagnostic_updater/cmake)\n'}
[2.553957] (spinnaker_camera_driver) StdoutLine: {'line': b'-- Found flir_camera_msgs: 2.0.8 (/home/karthik/dds_ros2/flirCAMERA/flir_camera_driver/install/flir_camera_msgs/share/flir_camera_msgs/cmake)\n'}
[2.559572] (spinnaker_camera_driver) StdoutLine: {'line': b'-- Found image_transport: 3.1.12 (/opt/ros/humble/share/image_transport/cmake)\n'}
[2.574218] (spinnaker_camera_driver) StdoutLine: {'line': b'-- Found rclcpp_components: 16.0.16 (/opt/ros/humble/share/rclcpp_components/cmake)\n'}
[2.584133] (spinnaker_camera_driver) StdoutLine: {'line': b'-- Found ament_cmake_copyright: 0.12.14 (/opt/ros/humble/share/ament_cmake_copyright/cmake)\n'}
[2.584637] (spinnaker_camera_driver) StdoutLine: {'line': b'-- Found ament_cmake_cppcheck: 0.12.14 (/opt/ros/humble/share/ament_cmake_cppcheck/cmake)\n'}
[2.585092] (spinnaker_camera_driver) StdoutLine: {'line': b'-- Found ament_cmake_cpplint: 0.12.14 (/opt/ros/humble/share/ament_cmake_cpplint/cmake)\n'}
[2.585557] (spinnaker_camera_driver) StdoutLine: {'line': b'-- Found ament_cmake_flake8: 0.12.14 (/opt/ros/humble/share/ament_cmake_flake8/cmake)\n'}
[2.586020] (spinnaker_camera_driver) StdoutLine: {'line': b'-- Found ament_cmake_lint_cmake: 0.12.14 (/opt/ros/humble/share/ament_cmake_lint_cmake/cmake)\n'}
[2.586466] (spinnaker_camera_driver) StdoutLine: {'line': b'-- Found ament_cmake_pep257: 0.12.14 (/opt/ros/humble/share/ament_cmake_pep257/cmake)\n'}
[2.587011] (spinnaker_camera_driver) StdoutLine: {'line': b'-- Found ament_cmake_clang_format: 0.12.14 (/opt/ros/humble/share/ament_cmake_clang_format/cmake)\n'}
[2.587503] (spinnaker_camera_driver) StdoutLine: {'line': b'-- Found ament_cmake_xmllint: 0.12.14 (/opt/ros/humble/share/ament_cmake_xmllint/cmake)\n'}
[2.601744] (-) TimerEvent: {}
[2.630626] (spinnaker_camera_driver) StdoutLine: {'line': b'-- Configuring done\n'}
[2.637900] (spinnaker_camera_driver) StdoutLine: {'line': b'-- Generating done\n'}
[2.640114] (spinnaker_camera_driver) StdoutLine: {'line': b'-- Build files have been written to: /home/karthik/dds_ros2/flirCAMERA/flir_camera_driver/build/spinnaker_camera_driver\n'}
[2.647731] (spinnaker_camera_driver) CommandEnded: {'returncode': 0}
[2.648299] (spinnaker_camera_driver) JobProgress: {'identifier': 'spinnaker_camera_driver', 'progress': 'build'}
[2.648536] (spinnaker_camera_driver) Command: {'cmd': ['/usr/bin/cmake', '--build', '/home/karthik/dds_ros2/flirCAMERA/flir_camera_driver/build/spinnaker_camera_driver', '--', '-j128', '-l128'], 'cwd': '/home/karthik/dds_ros2/flirCAMERA/flir_camera_driver/build/spinnaker_camera_driver', 'env': OrderedDict([('GJS_DEBUG_TOPICS', 'JS ERROR;JS LOG'), ('PYTHON_BASIC_REPL', '1'), ('LESSOPEN', '| /usr/bin/lesspipe %s'), ('USER', 'karthik'), ('LC_TIME', 'de_DE.UTF-8'), ('XDG_SESSION_TYPE', 'x11'), ('GIT_ASKPASS', '/usr/share/antigravity/resources/app/extensions/git/dist/askpass.sh'), ('SHLVL', '1'), ('LD_LIBRARY_PATH', '/home/karthik/dds_ros2/flirCAMERA/flir_camera_driver/install/flir_camera_msgs/lib:/opt/ros/humble/opt/rviz_ogre_vendor/lib:/opt/ros/humble/lib/x86_64-linux-gnu:/opt/ros/humble/lib'), ('ANTIGRAVITY_CLI_ALIAS', 'agy'), ('HOME', '/home/karthik'), ('CHROME_DESKTOP', 'antigravity.desktop'), ('OLDPWD', '/home/karthik/dds_ros2/flirCAMERA/flir_camera_driver/spinnaker_camera_driver'), ('TERM_PROGRAM_VERSION', '1.104.0'), ('DESKTOP_SESSION', 'ubuntu'), ('GIO_LAUNCHED_DESKTOP_FILE', '/usr/share/applications/antigravity.desktop'), ('ROS_PYTHON_VERSION', '3'), ('GNOME_SHELL_SESSION_MODE', 'ubuntu'), ('GTK_MODULES', 'gail:atk-bridge'), ('VSCODE_GIT_ASKPASS_MAIN', '/usr/share/antigravity/resources/app/extensions/git/dist/askpass-main.js'), ('LC_MONETARY', 'de_DE.UTF-8'), ('VSCODE_GIT_ASKPASS_NODE', '/usr/share/antigravity/antigravity'), ('MANAGERPID', '608275'), ('PYDEVD_DISABLE_FILE_VALIDATION', '1'), ('SYSTEMD_EXEC_PID', '608538'), ('BUNDLED_DEBUGPY_PATH', '/home/karthik/.antigravity/extensions/ms-python.debugpy-2025.18.0-linux-x64/bundled/libs/debugpy'), ('VSCODE_PYTHON_AUTOACTIVATE_GUARD', '1'), ('DBUS_SESSION_BUS_ADDRESS', 'unix:path=/run/user/1000/bus'), ('COLORTERM', 'truecolor'), ('GIO_LAUNCHED_DESKTOP_FILE_PID', '754264'), ('COLCON_PREFIX_PATH', '/home/karthik/dds_ros2/flirCAMERA/install:/home/karthik/dds_ros2/flirCAMERA/ros2_ws/install'), ('ROS_DISTRO', 'humble'), ('GTK_IM_MODULE', 'ibus'), ('LOGNAME', 'karthik'), ('JOURNAL_STREAM', '8:1340131'), ('_', '/usr/bin/colcon'), ('ROS_VERSION', '2'), ('XDG_SESSION_CLASS', 'user'), ('USERNAME', 'karthik'), ('TERM', 'xterm-256color'), ('GNOME_DESKTOP_SESSION_ID', 'this-is-deprecated'), ('ROS_LOCALHOST_ONLY', '0'), ('WINDOWPATH', '2'), ('PATH', '/opt/ros/humble/bin:/home/karthik/.local/bin:/home/karthik/.local/bin:/opt/spinnaker/bin:/usr/local/sbin:/usr/local/bin:/usr/sbin:/usr/bin:/sbin:/bin:/usr/games:/usr/local/games:/snap/bin:/snap/bin:/home/karthik/.antigravity/extensions/ms-python.debugpy-2025.18.0-linux-x64/bundled/scripts/noConfigScripts'), ('SESSION_MANAGER', 'local/Karthik:@/tmp/.ICE-unix/608511,unix/Karthik:/tmp/.ICE-unix/608511'), ('INVOCATION_ID', '894042b988b442c3b837af9d42158c44'), ('XDG_MENU_PREFIX', 'gnome-'), ('LC_ADDRESS', 'de_DE.UTF-8'), ('XDG_RUNTIME_DIR', '/run/user/1000'), ('GDK_BACKEND', 'x11'), ('SPINNAKER_GENTL64_CTI', '/opt/spinnaker/lib/spinnaker-gentl/Spinnaker_GenTL.cti'), ('DISPLAY', ':1'), ('VSCODE_DEBUGPY_ADAPTER_ENDPOINTS', '/home/karthik/.antigravity/extensions/ms-python.debugpy-2025.18.0-linux-x64/.noConfigDebugAdapterEndpoints/endpoint-f3ee66c29dd09338.txt'), ('LANG', 'en_US.UTF-8'), ('XDG_CURRENT_DESKTOP', 'Unity'), ('PYTHONSTARTUP', '/home/karthik/.config/Antigravity/User/workspaceStorage/d88c120b86d835b02216619077cb693b/ms-python.python/pythonrc.py'), ('LC_TELEPHONE', 'de_DE.UTF-8'), ('XMODIFIERS', '@im=ibus'), ('XDG_SESSION_DESKTOP', 'ubuntu'), ('XAUTHORITY', '/run/user/1000/gdm/Xauthority'), ('LS_COLORS', 'rs=0:di=01;34:ln=01;36:mh=00:pi=40;33:so=01;35:do=01;35:bd=40;33;01:cd=40;33;01:or=40;31;01:mi=00:su=37;41:sg=30;43:ca=30;41:tw=30;42:ow=34;42:st=37;44:ex=01;32:*.tar=01;31:*.tgz=01;31:*.arc=01;31:*.arj=01;31:*.taz=01;31:*.lha=01;31:*.lz4=01;31:*.lzh=01;31:*.lzma=01;31:*.tlz=01;31:*.txz=01;31:*.tzo=01;31:*.t7z=01;31:*.zip=01;31:*.z=01;31:*.dz=01;31:*.gz=01;31:*.lrz=01;31:*.lz=01;31:*.lzo=01;31:*.xz=01;31:*.zst=01;31:*.tzst=01;31:*.bz2=01;31:*.bz=01;31:*.tbz=01;31:*.tbz2=01;31:*.tz=01;31:*.deb=01;31:*.rpm=01;31:*.jar=01;31:*.war=01;31:*.ear=01;31:*.sar=01;31:*.rar=01;31:*.alz=01;31:*.ace=01;31:*.zoo=01;31:*.cpio=01;31:*.7z=01;31:*.rz=01;31:*.cab=01;31:*.wim=01;31:*.swm=01;31:*.dwm=01;31:*.esd=01;31:*.jpg=01;35:*.jpeg=01;35:*.mjpg=01;35:*.mjpeg=01;35:*.gif=01;35:*.bmp=01;35:*.pbm=01;35:*.pgm=01;35:*.ppm=01;35:*.tga=01;35:*.xbm=01;35:*.xpm=01;35:*.tif=01;35:*.tiff=01;35:*.png=01;35:*.svg=01;35:*.svgz=01;35:*.mng=01;35:*.pcx=01;35:*.mov=01;35:*.mpg=01;35:*.mpeg=01;35:*.m2v=01;35:*.mkv=01;35:*.webm=01;35:*.webp=01;35:*.ogm=01;35:*.mp4=01;35:*.m4v=01;35:*.mp4v=01;35:*.vob=01;35:*.qt=01;35:*.nuv=01;35:*.wmv=01;35:*.asf=01;35:*.rm=01;35:*.rmvb=01;35:*.flc=01;35:*.avi=01;35:*.fli=01;35:*.flv=01;35:*.gl=01;35:*.dl=01;35:*.xcf=01;35:*.xwd=01;35:*.yuv=01;35:*.cgm=01;35:*.emf=01;35:*.ogv=01;35:*.ogx=01;35:*.aac=00;36:*.au=00;36:*.flac=00;36:*.m4a=00;36:*.mid=00;36:*.midi=00;36:*.mka=00;36:*.mp3=00;36:*.mpc=00;36:*.ogg=00;36:*.ra=00;36:*.wav=00;36:*.oga=00;36:*.opus=00;36:*.spx=00;36:*.xspf=00;36:'), ('VSCODE_GIT_IPC_HANDLE', '/run/user/1000/vscode-git-305ff7234e.sock'), ('TERM_PROGRAM', 'vscode'), ('SSH_AGENT_LAUNCHER', 'gnome-keyring'), ('SSH_AUTH_SOCK', '/run/user/1000/keyring/ssh'), ('AMENT_PREFIX_PATH', '/home/karthik/dds_ros2/flirCAMERA/flir_camera_driver/install/flir_camera_msgs:/opt/ros/humble'), ('ORIGINAL_XDG_CURRENT_DESKTOP', 'ubuntu:GNOME'), ('SHELL', '/bin/bash'), ('LC_NAME', 'de_DE.UTF-8'), ('QT_ACCESSIBILITY', '1'), ('GDMSESSION', 'ubuntu'), ('LESSCLOSE', '/usr/bin/lesspipe %s %s'), ('LC_MEASUREMENT', 'de_DE.UTF-8'), ('GPG_AGENT_INFO', '/run/user/1000/gnupg/S.gpg-agent:0:1'), ('GJS_DEBUG_OUTPUT', 'stderr'), ('LC_IDENTIFICATION', 'de_DE.UTF-8'), ('VSCODE_GIT_ASKPASS_EXTRA_ARGS', ''), ('QT_IM_MODULE', 'ibus'), ('PWD', '/home/karthik/dds_ros2/flirCAMERA/flir_camera_driver/build/spinnaker_camera_driver'), ('LC_ALL', 'en_US.UTF-8'), ('XDG_CONFIG_DIRS', '/etc/xdg/xdg-ubuntu:/etc/xdg'), ('XDG_DATA_DIRS', '/usr/share/ubuntu:/usr/share/gnome:/usr/local/share/:/usr/share/:/var/lib/snapd/desktop'), ('PYTHONPATH', '/home/karthik/dds_ros2/flirCAMERA/flir_camera_driver/install/flir_camera_msgs/local/lib/python3.10/dist-packages:/opt/ros/humble/lib/python3.10/site-packages:/opt/ros/humble/local/lib/python3.10/dist-packages'), ('LC_NUMERIC', 'de_DE.UTF-8'), ('LC_PAPER', 'de_DE.UTF-8'), ('COLCON', '1'), ('GENICAM_GENTL64_PATH', '/opt/spinnaker/lib/spinnaker-gentl'), ('CMAKE_PREFIX_PATH', '/home/karthik/dds_ros2/flirCAMERA/flir_camera_driver/install/flir_camera_msgs:/opt/ros/humble')]), 'shell': False}
[2.674314] (spinnaker_camera_driver) StdoutLine: {'line': b'[  9%] \x1b[32mBuilding CXX object CMakeFiles/camera_driver.dir/src/camera_driver.cpp.o\x1b[0m\n'}
[2.674692] (spinnaker_camera_driver) StdoutLine: {'line': b'[ 18%] \x1b[32mBuilding CXX object CMakeFiles/camera_driver.dir/src/camera.cpp.o\x1b[0m\n'}
[2.674950] (spinnaker_camera_driver) StdoutLine: {'line': b'[ 27%] \x1b[32mBuilding CXX object CMakeFiles/camera_driver.dir/src/image.cpp.o\x1b[0m\n'}
[2.675222] (spinnaker_camera_driver) StdoutLine: {'line': b'[ 36%] \x1b[32mBuilding CXX object CMakeFiles/camera_driver.dir/src/spinnaker_wrapper.cpp.o\x1b[0m\n'}
[2.675512] (spinnaker_camera_driver) StdoutLine: {'line': b'[ 45%] \x1b[32mBuilding CXX object CMakeFiles/camera_driver.dir/src/spinnaker_wrapper_impl.cpp.o\x1b[0m\n'}
[2.675766] (spinnaker_camera_driver) StdoutLine: {'line': b'[ 54%] \x1b[32mBuilding CXX object CMakeFiles/camera_driver.dir/src/utils.cpp.o\x1b[0m\n'}
[2.676189] (spinnaker_camera_driver) StdoutLine: {'line': b'[ 72%] \x1b[32mBuilding CXX object CMakeFiles/camera_driver.dir/src/pixel_format.cpp.o\x1b[0m\n'}
[2.676215] (spinnaker_camera_driver) StdoutLine: {'line': b'[ 72%] \x1b[32mBuilding CXX object CMakeFiles/camera_driver.dir/src/genicam_utils.cpp.o\x1b[0m\n'}
[2.701818] (-) TimerEvent: {}
[2.802078] (-) TimerEvent: {}
[2.902393] (-) TimerEvent: {}
[3.002675] (-) TimerEvent: {}
[3.102881] (-) TimerEvent: {}
[3.203089] (-) TimerEvent: {}
[3.303409] (-) TimerEvent: {}
[3.403642] (-) TimerEvent: {}
[3.503815] (-) TimerEvent: {}
[3.603973] (-) TimerEvent: {}
[3.704131] (-) TimerEvent: {}
[3.804300] (-) TimerEvent: {}
[3.904495] (-) TimerEvent: {}
[4.004675] (-) TimerEvent: {}
[4.104876] (-) TimerEvent: {}
[4.205062] (-) TimerEvent: {}
[4.305257] (-) TimerEvent: {}
[4.405449] (-) TimerEvent: {}
[4.505642] (-) TimerEvent: {}
[4.605839] (-) TimerEvent: {}
[4.706000] (-) TimerEvent: {}
[4.806138] (-) TimerEvent: {}
[4.906283] (-) TimerEvent: {}
[5.006454] (-) TimerEvent: {}
[5.106602] (-) TimerEvent: {}
[5.206754] (-) TimerEvent: {}
[5.306892] (-) TimerEvent: {}
[5.407029] (-) TimerEvent: {}
[5.507161] (-) TimerEvent: {}
[5.607296] (-) TimerEvent: {}
[5.707432] (-) TimerEvent: {}
[5.807567] (-) TimerEvent: {}
[5.907714] (-) TimerEvent: {}
[6.007972] (-) TimerEvent: {}
[6.108332] (-) TimerEvent: {}
[6.208654] (-) TimerEvent: {}
[6.309051] (-) TimerEvent: {}
[6.409387] (-) TimerEvent: {}
[6.509717] (-) TimerEvent: {}
[6.610046] (-) TimerEvent: {}
[6.710388] (-) TimerEvent: {}
[6.810731] (-) TimerEvent: {}
[6.911058] (-) TimerEvent: {}
[7.011337] (-) TimerEvent: {}
[7.111669] (-) TimerEvent: {}
[7.212004] (-) TimerEvent: {}
[7.312263] (-) TimerEvent: {}
[7.412527] (-) TimerEvent: {}
[7.512854] (-) TimerEvent: {}
[7.613213] (-) TimerEvent: {}
[7.713555] (-) TimerEvent: {}
[7.813873] (-) TimerEvent: {}
[7.914198] (-) TimerEvent: {}
[8.014519] (-) TimerEvent: {}
[8.114856] (-) TimerEvent: {}
[8.215142] (-) TimerEvent: {}
[8.315418] (-) TimerEvent: {}
[8.415665] (-) TimerEvent: {}
[8.515950] (-) TimerEvent: {}
[8.616210] (-) TimerEvent: {}
[8.716404] (-) TimerEvent: {}
[8.816610] (-) TimerEvent: {}
[8.916876] (-) TimerEvent: {}
[9.017100] (-) TimerEvent: {}
[9.117345] (-) TimerEvent: {}
[9.217624] (-) TimerEvent: {}
[9.317914] (-) TimerEvent: {}
[9.418190] (-) TimerEvent: {}
[9.518497] (-) TimerEvent: {}
[9.618814] (-) TimerEvent: {}
[9.719086] (-) TimerEvent: {}
[9.819350] (-) TimerEvent: {}
[9.919600] (-) TimerEvent: {}
[10.019881] (-) TimerEvent: {}
[10.120198] (-) TimerEvent: {}
[10.220448] (-) TimerEvent: {}
[10.320676] (-) TimerEvent: {}
[10.420949] (-) TimerEvent: {}
[10.521202] (-) TimerEvent: {}
[10.621475] (-) TimerEvent: {}
[10.721765] (-) TimerEvent: {}
[10.822078] (-) TimerEvent: {}
[10.922378] (-) TimerEvent: {}
[11.022659] (-) TimerEvent: {}
[11.122925] (-) TimerEvent: {}
[11.223216] (-) TimerEvent: {}
[11.323515] (-) TimerEvent: {}
[11.423821] (-) TimerEvent: {}
[11.524140] (-) TimerEvent: {}
[11.624462] (-) TimerEvent: {}
[11.724777] (-) TimerEvent: {}
[11.825063] (-) TimerEvent: {}
[11.925371] (-) TimerEvent: {}
[12.025739] (-) TimerEvent: {}
[12.126089] (-) TimerEvent: {}
[12.226423] (-) TimerEvent: {}
[12.326759] (-) TimerEvent: {}
[12.427093] (-) TimerEvent: {}
[12.527422] (-) TimerEvent: {}
[12.627740] (-) TimerEvent: {}
[12.728024] (-) TimerEvent: {}
[12.828356] (-) TimerEvent: {}
[12.928696] (-) TimerEvent: {}
[13.029045] (-) TimerEvent: {}
[13.129382] (-) TimerEvent: {}
[13.229747] (-) TimerEvent: {}
[13.330090] (-) TimerEvent: {}
[13.430428] (-) TimerEvent: {}
[13.530713] (-) TimerEvent: {}
[13.631010] (-) TimerEvent: {}
[13.731357] (-) TimerEvent: {}
[13.831725] (-) TimerEvent: {}
[13.932066] (-) TimerEvent: {}
[14.032402] (-) TimerEvent: {}
[14.132746] (-) TimerEvent: {}
[14.233076] (-) TimerEvent: {}
[14.333397] (-) TimerEvent: {}
[14.433722] (-) TimerEvent: {}
[14.534081] (-) TimerEvent: {}
[14.634426] (-) TimerEvent: {}
[14.677218] (spinnaker_camera_driver) StdoutLine: {'line': b'[ 81%] \x1b[32m\x1b[1mLinking CXX shared library libcamera_driver.so\x1b[0m\n'}
[14.734517] (-) TimerEvent: {}
[14.834859] (-) TimerEvent: {}
[14.918141] (spinnaker_camera_driver) StdoutLine: {'line': b'[ 81%] Built target camera_driver\n'}
[14.930065] (spinnaker_camera_driver) StdoutLine: {'line': b'[ 90%] \x1b[32mBuilding CXX object CMakeFiles/camera_driver_node.dir/src/camera_driver_node.cpp.o\x1b[0m\n'}
[14.934929] (-) TimerEvent: {}
[15.035188] (-) TimerEvent: {}
[15.135560] (-) TimerEvent: {}
[15.235906] (-) TimerEvent: {}
[15.336229] (-) TimerEvent: {}
[15.436565] (-) TimerEvent: {}
[15.536919] (-) TimerEvent: {}
[15.637256] (-) TimerEvent: {}
[15.737605] (-) TimerEvent: {}
[15.837970] (-) TimerEvent: {}
[15.938323] (-) TimerEvent: {}
[16.038676] (-) TimerEvent: {}
[16.139015] (-) TimerEvent: {}
[16.239298] (-) TimerEvent: {}
[16.339620] (-) TimerEvent: {}
[16.439905] (-) TimerEvent: {}
[16.540217] (-) TimerEvent: {}
[16.640511] (-) TimerEvent: {}
[16.740784] (-) TimerEvent: {}
[16.841085] (-) TimerEvent: {}
[16.941414] (-) TimerEvent: {}
[17.041705] (-) TimerEvent: {}
[17.141994] (-) TimerEvent: {}
[17.242264] (spinnaker_camera_driver) StdoutLine: {'line': b'[100%] \x1b[32m\x1b[1mLinking CXX executable camera_driver_node\x1b[0m\n'}
[17.242486] (-) TimerEvent: {}
[17.317127] (spinnaker_camera_driver) StdoutLine: {'line': b'[100%] Built target camera_driver_node\n'}
[17.324424] (spinnaker_camera_driver) CommandEnded: {'returncode': 0}
[17.325052] (spinnaker_camera_driver) JobProgress: {'identifier': 'spinnaker_camera_driver', 'progress': 'install'}
[17.325455] (spinnaker_camera_driver) Command: {'cmd': ['/usr/bin/cmake', '--install', '/home/karthik/dds_ros2/flirCAMERA/flir_camera_driver/build/spinnaker_camera_driver'], 'cwd': '/home/karthik/dds_ros2/flirCAMERA/flir_camera_driver/build/spinnaker_camera_driver', 'env': OrderedDict([('GJS_DEBUG_TOPICS', 'JS ERROR;JS LOG'), ('PYTHON_BASIC_REPL', '1'), ('LESSOPEN', '| /usr/bin/lesspipe %s'), ('USER', 'karthik'), ('LC_TIME', 'de_DE.UTF-8'), ('XDG_SESSION_TYPE', 'x11'), ('GIT_ASKPASS', '/usr/share/antigravity/resources/app/extensions/git/dist/askpass.sh'), ('SHLVL', '1'), ('LD_LIBRARY_PATH', '/home/karthik/dds_ros2/flirCAMERA/flir_camera_driver/install/flir_camera_msgs/lib:/opt/ros/humble/opt/rviz_ogre_vendor/lib:/opt/ros/humble/lib/x86_64-linux-gnu:/opt/ros/humble/lib'), ('ANTIGRAVITY_CLI_ALIAS', 'agy'), ('HOME', '/home/karthik'), ('CHROME_DESKTOP', 'antigravity.desktop'), ('OLDPWD', '/home/karthik/dds_ros2/flirCAMERA/flir_camera_driver/spinnaker_camera_driver'), ('TERM_PROGRAM_VERSION', '1.104.0'), ('DESKTOP_SESSION', 'ubuntu'), ('GIO_LAUNCHED_DESKTOP_FILE', '/usr/share/applications/antigravity.desktop'), ('ROS_PYTHON_VERSION', '3'), ('GNOME_SHELL_SESSION_MODE', 'ubuntu'), ('GTK_MODULES', 'gail:atk-bridge'), ('VSCODE_GIT_ASKPASS_MAIN', '/usr/share/antigravity/resources/app/extensions/git/dist/askpass-main.js'), ('LC_MONETARY', 'de_DE.UTF-8'), ('VSCODE_GIT_ASKPASS_NODE', '/usr/share/antigravity/antigravity'), ('MANAGERPID', '608275'), ('PYDEVD_DISABLE_FILE_VALIDATION', '1'), ('SYSTEMD_EXEC_PID', '608538'), ('BUNDLED_DEBUGPY_PATH', '/home/karthik/.antigravity/extensions/ms-python.debugpy-2025.18.0-linux-x64/bundled/libs/debugpy'), ('VSCODE_PYTHON_AUTOACTIVATE_GUARD', '1'), ('DBUS_SESSION_BUS_ADDRESS', 'unix:path=/run/user/1000/bus'), ('COLORTERM', 'truecolor'), ('GIO_LAUNCHED_DESKTOP_FILE_PID', '754264'), ('COLCON_PREFIX_PATH', '/home/karthik/dds_ros2/flirCAMERA/install:/home/karthik/dds_ros2/flirCAMERA/ros2_ws/install'), ('ROS_DISTRO', 'humble'), ('GTK_IM_MODULE', 'ibus'), ('LOGNAME', 'karthik'), ('JOURNAL_STREAM', '8:1340131'), ('_', '/usr/bin/colcon'), ('ROS_VERSION', '2'), ('XDG_SESSION_CLASS', 'user'), ('USERNAME', 'karthik'), ('TERM', 'xterm-256color'), ('GNOME_DESKTOP_SESSION_ID', 'this-is-deprecated'), ('ROS_LOCALHOST_ONLY', '0'), ('WINDOWPATH', '2'), ('PATH', '/opt/ros/humble/bin:/home/karthik/.local/bin:/home/karthik/.local/bin:/opt/spinnaker/bin:/usr/local/sbin:/usr/local/bin:/usr/sbin:/usr/bin:/sbin:/bin:/usr/games:/usr/local/games:/snap/bin:/snap/bin:/home/karthik/.antigravity/extensions/ms-python.debugpy-2025.18.0-linux-x64/bundled/scripts/noConfigScripts'), ('SESSION_MANAGER', 'local/Karthik:@/tmp/.ICE-unix/608511,unix/Karthik:/tmp/.ICE-unix/608511'), ('INVOCATION_ID', '894042b988b442c3b837af9d42158c44'), ('XDG_MENU_PREFIX', 'gnome-'), ('LC_ADDRESS', 'de_DE.UTF-8'), ('XDG_RUNTIME_DIR', '/run/user/1000'), ('GDK_BACKEND', 'x11'), ('SPINNAKER_GENTL64_CTI', '/opt/spinnaker/lib/spinnaker-gentl/Spinnaker_GenTL.cti'), ('DISPLAY', ':1'), ('VSCODE_DEBUGPY_ADAPTER_ENDPOINTS', '/home/karthik/.antigravity/extensions/ms-python.debugpy-2025.18.0-linux-x64/.noConfigDebugAdapterEndpoints/endpoint-f3ee66c29dd09338.txt'), ('LANG', 'en_US.UTF-8'), ('XDG_CURRENT_DESKTOP', 'Unity'), ('PYTHONSTARTUP', '/home/karthik/.config/Antigravity/User/workspaceStorage/d88c120b86d835b02216619077cb693b/ms-python.python/pythonrc.py'), ('LC_TELEPHONE', 'de_DE.UTF-8'), ('XMODIFIERS', '@im=ibus'), ('XDG_SESSION_DESKTOP', 'ubuntu'), ('XAUTHORITY', '/run/user/1000/gdm/Xauthority'), ('LS_COLORS', 'rs=0:di=01;34:ln=01;36:mh=00:pi=40;33:so=01;35:do=01;35:bd=40;33;01:cd=40;33;01:or=40;31;01:mi=00:su=37;41:sg=30;43:ca=30;41:tw=30;42:ow=34;42:st=37;44:ex=01;32:*.tar=01;31:*.tgz=01;31:*.arc=01;31:*.arj=01;31:*.taz=01;31:*.lha=01;31:*.lz4=01;31:*.lzh=01;31:*.lzma=01;31:*.tlz=01;31:*.txz=01;31:*.tzo=01;31:*.t7z=01;31:*.zip=01;31:*.z=01;31:*.dz=01;31:*.gz=01;31:*.lrz=01;31:*.lz=01;31:*.lzo=01;31:*.xz=01;31:*.zst=01;31:*.tzst=01;31:*.bz2=01;31:*.bz=01;31:*.tbz=01;31:*.tbz2=01;31:*.tz=01;31:*.deb=01;31:*.rpm=01;31:*.jar=01;31:*.war=01;31:*.ear=01;31:*.sar=01;31:*.rar=01;31:*.alz=01;31:*.ace=01;31:*.zoo=01;31:*.cpio=01;31:*.7z=01;31:*.rz=01;31:*.cab=01;31:*.wim=01;31:*.swm=01;31:*.dwm=01;31:*.esd=01;31:*.jpg=01;35:*.jpeg=01;35:*.mjpg=01;35:*.mjpeg=01;35:*.gif=01;35:*.bmp=01;35:*.pbm=01;35:*.pgm=01;35:*.ppm=01;35:*.tga=01;35:*.xbm=01;35:*.xpm=01;35:*.tif=01;35:*.tiff=01;35:*.png=01;35:*.svg=01;35:*.svgz=01;35:*.mng=01;35:*.pcx=01;35:*.mov=01;35:*.mpg=01;35:*.mpeg=01;35:*.m2v=01;35:*.mkv=01;35:*.webm=01;35:*.webp=01;35:*.ogm=01;35:*.mp4=01;35:*.m4v=01;35:*.mp4v=01;35:*.vob=01;35:*.qt=01;35:*.nuv=01;35:*.wmv=01;35:*.asf=01;35:*.rm=01;35:*.rmvb=01;35:*.flc=01;35:*.avi=01;35:*.fli=01;35:*.flv=01;35:*.gl=01;35:*.dl=01;35:*.xcf=01;35:*.xwd=01;35:*.yuv=01;35:*.cgm=01;35:*.emf=01;35:*.ogv=01;35:*.ogx=01;35:*.aac=00;36:*.au=00;36:*.flac=00;36:*.m4a=00;36:*.mid=00;36:*.midi=00;36:*.mka=00;36:*.mp3=00;36:*.mpc=00;36:*.ogg=00;36:*.ra=00;36:*.wav=00;36:*.oga=00;36:*.opus=00;36:*.spx=00;36:*.xspf=00;36:'), ('VSCODE_GIT_IPC_HANDLE', '/run/user/1000/vscode-git-305ff7234e.sock'), ('TERM_PROGRAM', 'vscode'), ('SSH_AGENT_LAUNCHER', 'gnome-keyring'), ('SSH_AUTH_SOCK', '/run/user/1000/keyring/ssh'), ('AMENT_PREFIX_PATH', '/home/karthik/dds_ros2/flirCAMERA/flir_camera_driver/install/flir_camera_msgs:/opt/ros/humble'), ('ORIGINAL_XDG_CURRENT_DESKTOP', 'ubuntu:GNOME'), ('SHELL', '/bin/bash'), ('LC_NAME', 'de_DE.UTF-8'), ('QT_ACCESSIBILITY', '1'), ('GDMSESSION', 'ubuntu'), ('LESSCLOSE', '/usr/bin/lesspipe %s %s'), ('LC_MEASUREMENT', 'de_DE.UTF-8'), ('GPG_AGENT_INFO', '/run/user/1000/gnupg/S.gpg-agent:0:1'), ('GJS_DEBUG_OUTPUT', 'stderr'), ('LC_IDENTIFICATION', 'de_DE.UTF-8'), ('VSCODE_GIT_ASKPASS_EXTRA_ARGS', ''), ('QT_IM_MODULE', 'ibus'), ('PWD', '/home/karthik/dds_ros2/flirCAMERA/flir_camera_driver/build/spinnaker_camera_driver'), ('LC_ALL', 'en_US.UTF-8'), ('XDG_CONFIG_DIRS', '/etc/xdg/xdg-ubuntu:/etc/xdg'), ('XDG_DATA_DIRS', '/usr/share/ubuntu:/usr/share/gnome:/usr/local/share/:/usr/share/:/var/lib/snapd/desktop'), ('PYTHONPATH', '/home/karthik/dds_ros2/flirCAMERA/flir_camera_driver/install/flir_camera_msgs/local/lib/python3.10/dist-packages:/opt/ros/humble/lib/python3.10/site-packages:/opt/ros/humble/local/lib/python3.10/dist-packages'), ('LC_NUMERIC', 'de_DE.UTF-8'), ('LC_PAPER', 'de_DE.UTF-8'), ('COLCON', '1'), ('GENICAM_GENTL64_PATH', '/opt/spinnaker/lib/spinnaker-gentl'), ('CMAKE_PREFIX_PATH', '/home/karthik/dds_ros2/flirCAMERA/flir_camera_driver/install/flir_camera_msgs:/opt/ros/humble')]), 'shell': False}
[17.329786] (spinnaker_camera_driver) StdoutLine: {'line': b'-- Install configuration: "RelWithDebInfo"\n'}
[17.330036] (spinnaker_camera_driver) StdoutLine: {'line': b'-- Execute custom install script\n'}
[17.330186] (spinnaker_camera_driver) StdoutLine: {'line': b'-- Symlinking: /home/karthik/dds_ros2/flirCAMERA/flir_camera_driver/install/spinnaker_camera_driver/lib/spinnaker_camera_driver//camera_driver_node\n'}
[17.335238] (spinnaker_camera_driver) StdoutLine: {'line': b'-- Symlinking: /home/karthik/dds_ros2/flirCAMERA/flir_camera_driver/install/spinnaker_camera_driver/lib/cmake/spinnaker_camera_driver/spinnaker_camera_driverConfig.cmake\n'}
[17.340306] (spinnaker_camera_driver) StdoutLine: {'line': b'-- Symlinking: /home/karthik/dds_ros2/flirCAMERA/flir_camera_driver/install/spinnaker_camera_driver/lib/cmake/spinnaker_camera_driver/spinnaker_camera_driverConfigVersion.cmake\n'}
[17.342547] (-) TimerEvent: {}
[17.344253] (spinnaker_camera_driver) StdoutLine: {'line': b'-- Symlinking: /home/karthik/dds_ros2/flirCAMERA/flir_camera_driver/install/spinnaker_camera_driver/include/spinnaker_camera_driver/camera.hpp\n'}
[17.348448] (spinnaker_camera_driver) StdoutLine: {'line': b'-- Symlinking: /home/karthik/dds_ros2/flirCAMERA/flir_camera_driver/install/spinnaker_camera_driver/include/spinnaker_camera_driver/camera_driver.hpp\n'}
[17.353659] (spinnaker_camera_driver) StdoutLine: {'line': b'-- Symlinking: /home/karthik/dds_ros2/flirCAMERA/flir_camera_driver/install/spinnaker_camera_driver/include/spinnaker_camera_driver/diagnostic_levels.hpp\n'}
[17.358225] (spinnaker_camera_driver) StdoutLine: {'line': b'-- Symlinking: /home/karthik/dds_ros2/flirCAMERA/flir_camera_driver/install/spinnaker_camera_driver/include/spinnaker_camera_driver/exposure_controller.hpp\n'}
[17.362363] (spinnaker_camera_driver) StdoutLine: {'line': b'-- Symlinking: /home/karthik/dds_ros2/flirCAMERA/flir_camera_driver/install/spinnaker_camera_driver/include/spinnaker_camera_driver/image.hpp\n'}
[17.365475] (spinnaker_camera_driver) StdoutLine: {'line': b'-- Symlinking: /home/karthik/dds_ros2/flirCAMERA/flir_camera_driver/install/spinnaker_camera_driver/include/spinnaker_camera_driver/lifecycle_types.hpp\n'}
[17.369282] (spinnaker_camera_driver) StdoutLine: {'line': b'-- Symlinking: /home/karthik/dds_ros2/flirCAMERA/flir_camera_driver/install/spinnaker_camera_driver/include/spinnaker_camera_driver/logging.hpp\n'}
[17.373241] (spinnaker_camera_driver) StdoutLine: {'line': b'-- Symlinking: /home/karthik/dds_ros2/flirCAMERA/flir_camera_driver/install/spinnaker_camera_driver/include/spinnaker_camera_driver/pixel_format.hpp\n'}
[17.377972] (spinnaker_camera_driver) StdoutLine: {'line': b'-- Symlinking: /home/karthik/dds_ros2/flirCAMERA/flir_camera_driver/install/spinnaker_camera_driver/include/spinnaker_camera_driver/spinnaker_wrapper.hpp\n'}
[17.381694] (spinnaker_camera_driver) StdoutLine: {'line': b'-- Symlinking: /home/karthik/dds_ros2/flirCAMERA/flir_camera_driver/install/spinnaker_camera_driver/include/spinnaker_camera_driver/synchronizer.hpp\n'}
[17.385790] (spinnaker_camera_driver) StdoutLine: {'line': b'-- Symlinking: /home/karthik/dds_ros2/flirCAMERA/flir_camera_driver/install/spinnaker_camera_driver/include/spinnaker_camera_driver/utils.hpp\n'}
[17.389899] (spinnaker_camera_driver) StdoutLine: {'line': b'-- Symlinking: /home/karthik/dds_ros2/flirCAMERA/flir_camera_driver/install/spinnaker_camera_driver/share/spinnaker_camera_driver//config/blackfly.yaml\n'}
[17.393625] (spinnaker_camera_driver) StdoutLine: {'line': b'-- Symlinking: /home/karthik/dds_ros2/flirCAMERA/flir_camera_driver/install/spinnaker_camera_driver/share/spinnaker_camera_driver//config/blackfly_s.yaml\n'}
[17.397482] (spinnaker_camera_driver) StdoutLine: {'line': b'-- Symlinking: /home/karthik/dds_ros2/flirCAMERA/flir_camera_driver/install/spinnaker_camera_driver/share/spinnaker_camera_driver//config/chameleon.yaml\n'}
[17.401420] (spinnaker_camera_driver) StdoutLine: {'line': b'-- Symlinking: /home/karthik/dds_ros2/flirCAMERA/flir_camera_driver/install/spinnaker_camera_driver/share/spinnaker_camera_driver//config/firefly_ffy_u3162c.yaml\n'}
[17.405761] (spinnaker_camera_driver) StdoutLine: {'line': b'-- Symlinking: /home/karthik/dds_ros2/flirCAMERA/flir_camera_driver/install/spinnaker_camera_driver/share/spinnaker_camera_driver//config/flir_ax5.yaml\n'}
[17.409602] (spinnaker_camera_driver) StdoutLine: {'line': b'-- Symlinking: /home/karthik/dds_ros2/flirCAMERA/flir_camera_driver/install/spinnaker_camera_driver/share/spinnaker_camera_driver//config/grasshopper.yaml\n'}
[17.414477] (spinnaker_camera_driver) StdoutLine: {'line': b'-- Symlinking: /home/karthik/dds_ros2/flirCAMERA/flir_camera_driver/install/spinnaker_camera_driver/share/spinnaker_camera_driver//config/oryx.yaml\n'}
[17.418478] (spinnaker_camera_driver) StdoutLine: {'line': b'-- Symlinking: /home/karthik/dds_ros2/flirCAMERA/flir_camera_driver/install/spinnaker_camera_driver/share/spinnaker_camera_driver//launch/driver_node.launch.py\n'}
[17.422353] (spinnaker_camera_driver) StdoutLine: {'line': b'-- Symlinking: /home/karthik/dds_ros2/flirCAMERA/flir_camera_driver/install/spinnaker_camera_driver/share/spinnaker_camera_driver//launch/gige_node.launch.py\n'}
[17.426268] (spinnaker_camera_driver) StdoutLine: {'line': b'-- Symlinking: /home/karthik/dds_ros2/flirCAMERA/flir_camera_driver/install/spinnaker_camera_driver/share/spinnaker_camera_driver//launch/multiple_cameras.launch.py\n'}
[17.430165] (spinnaker_camera_driver) StdoutLine: {'line': b'-- Symlinking: /home/karthik/dds_ros2/flirCAMERA/flir_camera_driver/install/spinnaker_camera_driver/share/spinnaker_camera_driver//launch/multiple_cameras_ptp.launch.py\n'}
[17.434131] (spinnaker_camera_driver) StdoutLine: {'line': b'-- Symlinking: /home/karthik/dds_ros2/flirCAMERA/flir_camera_driver/install/spinnaker_camera_driver/lib/spinnaker_camera_driver/linux_setup_flir\n'}
[17.438332] (spinnaker_camera_driver) StdoutLine: {'line': b'-- Symlinking: /home/karthik/dds_ros2/flirCAMERA/flir_camera_driver/install/spinnaker_camera_driver/share/ament_index/resource_index/package_run_dependencies/spinnaker_camera_driver\n'}
[17.441846] (spinnaker_camera_driver) StdoutLine: {'line': b'-- Symlinking: /home/karthik/dds_ros2/flirCAMERA/flir_camera_driver/install/spinnaker_camera_driver/share/ament_index/resource_index/parent_prefix_path/spinnaker_camera_driver\n'}
[17.442619] (-) TimerEvent: {}
[17.445970] (spinnaker_camera_driver) StdoutLine: {'line': b'-- Symlinking: /home/karthik/dds_ros2/flirCAMERA/flir_camera_driver/install/spinnaker_camera_driver/share/spinnaker_camera_driver/environment/ament_prefix_path.sh\n'}
[17.450733] (spinnaker_camera_driver) StdoutLine: {'line': b'-- Symlinking: /home/karthik/dds_ros2/flirCAMERA/flir_camera_driver/install/spinnaker_camera_driver/share/spinnaker_camera_driver/environment/ament_prefix_path.dsv\n'}
[17.454704] (spinnaker_camera_driver) StdoutLine: {'line': b'-- Symlinking: /home/karthik/dds_ros2/flirCAMERA/flir_camera_driver/install/spinnaker_camera_driver/share/spinnaker_camera_driver/environment/path.sh\n'}
[17.458945] (spinnaker_camera_driver) StdoutLine: {'line': b'-- Symlinking: /home/karthik/dds_ros2/flirCAMERA/flir_camera_driver/install/spinnaker_camera_driver/share/spinnaker_camera_driver/environment/path.dsv\n'}
[17.462537] (spinnaker_camera_driver) StdoutLine: {'line': b'-- Symlinking: /home/karthik/dds_ros2/flirCAMERA/flir_camera_driver/install/spinnaker_camera_driver/share/spinnaker_camera_driver/local_setup.bash\n'}
[17.466712] (spinnaker_camera_driver) StdoutLine: {'line': b'-- Symlinking: /home/karthik/dds_ros2/flirCAMERA/flir_camera_driver/install/spinnaker_camera_driver/share/spinnaker_camera_driver/local_setup.sh\n'}
[17.470198] (spinnaker_camera_driver) StdoutLine: {'line': b'-- Symlinking: /home/karthik/dds_ros2/flirCAMERA/flir_camera_driver/install/spinnaker_camera_driver/share/spinnaker_camera_driver/local_setup.zsh\n'}
[17.473952] (spinnaker_camera_driver) StdoutLine: {'line': b'-- Symlinking: /home/karthik/dds_ros2/flirCAMERA/flir_camera_driver/install/spinnaker_camera_driver/share/spinnaker_camera_driver/local_setup.dsv\n'}
[17.478115] (spinnaker_camera_driver) StdoutLine: {'line': b'-- Symlinking: /home/karthik/dds_ros2/flirCAMERA/flir_camera_driver/install/spinnaker_camera_driver/share/spinnaker_camera_driver/package.dsv\n'}
[17.481801] (spinnaker_camera_driver) StdoutLine: {'line': b'-- Symlinking: /home/karthik/dds_ros2/flirCAMERA/flir_camera_driver/install/spinnaker_camera_driver/share/ament_index/resource_index/packages/spinnaker_camera_driver\n'}
[17.486130] (spinnaker_camera_driver) StdoutLine: {'line': b'-- Symlinking: /home/karthik/dds_ros2/flirCAMERA/flir_camera_driver/install/spinnaker_camera_driver/share/ament_index/resource_index/rclcpp_components/spinnaker_camera_driver\n'}
[17.489908] (spinnaker_camera_driver) StdoutLine: {'line': b'-- Symlinking: /home/karthik/dds_ros2/flirCAMERA/flir_camera_driver/install/spinnaker_camera_driver/share/spinnaker_camera_driver/cmake/spinnaker_camera_driverConfig.cmake\n'}
[17.494611] (spinnaker_camera_driver) StdoutLine: {'line': b'-- Symlinking: /home/karthik/dds_ros2/flirCAMERA/flir_camera_driver/install/spinnaker_camera_driver/share/spinnaker_camera_driver/cmake/spinnaker_camera_driverConfig-version.cmake\n'}
[17.498470] (spinnaker_camera_driver) StdoutLine: {'line': b'-- Symlinking: /home/karthik/dds_ros2/flirCAMERA/flir_camera_driver/install/spinnaker_camera_driver/share/spinnaker_camera_driver/package.xml\n'}
[17.502530] (spinnaker_camera_driver) StdoutLine: {'line': b'-- Installing: /home/karthik/dds_ros2/flirCAMERA/flir_camera_driver/install/spinnaker_camera_driver/lib/libcamera_driver.so\n'}
[17.509413] (spinnaker_camera_driver) StdoutLine: {'line': b'-- Set runtime path of "/home/karthik/dds_ros2/flirCAMERA/flir_camera_driver/install/spinnaker_camera_driver/lib/libcamera_driver.so" to ""\n'}
[17.509506] (spinnaker_camera_driver) StdoutLine: {'line': b'-- Installing: /home/karthik/dds_ros2/flirCAMERA/flir_camera_driver/install/spinnaker_camera_driver/lib/cmake/spinnaker_camera_driver/spinnaker_camera_driverTargets.cmake\n'}
[17.509581] (spinnaker_camera_driver) StdoutLine: {'line': b'-- Installing: /home/karthik/dds_ros2/flirCAMERA/flir_camera_driver/install/spinnaker_camera_driver/lib/cmake/spinnaker_camera_driver/spinnaker_camera_driverTargets-relwithdebinfo.cmake\n'}
[17.511629] (spinnaker_camera_driver) CommandEnded: {'returncode': 0}
[17.517948] (spinnaker_camera_driver) JobEnded: {'identifier': 'spinnaker_camera_driver', 'rc': 0}
[17.518367] (-) EventReactorShutdown: {}
