[0.000000] (-) TimerEvent: {}
[0.000652] (-) JobUnselected: {'identifier': 'flir_camera_description'}
[0.000671] (-) JobUnselected: {'identifier': 'spinnaker_synchronized_camera_driver'}
[0.000685] (flir_camera_msgs) JobQueued: {'identifier': 'flir_camera_msgs', 'dependencies': OrderedDict()}
[0.000696] (spinnaker_camera_driver) JobQueued: {'identifier': 'spinnaker_camera_driver', 'dependencies': OrderedDict([('flir_camera_msgs', '/home/karthik/dds_ros2/flirCAMERA/flir_camera_driver/install/flir_camera_msgs')])}
[0.000708] (flir_camera_msgs) JobStarted: {'identifier': 'flir_camera_msgs'}
[0.004976] (flir_camera_msgs) JobProgress: {'identifier': 'flir_camera_msgs', 'progress': 'cmake'}
[0.005446] (flir_camera_msgs) Command: {'cmd': ['/usr/bin/cmake', '/home/karthik/dds_ros2/flirCAMERA/flir_camera_driver/flir_camera_msgs', '-DAMENT_CMAKE_SYMLINK_INSTALL=1', '-DCMAKE_INSTALL_PREFIX=/home/karthik/dds_ros2/flirCAMERA/flir_camera_driver/install/flir_camera_msgs'], 'cwd': '/home/karthik/dds_ros2/flirCAMERA/flir_camera_driver/build/flir_camera_msgs', 'env': OrderedDict([('GJS_DEBUG_TOPICS', 'JS ERROR;JS LOG'), ('PYTHON_BASIC_REPL', '1'), ('LESSOPEN', '| /usr/bin/lesspipe %s'), ('USER', 'karthik'), ('LC_TIME', 'de_DE.UTF-8'), ('XDG_SESSION_TYPE', 'x11'), ('GIT_ASKPASS', '/usr/share/antigravity/resources/app/extensions/git/dist/askpass.sh'), ('SHLVL', '2'), ('LD_LIBRARY_PATH', '/home/karthik/dds_ros2/flirCAMERA/flir_camera_driver/install/spinnaker_camera_driver/lib:/home/karthik/dds_ros2/flirCAMERA/flir_camera_driver/install/flir_camera_msgs/lib:/opt/ros/humble/opt/rviz_ogre_vendor/lib:/opt/ros/humble/lib/x86_64-linux-gnu:/opt/ros/humble/lib'), ('ANTIGRAVITY_CLI_ALIAS', 'agy'), ('HOME', '/home/karthik'), ('CHROME_DESKTOP', 'antigravity.desktop'), ('OLDPWD', '/home/karthik/dds_ros2/flirCAMERA/flir_camera_driver'), ('TERM_PROGRAM_VERSION', '1.104.0'), ('DESKTOP_SESSION', 'ubuntu'), ('GIO_LAUNCHED_DESKTOP_FILE', '/usr/share/applications/antigravity.desktop'), ('ROS_PYTHON_VERSION', '3'), ('GNOME_SHELL_SESSION_MODE', 'ubuntu'), ('GTK_MODULES', 'gail:atk-bridge'), ('VSCODE_GIT_ASKPASS_MAIN', '/usr/share/antigravity/resources/app/extensions/git/dist/askpass-main.js'), ('LC_MONETARY', 'de_DE.UTF-8'), ('VSCODE_GIT_ASKPASS_NODE', '/usr/share/antigravity/antigravity'), ('MANAGERPID', '3174'), ('PYDEVD_DISABLE_FILE_VALIDATION', '1'), ('SYSTEMD_EXEC_PID', '3437'), ('BUNDLED_DEBUGPY_PATH', '/home/karthik/.antigravity/extensions/ms-python.debugpy-2025.18.0-linux-x64/bundled/libs/debugpy'), ('VSCODE_PYTHON_AUTOACTIVATE_GUARD', '1'), ('DBUS_SESSION_BUS_ADDRESS', 'unix:path=/run/user/1000/bus'), ('COLORTERM', 'truecolor'), ('GIO_LAUNCHED_DESKTOP_FILE_PID', '5610'), ('COLCON_PREFIX_PATH', '/home/karthik/dds_ros2/flirCAMERA/flir_camera_driver/install'), ('ROS_DISTRO', 'humble'), ('GTK_IM_MODULE', 'ibus'), ('LOGNAME', 'karthik'), ('JOURNAL_STREAM', '8:80912'), ('_', '/usr/bin/colcon'), ('ROS_VERSION', '2'), ('XDG_SESSION_CLASS', 'user'), ('USERNAME', 'karthik'), ('TERM', 'xterm-256color'), ('GNOME_DESKTOP_SESSION_ID', 'this-is-deprecated'), ('ROS_LOCALHOST_ONLY', '0'), ('WINDOWPATH', '2'), ('PATH', '/opt/ros/humble/bin:/home/karthik/.local/bin:/home/karthik/.local/bin:/opt/spinnaker/bin:/usr/local/sbin:/usr/local/bin:/usr/sbin:/usr/bin:/sbin:/bin:/usr/games:/usr/local/games:/snap/bin:/snap/bin:/home/karthik/.antigravity/extensions/ms-python.debugpy-2025.18.0-linux-x64/bundled/scripts/noConfigScripts'), ('SESSION_MANAGER', 'local/Karthik:@/tmp/.ICE-unix/3414,unix/Karthik:/tmp/.ICE-unix/3414'), ('INVOCATION_ID', '8c000bce77184e7abaf8e7054f526e83'), ('XDG_MENU_PREFIX', 'gnome-'), ('LC_ADDRESS', 'de_DE.UTF-8'), ('XDG_RUNTIME_DIR', '/run/user/1000'), ('GDK_BACKEND', 'x11'), ('SPINNAKER_GENTL64_CTI', '/opt/spinnaker/lib/spinnaker-gentl/Spinnaker_GenTL.cti'), ('DISPLAY', ':1'), ('VSCODE_DEBUGPY_ADAPTER_ENDPOINTS', '/home/karthik/.antigravity/extensions/ms-python.debugpy-2025.18.0-linux-x64/.noConfigDebugAdapterEndpoints/endpoint-f3ee66c29dd09338.txt'), ('LANG', 'en_US.UTF-8'), ('XDG_CURRENT_DESKTOP', 'Unity'), ('PYTHONSTARTUP', '/home/karthik/.config/Antigravity/User/workspaceStorage/d88c120b86d835b02216619077cb693b/ms-python.python/pythonrc.py'), ('LC_TELEPHONE', 'de_DE.UTF-8'), ('XMODIFIERS', '@im=ibus'), ('XDG_SESSION_DESKTOP', 'ubuntu'), ('XAUTHORITY', '/run/user/1000/gdm/Xauthority'), ('LS_COLORS', 'rs=0:di=01;34:ln=01;36:mh=00:pi=40;33:so=01;35:do=01;35:bd=40;33;01:cd=40;33;01:or=40;31;01:mi=00:su=37;41:sg=30;43:ca=30;41:tw=30;42:ow=34;42:st=37;44:ex=01;32:*.tar=01;31:*.tgz=01;31:*.arc=01;31:*.arj=01;31:*.taz=01;31:*.lha=01;31:*.lz4=01;31:*.lzh=01;31:*.lzma=01;31:*.tlz=01;31:*.txz=01;31:*.tzo=01;31:*.t7z=01;31:*.zip=01;31:*.z=01;31:*.dz=01;31:*.gz=01;31:*.lrz=01;31:*.lz=01;31:*.lzo=01;31:*.xz=01;31:*.zst=01;31:*.tzst=01;31:*.bz2=01;31:*.bz=01;31:*.tbz=01;31:*.tbz2=01;31:*.tz=01;31:*.deb=01;31:*.rpm=01;31:*.jar=01;31:*.war=01;31:*.ear=01;31:*.sar=01;31:*.rar=01;31:*.alz=01;31:*.ace=01;31:*.zoo=01;31:*.cpio=01;31:*.7z=01;31:*.rz=01;31:*.cab=01;31:*.wim=01;31:*.swm=01;31:*.dwm=01;31:*.esd=01;31:*.jpg=01;35:*.jpeg=01;35:*.mjpg=01;35:*.mjpeg=01;35:*.gif=01;35:*.bmp=01;35:*.pbm=01;35:*.pgm=01;35:*.ppm=01;35:*.tga=01;35:*.xbm=01;35:*.xpm=01;35:*.tif=01;35:*.tiff=01;35:*.png=01;35:*.svg=01;35:*.svgz=01;35:*.mng=01;35:*.pcx=01;35:*.mov=01;35:*.mpg=01;35:*.mpeg=01;35:*.m2v=01;35:*.mkv=01;35:*.webm=01;35:*.webp=01;35:*.ogm=01;35:*.mp4=01;35:*.m4v=01;35:*.mp4v=01;35:*.vob=01;35:*.qt=01;35:*.nuv=01;35:*.wmv=01;35:*.asf=01;35:*.rm=01;35:*.rmvb=01;35:*.flc=01;35:*.avi=01;35:*.fli=01;35:*.flv=01;35:*.gl=01;35:*.dl=01;35:*.xcf=01;35:*.xwd=01;35:*.yuv=01;35:*.cgm=01;35:*.emf=01;35:*.ogv=01;35:*.ogx=01;35:*.aac=00;36:*.au=00;36:*.flac=00;36:*.m4a=00;36:*.mid=00;36:*.midi=00;36:*.mka=00;36:*.mp3=00;36:*.mpc=00;36:*.ogg=00;36:*.ra=00;36:*.wav=00;36:*.oga=00;36:*.opus=00;36:*.spx=00;36:*.xspf=00;36:'), ('VSCODE_GIT_IPC_HANDLE', '/run/user/1000/vscode-git-305ff7234e.sock'), ('TERM_PROGRAM', 'vscode'), ('SSH_AGENT_LAUNCHER', 'gnome-keyring'), ('SSH_AUTH_SOCK', '/run/user/1000/keyring/ssh'), ('AMENT_PREFIX_PATH', '/home/karthik/dds_ros2/flirCAMERA/flir_camera_driver/install/spinnaker_camera_driver:/home/karthik/dds_ros2/flirCAMERA/flir_camera_driver/install/flir_camera_msgs:/opt/ros/humble'), ('ORIGINAL_XDG_CURRENT_DESKTOP', 'ubuntu:GNOME'), ('SHELL', '/bin/bash'), ('LC_NAME', 'de_DE.UTF-8'), ('QT_ACCESSIBILITY', '1'), ('GDMSESSION', 'ubuntu'), ('LESSCLOSE', '/usr/bin/lesspipe %s %s'), ('LC_MEASUREMENT', 'de_DE.UTF-8'), ('GPG_AGENT_INFO', '/run/user/1000/gnupg/S.gpg-agent:0:1'), ('GJS_DEBUG_OUTPUT', 'stderr'), ('LC_IDENTIFICATION', 'de_DE.UTF-8'), ('VSCODE_GIT_ASKPASS_EXTRA_ARGS', ''), ('QT_IM_MODULE', 'ibus'), ('PWD', '/home/karthik/dds_ros2/flirCAMERA/flir_camera_driver/build/flir_camera_msgs'), ('LC_ALL', 'en_US.UTF-8'), ('XDG_CONFIG_DIRS', '/etc/xdg/xdg-ubuntu:/etc/xdg'), ('XDG_DATA_DIRS', '/usr/share/ubuntu:/usr/share/gnome:/usr/local/share/:/usr/share/:/var/lib/snapd/desktop'), ('PYTHONPATH', '/home/karthik/dds_ros2/flirCAMERA/flir_camera_driver/install/flir_camera_msgs/local/lib/python3.10/dist-packages:/opt/ros/humble/lib/python3.10/site-packages:/opt/ros/humble/local/lib/python3.10/dist-packages'), ('LC_NUMERIC', 'de_DE.UTF-8'), ('LC_PAPER', 'de_DE.UTF-8'), ('COLCON', '1'), ('GENICAM_GENTL64_PATH', '/opt/spinnaker/lib/spinnaker-gentl'), ('CMAKE_PREFIX_PATH', '/home/karthik/dds_ros2/flirCAMERA/flir_camera_driver/install/spinnaker_camera_driver:/home/karthik/dds_ros2/flirCAMERA/flir_camera_driver/install/flir_camera_msgs:/opt/ros/humble')]), 'shell': False}
[0.036330] (flir_camera_msgs) StdoutLine: {'line': b'-- The C compiler identification is GNU 11.4.0\n'}
[0.063132] (flir_camera_msgs) StdoutLine: {'line': b'-- The CXX compiler identification is GNU 11.4.0\n'}
[0.067174] (flir_camera_msgs) StdoutLine: {'line': b'-- Detecting C compiler ABI info\n'}
[0.099498] (-) TimerEvent: {}
[0.104931] (flir_camera_msgs) StdoutLine: {'line': b'-- Detecting C compiler ABI info - done\n'}
[0.108254] (flir_camera_msgs) StdoutLine: {'line': b'-- Check for working C compiler: /usr/bin/cc - skipped\n'}
[0.108409] (flir_camera_msgs) StdoutLine: {'line': b'-- Detecting C compile features\n'}
[0.108605] (flir_camera_msgs) StdoutLine: {'line': b'-- Detecting C compile features - done\n'}
[0.110049] (flir_camera_msgs) StdoutLine: {'line': b'-- Detecting CXX compiler ABI info\n'}
[0.150283] (flir_camera_msgs) StdoutLine: {'line': b'-- Detecting CXX compiler ABI info - done\n'}
[0.153708] (flir_camera_msgs) StdoutLine: {'line': b'-- Check for working CXX compiler: /usr/bin/c++ - skipped\n'}
[0.153865] (flir_camera_msgs) StdoutLine: {'line': b'-- Detecting CXX compile features\n'}
[0.154092] (flir_camera_msgs) StdoutLine: {'line': b'-- Detecting CXX compile features - done\n'}
[0.154938] (flir_camera_msgs) StdoutLine: {'line': b'-- Found ament_cmake: 1.3.12 (/opt/ros/humble/share/ament_cmake/cmake)\n'}
[0.199554] (-) TimerEvent: {}
[0.229196] (flir_camera_msgs) StdoutLine: {'line': b'-- Found Python3: /usr/bin/python3 (found version "3.10.12") found components: Interpreter \n'}
[0.256333] (flir_camera_msgs) StdoutLine: {'line': b'-- Override CMake install command with custom implementation using symlinks instead of copying resources\n'}
[0.265734] (flir_camera_msgs) StdoutLine: {'line': b'-- Found builtin_interfaces: 1.2.2 (/opt/ros/humble/share/builtin_interfaces/cmake)\n'}
[0.277655] (flir_camera_msgs) StdoutLine: {'line': b'-- Found rosidl_generator_c: 3.1.7 (/opt/ros/humble/share/rosidl_generator_c/cmake)\n'}
[0.279277] (flir_camera_msgs) StdoutLine: {'line': b'-- Found rosidl_adapter: 3.1.7 (/opt/ros/humble/share/rosidl_adapter/cmake)\n'}
[0.282318] (flir_camera_msgs) StdoutLine: {'line': b'-- Found rosidl_generator_cpp: 3.1.7 (/opt/ros/humble/share/rosidl_generator_cpp/cmake)\n'}
[0.286675] (flir_camera_msgs) StdoutLine: {'line': b'-- Using all available rosidl_typesupport_c: rosidl_typesupport_fastrtps_c;rosidl_typesupport_introspection_c\n'}
[0.293631] (flir_camera_msgs) StdoutLine: {'line': b'-- Using all available rosidl_typesupport_cpp: rosidl_typesupport_fastrtps_cpp;rosidl_typesupport_introspection_cpp\n'}
[0.299206] (flir_camera_msgs) StdoutLine: {'line': b'-- Found rosidl_default_generators: 1.2.0 (/opt/ros/humble/share/rosidl_default_generators/cmake)\n'}
[0.299637] (-) TimerEvent: {}
[0.302140] (flir_camera_msgs) StdoutLine: {'line': b'-- Found std_msgs: 4.9.0 (/opt/ros/humble/share/std_msgs/cmake)\n'}
[0.399710] (-) TimerEvent: {}
[0.439206] (flir_camera_msgs) StdoutLine: {'line': b'-- Found ament_cmake_cppcheck: 0.12.14 (/opt/ros/humble/share/ament_cmake_cppcheck/cmake)\n'}
[0.439895] (flir_camera_msgs) StdoutLine: {'line': b'-- Found ament_cmake_cpplint: 0.12.14 (/opt/ros/humble/share/ament_cmake_cpplint/cmake)\n'}
[0.440478] (flir_camera_msgs) StdoutLine: {'line': b'-- Found ament_cmake_uncrustify: 0.12.14 (/opt/ros/humble/share/ament_cmake_uncrustify/cmake)\n'}
[0.441235] (flir_camera_msgs) StdoutLine: {'line': b'-- Found ament_cmake_ros: 0.10.0 (/opt/ros/humble/share/ament_cmake_ros/cmake)\n'}
[0.499785] (-) TimerEvent: {}
[0.599937] (-) TimerEvent: {}
[0.621089] (flir_camera_msgs) StdoutLine: {'line': b'-- Using all available rosidl_typesupport_c: rosidl_typesupport_fastrtps_c;rosidl_typesupport_introspection_c\n'}
[0.688150] (flir_camera_msgs) StdoutLine: {'line': b'-- Using all available rosidl_typesupport_cpp: rosidl_typesupport_fastrtps_cpp;rosidl_typesupport_introspection_cpp\n'}
[0.699882] (flir_camera_msgs) StdoutLine: {'line': b'-- Found PythonInterp: /usr/bin/python3 (found suitable version "3.10.12", minimum required is "3.6") \n'}
[0.699938] (-) TimerEvent: {}
[0.700580] (flir_camera_msgs) StdoutLine: {'line': b'-- Found python_cmake_module: 0.10.0 (/opt/ros/humble/share/python_cmake_module/cmake)\n'}
[0.716957] (flir_camera_msgs) StdoutLine: {'line': b'-- Found PythonLibs: /usr/lib/x86_64-linux-gnu/libpython3.10.so (found suitable version "3.10.12", minimum required is "3.5") \n'}
[0.717045] (flir_camera_msgs) StdoutLine: {'line': b'-- Using PYTHON_EXECUTABLE: /usr/bin/python3\n'}
[0.717073] (flir_camera_msgs) StdoutLine: {'line': b'-- Using PYTHON_INCLUDE_DIRS: /usr/include/python3.10\n'}
[0.717096] (flir_camera_msgs) StdoutLine: {'line': b'-- Using PYTHON_LIBRARIES: /usr/lib/x86_64-linux-gnu/libpython3.10.so\n'}
[0.733455] (flir_camera_msgs) StdoutLine: {'line': b'-- Found PythonExtra: .so  \n'}
[0.759547] (flir_camera_msgs) StdoutLine: {'line': b'-- Found ament_cmake_flake8: 0.12.14 (/opt/ros/humble/share/ament_cmake_flake8/cmake)\n'}
[0.760359] (flir_camera_msgs) StdoutLine: {'line': b'-- Found ament_cmake_pep257: 0.12.14 (/opt/ros/humble/share/ament_cmake_pep257/cmake)\n'}
[0.761615] (flir_camera_msgs) StdoutLine: {'line': b'-- Found ament_cmake_copyright: 0.12.14 (/opt/ros/humble/share/ament_cmake_copyright/cmake)\n'}
[0.762128] (flir_camera_msgs) StdoutLine: {'line': b'-- Found ament_cmake_lint_cmake: 0.12.14 (/opt/ros/humble/share/ament_cmake_lint_cmake/cmake)\n'}
[0.762688] (flir_camera_msgs) StdoutLine: {'line': b'-- Found ament_cmake_xmllint: 0.12.14 (/opt/ros/humble/share/ament_cmake_xmllint/cmake)\n'}
[0.766509] (flir_camera_msgs) StdoutLine: {'line': b'-- Configuring done\n'}
[0.779186] (flir_camera_msgs) StdoutLine: {'line': b'-- Generating done\n'}
[0.783400] (flir_camera_msgs) StdoutLine: {'line': b'-- Build files have been written to: /home/karthik/dds_ros2/flirCAMERA/flir_camera_driver/build/flir_camera_msgs\n'}
[0.790490] (flir_camera_msgs) CommandEnded: {'returncode': 0}
[0.791108] (flir_camera_msgs) JobProgress: {'identifier': 'flir_camera_msgs', 'progress': 'build'}
[0.791730] (flir_camera_msgs) Command: {'cmd': ['/usr/bin/cmake', '--build', '/home/karthik/dds_ros2/flirCAMERA/flir_camera_driver/build/flir_camera_msgs', '--', '-j128', '-l128'], 'cwd': '/home/karthik/dds_ros2/flirCAMERA/flir_camera_driver/build/flir_camera_msgs', 'env': OrderedDict([('GJS_DEBUG_TOPICS', 'JS ERROR;JS LOG'), ('PYTHON_BASIC_REPL', '1'), ('LESSOPEN', '| /usr/bin/lesspipe %s'), ('USER', 'karthik'), ('LC_TIME', 'de_DE.UTF-8'), ('XDG_SESSION_TYPE', 'x11'), ('GIT_ASKPASS', '/usr/share/antigravity/resources/app/extensions/git/dist/askpass.sh'), ('SHLVL', '2'), ('LD_LIBRARY_PATH', '/home/karthik/dds_ros2/flirCAMERA/flir_camera_driver/install/spinnaker_camera_driver/lib:/home/karthik/dds_ros2/flirCAMERA/flir_camera_driver/install/flir_camera_msgs/lib:/opt/ros/humble/opt/rviz_ogre_vendor/lib:/opt/ros/humble/lib/x86_64-linux-gnu:/opt/ros/humble/lib'), ('ANTIGRAVITY_CLI_ALIAS', 'agy'), ('HOME', '/home/karthik'), ('CHROME_DESKTOP', 'antigravity.desktop'), ('OLDPWD', '/home/karthik/dds_ros2/flirCAMERA/flir_camera_driver'), ('TERM_PROGRAM_VERSION', '1.104.0'), ('DESKTOP_SESSION', 'ubuntu'), ('GIO_LAUNCHED_DESKTOP_FILE', '/usr/share/applications/antigravity.desktop'), ('ROS_PYTHON_VERSION', '3'), ('GNOME_SHELL_SESSION_MODE', 'ubuntu'), ('GTK_MODULES', 'gail:atk-bridge'), ('VSCODE_GIT_ASKPASS_MAIN', '/usr/share/antigravity/resources/app/extensions/git/dist/askpass-main.js'), ('LC_MONETARY', 'de_DE.UTF-8'), ('VSCODE_GIT_ASKPASS_NODE', '/usr/share/antigravity/antigravity'), ('MANAGERPID', '3174'), ('PYDEVD_DISABLE_FILE_VALIDATION', '1'), ('SYSTEMD_EXEC_PID', '3437'), ('BUNDLED_DEBUGPY_PATH', '/home/karthik/.antigravity/extensions/ms-python.debugpy-2025.18.0-linux-x64/bundled/libs/debugpy'), ('VSCODE_PYTHON_AUTOACTIVATE_GUARD', '1'), ('DBUS_SESSION_BUS_ADDRESS', 'unix:path=/run/user/1000/bus'), ('COLORTERM', 'truecolor'), ('GIO_LAUNCHED_DESKTOP_FILE_PID', '5610'), ('COLCON_PREFIX_PATH', '/home/karthik/dds_ros2/flirCAMERA/flir_camera_driver/install'), ('ROS_DISTRO', 'humble'), ('GTK_IM_MODULE', 'ibus'), ('LOGNAME', 'karthik'), ('JOURNAL_STREAM', '8:80912'), ('_', '/usr/bin/colcon'), ('ROS_VERSION', '2'), ('XDG_SESSION_CLASS', 'user'), ('USERNAME', 'karthik'), ('TERM', 'xterm-256color'), ('GNOME_DESKTOP_SESSION_ID', 'this-is-deprecated'), ('ROS_LOCALHOST_ONLY', '0'), ('WINDOWPATH', '2'), ('PATH', '/opt/ros/humble/bin:/home/karthik/.local/bin:/home/karthik/.local/bin:/opt/spinnaker/bin:/usr/local/sbin:/usr/local/bin:/usr/sbin:/usr/bin:/sbin:/bin:/usr/games:/usr/local/games:/snap/bin:/snap/bin:/home/karthik/.antigravity/extensions/ms-python.debugpy-2025.18.0-linux-x64/bundled/scripts/noConfigScripts'), ('SESSION_MANAGER', 'local/Karthik:@/tmp/.ICE-unix/3414,unix/Karthik:/tmp/.ICE-unix/3414'), ('INVOCATION_ID', '8c000bce77184e7abaf8e7054f526e83'), ('XDG_MENU_PREFIX', 'gnome-'), ('LC_ADDRESS', 'de_DE.UTF-8'), ('XDG_RUNTIME_DIR', '/run/user/1000'), ('GDK_BACKEND', 'x11'), ('SPINNAKER_GENTL64_CTI', '/opt/spinnaker/lib/spinnaker-gentl/Spinnaker_GenTL.cti'), ('DISPLAY', ':1'), ('VSCODE_DEBUGPY_ADAPTER_ENDPOINTS', '/home/karthik/.antigravity/extensions/ms-python.debugpy-2025.18.0-linux-x64/.noConfigDebugAdapterEndpoints/endpoint-f3ee66c29dd09338.txt'), ('LANG', 'en_US.UTF-8'), ('XDG_CURRENT_DESKTOP', 'Unity'), ('PYTHONSTARTUP', '/home/karthik/.config/Antigravity/User/workspaceStorage/d88c120b86d835b02216619077cb693b/ms-python.python/pythonrc.py'), ('LC_TELEPHONE', 'de_DE.UTF-8'), ('XMODIFIERS', '@im=ibus'), ('XDG_SESSION_DESKTOP', 'ubuntu'), ('XAUTHORITY', '/run/user/1000/gdm/Xauthority'), ('LS_COLORS', 'rs=0:di=01;34:ln=01;36:mh=00:pi=40;33:so=01;35:do=01;35:bd=40;33;01:cd=40;33;01:or=40;31;01:mi=00:su=37;41:sg=30;43:ca=30;41:tw=30;42:ow=34;42:st=37;44:ex=01;32:*.tar=01;31:*.tgz=01;31:*.arc=01;31:*.arj=01;31:*.taz=01;31:*.lha=01;31:*.lz4=01;31:*.lzh=01;31:*.lzma=01;31:*.tlz=01;31:*.txz=01;31:*.tzo=01;31:*.t7z=01;31:*.zip=01;31:*.z=01;31:*.dz=01;31:*.gz=01;31:*.lrz=01;31:*.lz=01;31:*.lzo=01;31:*.xz=01;31:*.zst=01;31:*.tzst=01;31:*.bz2=01;31:*.bz=01;31:*.tbz=01;31:*.tbz2=01;31:*.tz=01;31:*.deb=01;31:*.rpm=01;31:*.jar=01;31:*.war=01;31:*.ear=01;31:*.sar=01;31:*.rar=01;31:*.alz=01;31:*.ace=01;31:*.zoo=01;31:*.cpio=01;31:*.7z=01;31:*.rz=01;31:*.cab=01;31:*.wim=01;31:*.swm=01;31:*.dwm=01;31:*.esd=01;31:*.jpg=01;35:*.jpeg=01;35:*.mjpg=01;35:*.mjpeg=01;35:*.gif=01;35:*.bmp=01;35:*.pbm=01;35:*.pgm=01;35:*.ppm=01;35:*.tga=01;35:*.xbm=01;35:*.xpm=01;35:*.tif=01;35:*.tiff=01;35:*.png=01;35:*.svg=01;35:*.svgz=01;35:*.mng=01;35:*.pcx=01;35:*.mov=01;35:*.mpg=01;35:*.mpeg=01;35:*.m2v=01;35:*.mkv=01;35:*.webm=01;35:*.webp=01;35:*.ogm=01;35:*.mp4=01;35:*.m4v=01;35:*.mp4v=01;35:*.vob=01;35:*.qt=01;35:*.nuv=01;35:*.wmv=01;35:*.asf=01;35:*.rm=01;35:*.rmvb=01;35:*.flc=01;35:*.avi=01;35:*.fli=01;35:*.flv=01;35:*.gl=01;35:*.dl=01;35:*.xcf=01;35:*.xwd=01;35:*.yuv=01;35:*.cgm=01;35:*.emf=01;35:*.ogv=01;35:*.ogx=01;35:*.aac=00;36:*.au=00;36:*.flac=00;36:*.m4a=00;36:*.mid=00;36:*.midi=00;36:*.mka=00;36:*.mp3=00;36:*.mpc=00;36:*.ogg=00;36:*.ra=00;36:*.wav=00;36:*.oga=00;36:*.opus=00;36:*.spx=00;36:*.xspf=00;36:'), ('VSCODE_GIT_IPC_HANDLE', '/run/user/1000/vscode-git-305ff7234e.sock'), ('TERM_PROGRAM', 'vscode'), ('SSH_AGENT_LAUNCHER', 'gnome-keyring'), ('SSH_AUTH_SOCK', '/run/user/1000/keyring/ssh'), ('AMENT_PREFIX_PATH', '/home/karthik/dds_ros2/flirCAMERA/flir_camera_driver/install/spinnaker_camera_driver:/home/karthik/dds_ros2/flirCAMERA/flir_camera_driver/install/flir_camera_msgs:/opt/ros/humble'), ('ORIGINAL_XDG_CURRENT_DESKTOP', 'ubuntu:GNOME'), ('SHELL', '/bin/bash'), ('LC_NAME', 'de_DE.UTF-8'), ('QT_ACCESSIBILITY', '1'), ('GDMSESSION', 'ubuntu'), ('LESSCLOSE', '/usr/bin/lesspipe %s %s'), ('LC_MEASUREMENT', 'de_DE.UTF-8'), ('GPG_AGENT_INFO', '/run/user/1000/gnupg/S.gpg-agent:0:1'), ('GJS_DEBUG_OUTPUT', 'stderr'), ('LC_IDENTIFICATION', 'de_DE.UTF-8'), ('VSCODE_GIT_ASKPASS_EXTRA_ARGS', ''), ('QT_IM_MODULE', 'ibus'), ('PWD', '/home/karthik/dds_ros2/flirCAMERA/flir_camera_driver/build/flir_camera_msgs'), ('LC_ALL', 'en_US.UTF-8'), ('XDG_CONFIG_DIRS', '/etc/xdg/xdg-ubuntu:/etc/xdg'), ('XDG_DATA_DIRS', '/usr/share/ubuntu:/usr/share/gnome:/usr/local/share/:/usr/share/:/var/lib/snapd/desktop'), ('PYTHONPATH', '/home/karthik/dds_ros2/flirCAMERA/flir_camera_driver/install/flir_camera_msgs/local/lib/python3.10/dist-packages:/opt/ros/humble/lib/python3.10/site-packages:/opt/ros/humble/local/lib/python3.10/dist-packages'), ('LC_NUMERIC', 'de_DE.UTF-8'), ('LC_PAPER', 'de_DE.UTF-8'), ('COLCON', '1'), ('GENICAM_GENTL64_PATH', '/opt/spinnaker/lib/spinnaker-gentl'), ('CMAKE_PREFIX_PATH', '/home/karthik/dds_ros2/flirCAMERA/flir_camera_driver/install/spinnaker_camera_driver:/home/karthik/dds_ros2/flirCAMERA/flir_camera_driver/install/flir_camera_msgs:/opt/ros/humble')]), 'shell': False}
[0.800040] (-) TimerEvent: {}
[0.814514] (flir_camera_msgs) StdoutLine: {'line': b'[  2%] \x1b[34m\x1b[1mGenerating C code for ROS interfaces\x1b[0m\n'}
[0.818819] (flir_camera_msgs) StdoutLine: {'line': b'[  5%] \x1b[34m\x1b[1mGenerating C++ code for ROS interfaces\x1b[0m\n'}
[0.824836] (flir_camera_msgs) StdoutLine: {'line': b'[  5%] Built target ament_cmake_python_symlink_flir_camera_msgs\n'}
[0.900118] (-) TimerEvent: {}
[0.943048] (flir_camera_msgs) StdoutLine: {'line': b'running egg_info\n'}
[0.943253] (flir_camera_msgs) StdoutLine: {'line': b'creating flir_camera_msgs.egg-info\n'}
[0.943364] (flir_camera_msgs) StdoutLine: {'line': b'writing flir_camera_msgs.egg-info/PKG-INFO\n'}
[0.943454] (flir_camera_msgs) StdoutLine: {'line': b'writing dependency_links to flir_camera_msgs.egg-info/dependency_links.txt\n'}
[0.943501] (flir_camera_msgs) StdoutLine: {'line': b'writing top-level names to flir_camera_msgs.egg-info/top_level.txt\n'}
[0.943581] (flir_camera_msgs) StdoutLine: {'line': b"writing manifest file 'flir_camera_msgs.egg-info/SOURCES.txt'\n"}
[0.944264] (flir_camera_msgs) StdoutLine: {'line': b"reading manifest file 'flir_camera_msgs.egg-info/SOURCES.txt'\n"}
[0.944462] (flir_camera_msgs) StdoutLine: {'line': b"writing manifest file 'flir_camera_msgs.egg-info/SOURCES.txt'\n"}
[0.962573] (flir_camera_msgs) StdoutLine: {'line': b'[  5%] Built target ament_cmake_python_build_flir_camera_msgs_egg\n'}
[0.990201] (flir_camera_msgs) StdoutLine: {'line': b'[  5%] Built target flir_camera_msgs__cpp\n'}
[0.994343] (flir_camera_msgs) StdoutLine: {'line': b'[  7%] \x1b[32mBuilding C object CMakeFiles/flir_camera_msgs__rosidl_generator_c.dir/rosidl_generator_c/flir_camera_msgs/msg/detail/camera_control__functions.c.o\x1b[0m\n'}
[0.994480] (flir_camera_msgs) StdoutLine: {'line': b'[ 10%] \x1b[32mBuilding C object CMakeFiles/flir_camera_msgs__rosidl_generator_c.dir/rosidl_generator_c/flir_camera_msgs/msg/detail/image_meta_data__functions.c.o\x1b[0m\n'}
[0.994997] (flir_camera_msgs) StdoutLine: {'line': b'[ 12%] \x1b[34m\x1b[1mGenerating C++ type support for eProsima Fast-RTPS\x1b[0m\n'}
[0.995615] (flir_camera_msgs) StdoutLine: {'line': b'[ 17%] \x1b[34m\x1b[1mGenerating C++ type support dispatch for ROS interfaces\x1b[0m\n'}
[0.995694] (flir_camera_msgs) StdoutLine: {'line': b'[ 17%] \x1b[34m\x1b[1mGenerating C++ introspection for ROS interfaces\x1b[0m\n'}
[1.000176] (-) TimerEvent: {}
[1.017990] (flir_camera_msgs) StdoutLine: {'line': b'[ 20%] \x1b[32m\x1b[1mLinking C shared library libflir_camera_msgs__rosidl_generator_c.so\x1b[0m\n'}
[1.037395] (flir_camera_msgs) StdoutLine: {'line': b'[ 20%] Built target flir_camera_msgs__rosidl_generator_c\n'}
[1.042105] (flir_camera_msgs) StdoutLine: {'line': b'[ 25%] \x1b[34m\x1b[1mGenerating C type support for eProsima Fast-RTPS\x1b[0m\n'}
[1.042156] (flir_camera_msgs) StdoutLine: {'line': b'[ 25%] \x1b[34m\x1b[1mGenerating C introspection for ROS interfaces\x1b[0m\n'}
[1.042194] (flir_camera_msgs) StdoutLine: {'line': b'[ 28%] \x1b[34m\x1b[1mGenerating C type support dispatch for ROS interfaces\x1b[0m\n'}
[1.100261] (-) TimerEvent: {}
[1.143221] (flir_camera_msgs) StdoutLine: {'line': b'[ 30%] \x1b[32mBuilding CXX object CMakeFiles/flir_camera_msgs__rosidl_typesupport_cpp.dir/rosidl_typesupport_cpp/flir_camera_msgs/msg/image_meta_data__type_support.cpp.o\x1b[0m\n'}
[1.143710] (flir_camera_msgs) StdoutLine: {'line': b'[ 33%] \x1b[32mBuilding CXX object CMakeFiles/flir_camera_msgs__rosidl_typesupport_cpp.dir/rosidl_typesupport_cpp/flir_camera_msgs/msg/camera_control__type_support.cpp.o\x1b[0m\n'}
[1.147605] (flir_camera_msgs) StdoutLine: {'line': b'[ 35%] \x1b[32mBuilding CXX object CMakeFiles/flir_camera_msgs__rosidl_typesupport_introspection_cpp.dir/rosidl_typesupport_introspection_cpp/flir_camera_msgs/msg/detail/image_meta_data__type_support.cpp.o\x1b[0m\n'}
[1.149084] (flir_camera_msgs) StdoutLine: {'line': b'[ 38%] \x1b[32mBuilding CXX object CMakeFiles/flir_camera_msgs__rosidl_typesupport_introspection_cpp.dir/rosidl_typesupport_introspection_cpp/flir_camera_msgs/msg/detail/camera_control__type_support.cpp.o\x1b[0m\n'}
[1.154168] (flir_camera_msgs) StdoutLine: {'line': b'[ 43%] \x1b[32mBuilding CXX object CMakeFiles/flir_camera_msgs__rosidl_typesupport_fastrtps_cpp.dir/rosidl_typesupport_fastrtps_cpp/flir_camera_msgs/msg/detail/dds_fastrtps/camera_control__type_support.cpp.o\x1b[0m\n'}
[1.154247] (flir_camera_msgs) StdoutLine: {'line': b'[ 43%] \x1b[32mBuilding CXX object CMakeFiles/flir_camera_msgs__rosidl_typesupport_fastrtps_cpp.dir/rosidl_typesupport_fastrtps_cpp/flir_camera_msgs/msg/detail/dds_fastrtps/image_meta_data__type_support.cpp.o\x1b[0m\n'}
[1.189338] (flir_camera_msgs) StdoutLine: {'line': b'[ 46%] \x1b[32mBuilding CXX object CMakeFiles/flir_camera_msgs__rosidl_typesupport_c.dir/rosidl_typesupport_c/flir_camera_msgs/msg/image_meta_data__type_support.cpp.o\x1b[0m\n'}
[1.189449] (flir_camera_msgs) StdoutLine: {'line': b'[ 48%] \x1b[32mBuilding CXX object CMakeFiles/flir_camera_msgs__rosidl_typesupport_c.dir/rosidl_typesupport_c/flir_camera_msgs/msg/camera_control__type_support.cpp.o\x1b[0m\n'}
[1.200335] (-) TimerEvent: {}
[1.201882] (flir_camera_msgs) StdoutLine: {'line': b'[ 51%] \x1b[32mBuilding C object CMakeFiles/flir_camera_msgs__rosidl_typesupport_introspection_c.dir/rosidl_typesupport_introspection_c/flir_camera_msgs/msg/detail/image_meta_data__type_support.c.o\x1b[0m\n'}
[1.202107] (flir_camera_msgs) StdoutLine: {'line': b'[ 53%] \x1b[32mBuilding C object CMakeFiles/flir_camera_msgs__rosidl_typesupport_introspection_c.dir/rosidl_typesupport_introspection_c/flir_camera_msgs/msg/detail/camera_control__type_support.c.o\x1b[0m\n'}
[1.203863] (flir_camera_msgs) StdoutLine: {'line': b'[ 58%] \x1b[32mBuilding CXX object CMakeFiles/flir_camera_msgs__rosidl_typesupport_fastrtps_c.dir/rosidl_typesupport_fastrtps_c/flir_camera_msgs/msg/detail/image_meta_data__type_support_c.cpp.o\x1b[0m\n'}
[1.203890] (flir_camera_msgs) StdoutLine: {'line': b'[ 58%] \x1b[32mBuilding CXX object CMakeFiles/flir_camera_msgs__rosidl_typesupport_fastrtps_c.dir/rosidl_typesupport_fastrtps_c/flir_camera_msgs/msg/detail/camera_control__type_support_c.cpp.o\x1b[0m\n'}
[1.210628] (flir_camera_msgs) StdoutLine: {'line': b'[ 61%] \x1b[32m\x1b[1mLinking CXX shared library libflir_camera_msgs__rosidl_typesupport_c.so\x1b[0m\n'}
[1.219060] (flir_camera_msgs) StdoutLine: {'line': b'[ 64%] \x1b[32m\x1b[1mLinking C shared library libflir_camera_msgs__rosidl_typesupport_introspection_c.so\x1b[0m\n'}
[1.231272] (flir_camera_msgs) StdoutLine: {'line': b'[ 64%] Built target flir_camera_msgs__rosidl_typesupport_c\n'}
[1.235088] (flir_camera_msgs) StdoutLine: {'line': b'[ 64%] Built target flir_camera_msgs__rosidl_typesupport_introspection_c\n'}
[1.258857] (flir_camera_msgs) StdoutLine: {'line': b'[ 66%] \x1b[32m\x1b[1mLinking CXX shared library libflir_camera_msgs__rosidl_typesupport_cpp.so\x1b[0m\n'}
[1.279605] (flir_camera_msgs) StdoutLine: {'line': b'[ 66%] Built target flir_camera_msgs__rosidl_typesupport_cpp\n'}
[1.300402] (-) TimerEvent: {}
[1.312089] (flir_camera_msgs) StdoutLine: {'line': b'[ 69%] \x1b[32m\x1b[1mLinking CXX shared library libflir_camera_msgs__rosidl_typesupport_introspection_cpp.so\x1b[0m\n'}
[1.323353] (flir_camera_msgs) StdoutLine: {'line': b'[ 71%] \x1b[32m\x1b[1mLinking CXX shared library libflir_camera_msgs__rosidl_typesupport_fastrtps_cpp.so\x1b[0m\n'}
[1.344229] (flir_camera_msgs) StdoutLine: {'line': b'[ 71%] Built target flir_camera_msgs__rosidl_typesupport_introspection_cpp\n'}
[1.347773] (flir_camera_msgs) StdoutLine: {'line': b'[ 74%] \x1b[32m\x1b[1mLinking CXX shared library libflir_camera_msgs__rosidl_typesupport_fastrtps_c.so\x1b[0m\n'}
[1.359858] (flir_camera_msgs) StdoutLine: {'line': b'[ 74%] Built target flir_camera_msgs__rosidl_typesupport_fastrtps_cpp\n'}
[1.382667] (flir_camera_msgs) StdoutLine: {'line': b'[ 74%] Built target flir_camera_msgs__rosidl_typesupport_fastrtps_c\n'}
[1.391709] (flir_camera_msgs) StdoutLine: {'line': b'[ 74%] Built target flir_camera_msgs\n'}
[1.400466] (-) TimerEvent: {}
[1.401028] (flir_camera_msgs) StdoutLine: {'line': b'[ 76%] \x1b[34m\x1b[1mGenerating Python code for ROS interfaces\x1b[0m\n'}
[1.500566] (-) TimerEvent: {}
[1.600776] (-) TimerEvent: {}
[1.620682] (flir_camera_msgs) StdoutLine: {'line': b'[ 76%] Built target flir_camera_msgs__py\n'}
[1.629961] (flir_camera_msgs) StdoutLine: {'line': b'[ 79%] \x1b[32mBuilding C object CMakeFiles/flir_camera_msgs__rosidl_generator_py.dir/rosidl_generator_py/flir_camera_msgs/msg/_image_meta_data_s.c.o\x1b[0m\n'}
[1.630365] (flir_camera_msgs) StdoutLine: {'line': b'[ 82%] \x1b[32mBuilding C object CMakeFiles/flir_camera_msgs__rosidl_generator_py.dir/rosidl_generator_py/flir_camera_msgs/msg/_camera_control_s.c.o\x1b[0m\n'}
[1.677857] (flir_camera_msgs) StdoutLine: {'line': b'[ 84%] \x1b[32m\x1b[1mLinking C shared library rosidl_generator_py/flir_camera_msgs/libflir_camera_msgs__rosidl_generator_py.so\x1b[0m\n'}
[1.698044] (flir_camera_msgs) StdoutLine: {'line': b'[ 84%] Built target flir_camera_msgs__rosidl_generator_py\n'}
[1.700844] (-) TimerEvent: {}
[1.707408] (flir_camera_msgs) StdoutLine: {'line': b'[ 87%] \x1b[32mBuilding C object CMakeFiles/flir_camera_msgs__rosidl_typesupport_fastrtps_c__pyext.dir/rosidl_generator_py/flir_camera_msgs/_flir_camera_msgs_s.ep.rosidl_typesupport_fastrtps_c.c.o\x1b[0m\n'}
[1.708272] (flir_camera_msgs) StdoutLine: {'line': b'[ 89%] \x1b[32mBuilding C object CMakeFiles/flir_camera_msgs__rosidl_typesupport_introspection_c__pyext.dir/rosidl_generator_py/flir_camera_msgs/_flir_camera_msgs_s.ep.rosidl_typesupport_introspection_c.c.o\x1b[0m\n'}
[1.709098] (flir_camera_msgs) StdoutLine: {'line': b'[ 92%] \x1b[32mBuilding C object CMakeFiles/flir_camera_msgs__rosidl_typesupport_c__pyext.dir/rosidl_generator_py/flir_camera_msgs/_flir_camera_msgs_s.ep.rosidl_typesupport_c.c.o\x1b[0m\n'}
[1.750150] (flir_camera_msgs) StdoutLine: {'line': b'[ 94%] \x1b[32m\x1b[1mLinking C shared library rosidl_generator_py/flir_camera_msgs/flir_camera_msgs_s__rosidl_typesupport_fastrtps_c.cpython-310-x86_64-linux-gnu.so\x1b[0m\n'}
[1.753304] (flir_camera_msgs) StdoutLine: {'line': b'[ 97%] \x1b[32m\x1b[1mLinking C shared library rosidl_generator_py/flir_camera_msgs/flir_camera_msgs_s__rosidl_typesupport_introspection_c.cpython-310-x86_64-linux-gnu.so\x1b[0m\n'}
[1.753883] (flir_camera_msgs) StdoutLine: {'line': b'[100%] \x1b[32m\x1b[1mLinking C shared library rosidl_generator_py/flir_camera_msgs/flir_camera_msgs_s__rosidl_typesupport_c.cpython-310-x86_64-linux-gnu.so\x1b[0m\n'}
[1.768719] (flir_camera_msgs) StdoutLine: {'line': b'[100%] Built target flir_camera_msgs__rosidl_typesupport_fastrtps_c__pyext\n'}
[1.770372] (flir_camera_msgs) StdoutLine: {'line': b'[100%] Built target flir_camera_msgs__rosidl_typesupport_introspection_c__pyext\n'}
[1.773187] (flir_camera_msgs) StdoutLine: {'line': b'[100%] Built target flir_camera_msgs__rosidl_typesupport_c__pyext\n'}
[1.779990] (flir_camera_msgs) CommandEnded: {'returncode': 0}
[1.780597] (flir_camera_msgs) JobProgress: {'identifier': 'flir_camera_msgs', 'progress': 'install'}
[1.785397] (flir_camera_msgs) Command: {'cmd': ['/usr/bin/cmake', '--install', '/home/karthik/dds_ros2/flirCAMERA/flir_camera_driver/build/flir_camera_msgs'], 'cwd': '/home/karthik/dds_ros2/flirCAMERA/flir_camera_driver/build/flir_camera_msgs', 'env': OrderedDict([('GJS_DEBUG_TOPICS', 'JS ERROR;JS LOG'), ('PYTHON_BASIC_REPL', '1'), ('LESSOPEN', '| /usr/bin/lesspipe %s'), ('USER', 'karthik'), ('LC_TIME', 'de_DE.UTF-8'), ('XDG_SESSION_TYPE', 'x11'), ('GIT_ASKPASS', '/usr/share/antigravity/resources/app/extensions/git/dist/askpass.sh'), ('SHLVL', '2'), ('LD_LIBRARY_PATH', '/home/karthik/dds_ros2/flirCAMERA/flir_camera_driver/install/spinnaker_camera_driver/lib:/home/karthik/dds_ros2/flirCAMERA/flir_camera_driver/install/flir_camera_msgs/lib:/opt/ros/humble/opt/rviz_ogre_vendor/lib:/opt/ros/humble/lib/x86_64-linux-gnu:/opt/ros/humble/lib'), ('ANTIGRAVITY_CLI_ALIAS', 'agy'), ('HOME', '/home/karthik'), ('CHROME_DESKTOP', 'antigravity.desktop'), ('OLDPWD', '/home/karthik/dds_ros2/flirCAMERA/flir_camera_driver'), ('TERM_PROGRAM_VERSION', '1.104.0'), ('DESKTOP_SESSION', 'ubuntu'), ('GIO_LAUNCHED_DESKTOP_FILE', '/usr/share/applications/antigravity.desktop'), ('ROS_PYTHON_VERSION', '3'), ('GNOME_SHELL_SESSION_MODE', 'ubuntu'), ('GTK_MODULES', 'gail:atk-bridge'), ('VSCODE_GIT_ASKPASS_MAIN', '/usr/share/antigravity/resources/app/extensions/git/dist/askpass-main.js'), ('LC_MONETARY', 'de_DE.UTF-8'), ('VSCODE_GIT_ASKPASS_NODE', '/usr/share/antigravity/antigravity'), ('MANAGERPID', '3174'), ('PYDEVD_DISABLE_FILE_VALIDATION', '1'), ('SYSTEMD_EXEC_PID', '3437'), ('BUNDLED_DEBUGPY_PATH', '/home/karthik/.antigravity/extensions/ms-python.debugpy-2025.18.0-linux-x64/bundled/libs/debugpy'), ('VSCODE_PYTHON_AUTOACTIVATE_GUARD', '1'), ('DBUS_SESSION_BUS_ADDRESS', 'unix:path=/run/user/1000/bus'), ('COLORTERM', 'truecolor'), ('GIO_LAUNCHED_DESKTOP_FILE_PID', '5610'), ('COLCON_PREFIX_PATH', '/home/karthik/dds_ros2/flirCAMERA/flir_camera_driver/install'), ('ROS_DISTRO', 'humble'), ('GTK_IM_MODULE', 'ibus'), ('LOGNAME', 'karthik'), ('JOURNAL_STREAM', '8:80912'), ('_', '/usr/bin/colcon'), ('ROS_VERSION', '2'), ('XDG_SESSION_CLASS', 'user'), ('USERNAME', 'karthik'), ('TERM', 'xterm-256color'), ('GNOME_DESKTOP_SESSION_ID', 'this-is-deprecated'), ('ROS_LOCALHOST_ONLY', '0'), ('WINDOWPATH', '2'), ('PATH', '/opt/ros/humble/bin:/home/karthik/.local/bin:/home/karthik/.local/bin:/opt/spinnaker/bin:/usr/local/sbin:/usr/local/bin:/usr/sbin:/usr/bin:/sbin:/bin:/usr/games:/usr/local/games:/snap/bin:/snap/bin:/home/karthik/.antigravity/extensions/ms-python.debugpy-2025.18.0-linux-x64/bundled/scripts/noConfigScripts'), ('SESSION_MANAGER', 'local/Karthik:@/tmp/.ICE-unix/3414,unix/Karthik:/tmp/.ICE-unix/3414'), ('INVOCATION_ID', '8c000bce77184e7abaf8e7054f526e83'), ('XDG_MENU_PREFIX', 'gnome-'), ('LC_ADDRESS', 'de_DE.UTF-8'), ('XDG_RUNTIME_DIR', '/run/user/1000'), ('GDK_BACKEND', 'x11'), ('SPINNAKER_GENTL64_CTI', '/opt/spinnaker/lib/spinnaker-gentl/Spinnaker_GenTL.cti'), ('DISPLAY', ':1'), ('VSCODE_DEBUGPY_ADAPTER_ENDPOINTS', '/home/karthik/.antigravity/extensions/ms-python.debugpy-2025.18.0-linux-x64/.noConfigDebugAdapterEndpoints/endpoint-f3ee66c29dd09338.txt'), ('LANG', 'en_US.UTF-8'), ('XDG_CURRENT_DESKTOP', 'Unity'), ('PYTHONSTARTUP', '/home/karthik/.config/Antigravity/User/workspaceStorage/d88c120b86d835b02216619077cb693b/ms-python.python/pythonrc.py'), ('LC_TELEPHONE', 'de_DE.UTF-8'), ('XMODIFIERS', '@im=ibus'), ('XDG_SESSION_DESKTOP', 'ubuntu'), ('XAUTHORITY', '/run/user/1000/gdm/Xauthority'), ('LS_COLORS', 'rs=0:di=01;34:ln=01;36:mh=00:pi=40;33:so=01;35:do=01;35:bd=40;33;01:cd=40;33;01:or=40;31;01:mi=00:su=37;41:sg=30;43:ca=30;41:tw=30;42:ow=34;42:st=37;44:ex=01;32:*.tar=01;31:*.tgz=01;31:*.arc=01;31:*.arj=01;31:*.taz=01;31:*.lha=01;31:*.lz4=01;31:*.lzh=01;31:*.lzma=01;31:*.tlz=01;31:*.txz=01;31:*.tzo=01;31:*.t7z=01;31:*.zip=01;31:*.z=01;31:*.dz=01;31:*.gz=01;31:*.lrz=01;31:*.lz=01;31:*.lzo=01;31:*.xz=01;31:*.zst=01;31:*.tzst=01;31:*.bz2=01;31:*.bz=01;31:*.tbz=01;31:*.tbz2=01;31:*.tz=01;31:*.deb=01;31:*.rpm=01;31:*.jar=01;31:*.war=01;31:*.ear=01;31:*.sar=01;31:*.rar=01;31:*.alz=01;31:*.ace=01;31:*.zoo=01;31:*.cpio=01;31:*.7z=01;31:*.rz=01;31:*.cab=01;31:*.wim=01;31:*.swm=01;31:*.dwm=01;31:*.esd=01;31:*.jpg=01;35:*.jpeg=01;35:*.mjpg=01;35:*.mjpeg=01;35:*.gif=01;35:*.bmp=01;35:*.pbm=01;35:*.pgm=01;35:*.ppm=01;35:*.tga=01;35:*.xbm=01;35:*.xpm=01;35:*.tif=01;35:*.tiff=01;35:*.png=01;35:*.svg=01;35:*.svgz=01;35:*.mng=01;35:*.pcx=01;35:*.mov=01;35:*.mpg=01;35:*.mpeg=01;35:*.m2v=01;35:*.mkv=01;35:*.webm=01;35:*.webp=01;35:*.ogm=01;35:*.mp4=01;35:*.m4v=01;35:*.mp4v=01;35:*.vob=01;35:*.qt=01;35:*.nuv=01;35:*.wmv=01;35:*.asf=01;35:*.rm=01;35:*.rmvb=01;35:*.flc=01;35:*.avi=01;35:*.fli=01;35:*.flv=01;35:*.gl=01;35:*.dl=01;35:*.xcf=01;35:*.xwd=01;35:*.yuv=01;35:*.cgm=01;35:*.emf=01;35:*.ogv=01;35:*.ogx=01;35:*.aac=00;36:*.au=00;36:*.flac=00;36:*.m4a=00;36:*.mid=00;36:*.midi=00;36:*.mka=00;36:*.mp3=00;36:*.mpc=00;36:*.ogg=00;36:*.ra=00;36:*.wav=00;36:*.oga=00;36:*.opus=00;36:*.spx=00;36:*.xspf=00;36:'), ('VSCODE_GIT_IPC_HANDLE', '/run/user/1000/vscode-git-305ff7234e.sock'), ('TERM_PROGRAM', 'vscode'), ('SSH_AGENT_LAUNCHER', 'gnome-keyring'), ('SSH_AUTH_SOCK', '/run/user/1000/keyring/ssh'), ('AMENT_PREFIX_PATH', '/home/karthik/dds_ros2/flirCAMERA/flir_camera_driver/install/spinnaker_camera_driver:/home/karthik/dds_ros2/flirCAMERA/flir_camera_driver/install/flir_camera_msgs:/opt/ros/humble'), ('ORIGINAL_XDG_CURRENT_DESKTOP', 'ubuntu:GNOME'), ('SHELL', '/bin/bash'), ('LC_NAME', 'de_DE.UTF-8'), ('QT_ACCESSIBILITY', '1'), ('GDMSESSION', 'ubuntu'), ('LESSCLOSE', '/usr/bin/lesspipe %s %s'), ('LC_MEASUREMENT', 'de_DE.UTF-8'), ('GPG_AGENT_INFO', '/run/user/1000/gnupg/S.gpg-agent:0:1'), ('GJS_DEBUG_OUTPUT', 'stderr'), ('LC_IDENTIFICATION', 'de_DE.UTF-8'), ('VSCODE_GIT_ASKPASS_EXTRA_ARGS', ''), ('QT_IM_MODULE', 'ibus'), ('PWD', '/home/karthik/dds_ros2/flirCAMERA/flir_camera_driver/build/flir_camera_msgs'), ('LC_ALL', 'en_US.UTF-8'), ('XDG_CONFIG_DIRS', '/etc/xdg/xdg-ubuntu:/etc/xdg'), ('XDG_DATA_DIRS', '/usr/share/ubuntu:/usr/share/gnome:/usr/local/share/:/usr/share/:/var/lib/snapd/desktop'), ('PYTHONPATH', '/home/karthik/dds_ros2/flirCAMERA/flir_camera_driver/install/flir_camera_msgs/local/lib/python3.10/dist-packages:/opt/ros/humble/lib/python3.10/site-packages:/opt/ros/humble/local/lib/python3.10/dist-packages'), ('LC_NUMERIC', 'de_DE.UTF-8'), ('LC_PAPER', 'de_DE.UTF-8'), ('COLCON', '1'), ('GENICAM_GENTL64_PATH', '/opt/spinnaker/lib/spinnaker-gentl'), ('CMAKE_PREFIX_PATH', '/home/karthik/dds_ros2/flirCAMERA/flir_camera_driver/install/spinnaker_camera_driver:/home/karthik/dds_ros2/flirCAMERA/flir_camera_driver/install/flir_camera_msgs:/opt/ros/humble')]), 'shell': False}
[1.788733] (flir_camera_msgs) StdoutLine: {'line': b'-- Install configuration: ""\n'}
[1.789053] (flir_camera_msgs) StdoutLine: {'line': b'-- Execute custom install script\n'}
[1.789191] (flir_camera_msgs) StdoutLine: {'line': b'-- Symlinking: /home/karthik/dds_ros2/flirCAMERA/flir_camera_driver/install/flir_camera_msgs/share/ament_index/resource_index/rosidl_interfaces/flir_camera_msgs\n'}
[1.793281] (flir_camera_msgs) StdoutLine: {'line': b'-- Symlinking: /home/karthik/dds_ros2/flirCAMERA/flir_camera_driver/install/flir_camera_msgs/include/flir_camera_msgs/flir_camera_msgs/msg/camera_control.h\n'}
[1.796697] (flir_camera_msgs) StdoutLine: {'line': b'-- Symlinking: /home/karthik/dds_ros2/flirCAMERA/flir_camera_driver/install/flir_camera_msgs/include/flir_camera_msgs/flir_camera_msgs/msg/detail/camera_control__functions.h\n'}
[1.800040] (flir_camera_msgs) StdoutLine: {'line': b'-- Symlinking: /home/karthik/dds_ros2/flirCAMERA/flir_camera_driver/install/flir_camera_msgs/include/flir_camera_msgs/flir_camera_msgs/msg/detail/camera_control__struct.h\n'}
[1.800902] (-) TimerEvent: {}
[1.803898] (flir_camera_msgs) StdoutLine: {'line': b'-- Symlinking: /home/karthik/dds_ros2/flirCAMERA/flir_camera_driver/install/flir_camera_msgs/include/flir_camera_msgs/flir_camera_msgs/msg/detail/camera_control__type_support.h\n'}
[1.807694] (flir_camera_msgs) StdoutLine: {'line': b'-- Symlinking: /home/karthik/dds_ros2/flirCAMERA/flir_camera_driver/install/flir_camera_msgs/include/flir_camera_msgs/flir_camera_msgs/msg/detail/image_meta_data__functions.h\n'}
[1.810904] (flir_camera_msgs) StdoutLine: {'line': b'-- Symlinking: /home/karthik/dds_ros2/flirCAMERA/flir_camera_driver/install/flir_camera_msgs/include/flir_camera_msgs/flir_camera_msgs/msg/detail/image_meta_data__struct.h\n'}
[1.814966] (flir_camera_msgs) StdoutLine: {'line': b'-- Symlinking: /home/karthik/dds_ros2/flirCAMERA/flir_camera_driver/install/flir_camera_msgs/include/flir_camera_msgs/flir_camera_msgs/msg/detail/image_meta_data__type_support.h\n'}
[1.818290] (flir_camera_msgs) StdoutLine: {'line': b'-- Symlinking: /home/karthik/dds_ros2/flirCAMERA/flir_camera_driver/install/flir_camera_msgs/include/flir_camera_msgs/flir_camera_msgs/msg/image_meta_data.h\n'}
[1.823908] (flir_camera_msgs) StdoutLine: {'line': b'-- Symlinking: /home/karthik/dds_ros2/flirCAMERA/flir_camera_driver/install/flir_camera_msgs/include/flir_camera_msgs/flir_camera_msgs/msg/rosidl_generator_c__visibility_control.h\n'}
[1.828050] (flir_camera_msgs) StdoutLine: {'line': b'-- Symlinking: /home/karthik/dds_ros2/flirCAMERA/flir_camera_driver/install/flir_camera_msgs/share/flir_camera_msgs/environment/library_path.sh\n'}
[1.831521] (flir_camera_msgs) StdoutLine: {'line': b'-- Symlinking: /home/karthik/dds_ros2/flirCAMERA/flir_camera_driver/install/flir_camera_msgs/share/flir_camera_msgs/environment/library_path.dsv\n'}
[1.836848] (flir_camera_msgs) StdoutLine: {'line': b'-- Symlinking: /home/karthik/dds_ros2/flirCAMERA/flir_camera_driver/install/flir_camera_msgs/include/flir_camera_msgs/flir_camera_msgs/msg/detail/camera_control__rosidl_typesupport_fastrtps_c.h\n'}
[1.840731] (flir_camera_msgs) StdoutLine: {'line': b'-- Symlinking: /home/karthik/dds_ros2/flirCAMERA/flir_camera_driver/install/flir_camera_msgs/include/flir_camera_msgs/flir_camera_msgs/msg/detail/image_meta_data__rosidl_typesupport_fastrtps_c.h\n'}
[1.844665] (flir_camera_msgs) StdoutLine: {'line': b'-- Symlinking: /home/karthik/dds_ros2/flirCAMERA/flir_camera_driver/install/flir_camera_msgs/include/flir_camera_msgs/flir_camera_msgs/msg/rosidl_typesupport_fastrtps_c__visibility_control.h\n'}
[1.848888] (flir_camera_msgs) StdoutLine: {'line': b'-- Symlinking: /home/karthik/dds_ros2/flirCAMERA/flir_camera_driver/install/flir_camera_msgs/include/flir_camera_msgs/flir_camera_msgs/msg/camera_control.hpp\n'}
[1.853179] (flir_camera_msgs) StdoutLine: {'line': b'-- Symlinking: /home/karthik/dds_ros2/flirCAMERA/flir_camera_driver/install/flir_camera_msgs/include/flir_camera_msgs/flir_camera_msgs/msg/detail/camera_control__builder.hpp\n'}
[1.856125] (flir_camera_msgs) StdoutLine: {'line': b'-- Symlinking: /home/karthik/dds_ros2/flirCAMERA/flir_camera_driver/install/flir_camera_msgs/include/flir_camera_msgs/flir_camera_msgs/msg/detail/camera_control__struct.hpp\n'}
[1.860008] (flir_camera_msgs) StdoutLine: {'line': b'-- Symlinking: /home/karthik/dds_ros2/flirCAMERA/flir_camera_driver/install/flir_camera_msgs/include/flir_camera_msgs/flir_camera_msgs/msg/detail/camera_control__traits.hpp\n'}
[1.864555] (flir_camera_msgs) StdoutLine: {'line': b'-- Symlinking: /home/karthik/dds_ros2/flirCAMERA/flir_camera_driver/install/flir_camera_msgs/include/flir_camera_msgs/flir_camera_msgs/msg/detail/camera_control__type_support.hpp\n'}
[1.868560] (flir_camera_msgs) StdoutLine: {'line': b'-- Symlinking: /home/karthik/dds_ros2/flirCAMERA/flir_camera_driver/install/flir_camera_msgs/include/flir_camera_msgs/flir_camera_msgs/msg/detail/image_meta_data__builder.hpp\n'}
[1.872600] (flir_camera_msgs) StdoutLine: {'line': b'-- Symlinking: /home/karthik/dds_ros2/flirCAMERA/flir_camera_driver/install/flir_camera_msgs/include/flir_camera_msgs/flir_camera_msgs/msg/detail/image_meta_data__struct.hpp\n'}
[1.876574] (flir_camera_msgs) StdoutLine: {'line': b'-- Symlinking: /home/karthik/dds_ros2/flirCAMERA/flir_camera_driver/install/flir_camera_msgs/include/flir_camera_msgs/flir_camera_msgs/msg/detail/image_meta_data__traits.hpp\n'}
[1.881295] (flir_camera_msgs) StdoutLine: {'line': b'-- Symlinking: /home/karthik/dds_ros2/flirCAMERA/flir_camera_driver/install/flir_camera_msgs/include/flir_camera_msgs/flir_camera_msgs/msg/detail/image_meta_data__type_support.hpp\n'}
[1.885189] (flir_camera_msgs) StdoutLine: {'line': b'-- Symlinking: /home/karthik/dds_ros2/flirCAMERA/flir_camera_driver/install/flir_camera_msgs/include/flir_camera_msgs/flir_camera_msgs/msg/image_meta_data.hpp\n'}
[1.888891] (flir_camera_msgs) StdoutLine: {'line': b'-- Symlinking: /home/karthik/dds_ros2/flirCAMERA/flir_camera_driver/install/flir_camera_msgs/include/flir_camera_msgs/flir_camera_msgs/msg/rosidl_generator_cpp__visibility_control.hpp\n'}
[1.893961] (flir_camera_msgs) StdoutLine: {'line': b'-- Symlinking: /home/karthik/dds_ros2/flirCAMERA/flir_camera_driver/install/flir_camera_msgs/include/flir_camera_msgs/flir_camera_msgs/msg/detail/camera_control__rosidl_typesupport_fastrtps_cpp.hpp\n'}
[1.897022] (flir_camera_msgs) StdoutLine: {'line': b'-- Symlinking: /home/karthik/dds_ros2/flirCAMERA/flir_camera_driver/install/flir_camera_msgs/include/flir_camera_msgs/flir_camera_msgs/msg/detail/image_meta_data__rosidl_typesupport_fastrtps_cpp.hpp\n'}
[1.900588] (flir_camera_msgs) StdoutLine: {'line': b'-- Symlinking: /home/karthik/dds_ros2/flirCAMERA/flir_camera_driver/install/flir_camera_msgs/include/flir_camera_msgs/flir_camera_msgs/msg/rosidl_typesupport_fastrtps_cpp__visibility_control.h\n'}
[1.900968] (-) TimerEvent: {}
[1.904860] (flir_camera_msgs) StdoutLine: {'line': b'-- Symlinking: /home/karthik/dds_ros2/flirCAMERA/flir_camera_driver/install/flir_camera_msgs/include/flir_camera_msgs/flir_camera_msgs/msg/detail/camera_control__rosidl_typesupport_introspection_c.h\n'}
[1.908769] (flir_camera_msgs) StdoutLine: {'line': b'-- Symlinking: /home/karthik/dds_ros2/flirCAMERA/flir_camera_driver/install/flir_camera_msgs/include/flir_camera_msgs/flir_camera_msgs/msg/detail/image_meta_data__rosidl_typesupport_introspection_c.h\n'}
[1.912070] (flir_camera_msgs) StdoutLine: {'line': b'-- Symlinking: /home/karthik/dds_ros2/flirCAMERA/flir_camera_driver/install/flir_camera_msgs/include/flir_camera_msgs/flir_camera_msgs/msg/rosidl_typesupport_introspection_c__visibility_control.h\n'}
[1.916200] (flir_camera_msgs) StdoutLine: {'line': b'-- Symlinking: /home/karthik/dds_ros2/flirCAMERA/flir_camera_driver/install/flir_camera_msgs/include/flir_camera_msgs/flir_camera_msgs/msg/detail/camera_control__rosidl_typesupport_introspection_cpp.hpp\n'}
[1.920102] (flir_camera_msgs) StdoutLine: {'line': b'-- Symlinking: /home/karthik/dds_ros2/flirCAMERA/flir_camera_driver/install/flir_camera_msgs/include/flir_camera_msgs/flir_camera_msgs/msg/detail/image_meta_data__rosidl_typesupport_introspection_cpp.hpp\n'}
[1.924092] (flir_camera_msgs) StdoutLine: {'line': b'-- Symlinking: /home/karthik/dds_ros2/flirCAMERA/flir_camera_driver/install/flir_camera_msgs/share/flir_camera_msgs/environment/pythonpath.sh\n'}
[1.927894] (flir_camera_msgs) StdoutLine: {'line': b'-- Symlinking: /home/karthik/dds_ros2/flirCAMERA/flir_camera_driver/install/flir_camera_msgs/share/flir_camera_msgs/environment/pythonpath.dsv\n'}
[1.931286] (flir_camera_msgs) StdoutLine: {'line': b'-- Symlinking: /home/karthik/dds_ros2/flirCAMERA/flir_camera_driver/install/flir_camera_msgs/local/lib/python3.10/dist-packages/flir_camera_msgs-2.0.8-py3.10.egg-info/PKG-INFO\n'}
[1.934902] (flir_camera_msgs) StdoutLine: {'line': b'-- Symlinking: /home/karthik/dds_ros2/flirCAMERA/flir_camera_driver/install/flir_camera_msgs/local/lib/python3.10/dist-packages/flir_camera_msgs-2.0.8-py3.10.egg-info/SOURCES.txt\n'}
[1.938486] (flir_camera_msgs) StdoutLine: {'line': b'-- Symlinking: /home/karthik/dds_ros2/flirCAMERA/flir_camera_driver/install/flir_camera_msgs/local/lib/python3.10/dist-packages/flir_camera_msgs-2.0.8-py3.10.egg-info/dependency_links.txt\n'}
[1.942675] (flir_camera_msgs) StdoutLine: {'line': b'-- Symlinking: /home/karthik/dds_ros2/flirCAMERA/flir_camera_driver/install/flir_camera_msgs/local/lib/python3.10/dist-packages/flir_camera_msgs-2.0.8-py3.10.egg-info/top_level.txt\n'}
[1.947116] (flir_camera_msgs) StdoutLine: {'line': b'-- Symlinking: /home/karthik/dds_ros2/flirCAMERA/flir_camera_driver/install/flir_camera_msgs/local/lib/python3.10/dist-packages/flir_camera_msgs/__init__.py\n'}
[1.950857] (flir_camera_msgs) StdoutLine: {'line': b'-- Symlinking: /home/karthik/dds_ros2/flirCAMERA/flir_camera_driver/install/flir_camera_msgs/local/lib/python3.10/dist-packages/flir_camera_msgs/_flir_camera_msgs_s.ep.rosidl_typesupport_c.c\n'}
[1.954623] (flir_camera_msgs) StdoutLine: {'line': b'-- Symlinking: /home/karthik/dds_ros2/flirCAMERA/flir_camera_driver/install/flir_camera_msgs/local/lib/python3.10/dist-packages/flir_camera_msgs/_flir_camera_msgs_s.ep.rosidl_typesupport_fastrtps_c.c\n'}
[1.958838] (flir_camera_msgs) StdoutLine: {'line': b'-- Symlinking: /home/karthik/dds_ros2/flirCAMERA/flir_camera_driver/install/flir_camera_msgs/local/lib/python3.10/dist-packages/flir_camera_msgs/_flir_camera_msgs_s.ep.rosidl_typesupport_introspection_c.c\n'}
[1.963293] (flir_camera_msgs) StdoutLine: {'line': b'-- Symlinking: /home/karthik/dds_ros2/flirCAMERA/flir_camera_driver/install/flir_camera_msgs/local/lib/python3.10/dist-packages/flir_camera_msgs/flir_camera_msgs_s__rosidl_typesupport_c.cpython-310-x86_64-linux-gnu.so\n'}
[1.967534] (flir_camera_msgs) StdoutLine: {'line': b'-- Symlinking: /home/karthik/dds_ros2/flirCAMERA/flir_camera_driver/install/flir_camera_msgs/local/lib/python3.10/dist-packages/flir_camera_msgs/flir_camera_msgs_s__rosidl_typesupport_fastrtps_c.cpython-310-x86_64-linux-gnu.so\n'}
[1.971854] (flir_camera_msgs) StdoutLine: {'line': b'-- Symlinking: /home/karthik/dds_ros2/flirCAMERA/flir_camera_driver/install/flir_camera_msgs/local/lib/python3.10/dist-packages/flir_camera_msgs/flir_camera_msgs_s__rosidl_typesupport_introspection_c.cpython-310-x86_64-linux-gnu.so\n'}
[1.975637] (flir_camera_msgs) StdoutLine: {'line': b'-- Symlinking: /home/karthik/dds_ros2/flirCAMERA/flir_camera_driver/install/flir_camera_msgs/local/lib/python3.10/dist-packages/flir_camera_msgs/libflir_camera_msgs__rosidl_generator_py.so\n'}
[1.979288] (flir_camera_msgs) StdoutLine: {'line': b'-- Symlinking: /home/karthik/dds_ros2/flirCAMERA/flir_camera_driver/install/flir_camera_msgs/local/lib/python3.10/dist-packages/flir_camera_msgs/msg/__init__.py\n'}
[1.982903] (flir_camera_msgs) StdoutLine: {'line': b'-- Symlinking: /home/karthik/dds_ros2/flirCAMERA/flir_camera_driver/install/flir_camera_msgs/local/lib/python3.10/dist-packages/flir_camera_msgs/msg/_camera_control.py\n'}
[1.986277] (flir_camera_msgs) StdoutLine: {'line': b'-- Symlinking: /home/karthik/dds_ros2/flirCAMERA/flir_camera_driver/install/flir_camera_msgs/local/lib/python3.10/dist-packages/flir_camera_msgs/msg/_camera_control_s.c\n'}
[1.990480] (flir_camera_msgs) StdoutLine: {'line': b'-- Symlinking: /home/karthik/dds_ros2/flirCAMERA/flir_camera_driver/install/flir_camera_msgs/local/lib/python3.10/dist-packages/flir_camera_msgs/msg/_image_meta_data.py\n'}
[1.993686] (flir_camera_msgs) StdoutLine: {'line': b'-- Symlinking: /home/karthik/dds_ros2/flirCAMERA/flir_camera_driver/install/flir_camera_msgs/local/lib/python3.10/dist-packages/flir_camera_msgs/msg/_image_meta_data_s.c\n'}
[1.997974] (flir_camera_msgs) StdoutLine: {'line': b'-- Up-to-date symlink: /home/karthik/dds_ros2/flirCAMERA/flir_camera_driver/install/flir_camera_msgs/local/lib/python3.10/dist-packages/flir_camera_msgs/flir_camera_msgs_s__rosidl_typesupport_fastrtps_c.cpython-310-x86_64-linux-gnu.so\n'}
[1.998198] (flir_camera_msgs) StdoutLine: {'line': b'-- Up-to-date symlink: /home/karthik/dds_ros2/flirCAMERA/flir_camera_driver/install/flir_camera_msgs/local/lib/python3.10/dist-packages/flir_camera_msgs/flir_camera_msgs_s__rosidl_typesupport_introspection_c.cpython-310-x86_64-linux-gnu.so\n'}
[1.998320] (flir_camera_msgs) StdoutLine: {'line': b'-- Up-to-date symlink: /home/karthik/dds_ros2/flirCAMERA/flir_camera_driver/install/flir_camera_msgs/local/lib/python3.10/dist-packages/flir_camera_msgs/flir_camera_msgs_s__rosidl_typesupport_c.cpython-310-x86_64-linux-gnu.so\n'}
[1.998366] (flir_camera_msgs) StdoutLine: {'line': b'-- Symlinking: /home/karthik/dds_ros2/flirCAMERA/flir_camera_driver/install/flir_camera_msgs/share/flir_camera_msgs/msg/ImageMetaData.idl\n'}
[2.001038] (-) TimerEvent: {}
[2.001518] (flir_camera_msgs) StdoutLine: {'line': b'-- Symlinking: /home/karthik/dds_ros2/flirCAMERA/flir_camera_driver/install/flir_camera_msgs/share/flir_camera_msgs/msg/CameraControl.idl\n'}
[2.005159] (flir_camera_msgs) StdoutLine: {'line': b'-- Symlinking: /home/karthik/dds_ros2/flirCAMERA/flir_camera_driver/install/flir_camera_msgs/share/flir_camera_msgs/msg/ImageMetaData.msg\n'}
[2.009335] (flir_camera_msgs) StdoutLine: {'line': b'-- Symlinking: /home/karthik/dds_ros2/flirCAMERA/flir_camera_driver/install/flir_camera_msgs/share/flir_camera_msgs/msg/CameraControl.msg\n'}
[2.013241] (flir_camera_msgs) StdoutLine: {'line': b'-- Symlinking: /home/karthik/dds_ros2/flirCAMERA/flir_camera_driver/install/flir_camera_msgs/share/ament_index/resource_index/package_run_dependencies/flir_camera_msgs\n'}
[2.016761] (flir_camera_msgs) StdoutLine: {'line': b'-- Symlinking: /home/karthik/dds_ros2/flirCAMERA/flir_camera_driver/install/flir_camera_msgs/share/ament_index/resource_index/parent_prefix_path/flir_camera_msgs\n'}
[2.020167] (flir_camera_msgs) StdoutLine: {'line': b'-- Symlinking: /home/karthik/dds_ros2/flirCAMERA/flir_camera_driver/install/flir_camera_msgs/share/flir_camera_msgs/environment/ament_prefix_path.sh\n'}
[2.023700] (flir_camera_msgs) StdoutLine: {'line': b'-- Symlinking: /home/karthik/dds_ros2/flirCAMERA/flir_camera_driver/install/flir_camera_msgs/share/flir_camera_msgs/environment/ament_prefix_path.dsv\n'}
[2.028223] (flir_camera_msgs) StdoutLine: {'line': b'-- Symlinking: /home/karthik/dds_ros2/flirCAMERA/flir_camera_driver/install/flir_camera_msgs/share/flir_camera_msgs/environment/path.sh\n'}
[2.032488] (flir_camera_msgs) StdoutLine: {'line': b'-- Symlinking: /home/karthik/dds_ros2/flirCAMERA/flir_camera_driver/install/flir_camera_msgs/share/flir_camera_msgs/environment/path.dsv\n'}
[2.036108] (flir_camera_msgs) StdoutLine: {'line': b'-- Symlinking: /home/karthik/dds_ros2/flirCAMERA/flir_camera_driver/install/flir_camera_msgs/share/flir_camera_msgs/local_setup.bash\n'}
[2.039934] (flir_camera_msgs) StdoutLine: {'line': b'-- Symlinking: /home/karthik/dds_ros2/flirCAMERA/flir_camera_driver/install/flir_camera_msgs/share/flir_camera_msgs/local_setup.sh\n'}
[2.044112] (flir_camera_msgs) StdoutLine: {'line': b'-- Symlinking: /home/karthik/dds_ros2/flirCAMERA/flir_camera_driver/install/flir_camera_msgs/share/flir_camera_msgs/local_setup.zsh\n'}
[2.048240] (flir_camera_msgs) StdoutLine: {'line': b'-- Symlinking: /home/karthik/dds_ros2/flirCAMERA/flir_camera_driver/install/flir_camera_msgs/share/flir_camera_msgs/local_setup.dsv\n'}
[2.052109] (flir_camera_msgs) StdoutLine: {'line': b'-- Symlinking: /home/karthik/dds_ros2/flirCAMERA/flir_camera_driver/install/flir_camera_msgs/share/flir_camera_msgs/package.dsv\n'}
[2.056076] (flir_camera_msgs) StdoutLine: {'line': b'-- Symlinking: /home/karthik/dds_ros2/flirCAMERA/flir_camera_driver/install/flir_camera_msgs/share/ament_index/resource_index/packages/flir_camera_msgs\n'}
[2.060058] (flir_camera_msgs) StdoutLine: {'line': b'-- Symlinking: /home/karthik/dds_ros2/flirCAMERA/flir_camera_driver/install/flir_camera_msgs/share/flir_camera_msgs/cmake/rosidl_cmake-extras.cmake\n'}
[2.063756] (flir_camera_msgs) StdoutLine: {'line': b'-- Symlinking: /home/karthik/dds_ros2/flirCAMERA/flir_camera_driver/install/flir_camera_msgs/share/flir_camera_msgs/cmake/ament_cmake_export_dependencies-extras.cmake\n'}
[2.067413] (flir_camera_msgs) StdoutLine: {'line': b'-- Symlinking: /home/karthik/dds_ros2/flirCAMERA/flir_camera_driver/install/flir_camera_msgs/share/flir_camera_msgs/cmake/ament_cmake_export_include_directories-extras.cmake\n'}
[2.071227] (flir_camera_msgs) StdoutLine: {'line': b'-- Symlinking: /home/karthik/dds_ros2/flirCAMERA/flir_camera_driver/install/flir_camera_msgs/share/flir_camera_msgs/cmake/ament_cmake_export_libraries-extras.cmake\n'}
[2.075172] (flir_camera_msgs) StdoutLine: {'line': b'-- Symlinking: /home/karthik/dds_ros2/flirCAMERA/flir_camera_driver/install/flir_camera_msgs/share/flir_camera_msgs/cmake/ament_cmake_export_targets-extras.cmake\n'}
[2.078987] (flir_camera_msgs) StdoutLine: {'line': b'-- Symlinking: /home/karthik/dds_ros2/flirCAMERA/flir_camera_driver/install/flir_camera_msgs/share/flir_camera_msgs/cmake/rosidl_cmake_export_typesupport_targets-extras.cmake\n'}
[2.083802] (flir_camera_msgs) StdoutLine: {'line': b'-- Symlinking: /home/karthik/dds_ros2/flirCAMERA/flir_camera_driver/install/flir_camera_msgs/share/flir_camera_msgs/cmake/rosidl_cmake_export_typesupport_libraries-extras.cmake\n'}
[2.087684] (flir_camera_msgs) StdoutLine: {'line': b'-- Symlinking: /home/karthik/dds_ros2/flirCAMERA/flir_camera_driver/install/flir_camera_msgs/share/flir_camera_msgs/cmake/flir_camera_msgsConfig.cmake\n'}
[2.092037] (flir_camera_msgs) StdoutLine: {'line': b'-- Symlinking: /home/karthik/dds_ros2/flirCAMERA/flir_camera_driver/install/flir_camera_msgs/share/flir_camera_msgs/cmake/flir_camera_msgsConfig-version.cmake\n'}
[2.096059] (flir_camera_msgs) StdoutLine: {'line': b'-- Symlinking: /home/karthik/dds_ros2/flirCAMERA/flir_camera_driver/install/flir_camera_msgs/share/flir_camera_msgs/package.xml\n'}
[2.100143] (flir_camera_msgs) StdoutLine: {'line': b'-- Installing: /home/karthik/dds_ros2/flirCAMERA/flir_camera_driver/install/flir_camera_msgs/lib/libflir_camera_msgs__rosidl_generator_c.so\n'}
[2.100719] (flir_camera_msgs) StdoutLine: {'line': b'-- Set runtime path of "/home/karthik/dds_ros2/flirCAMERA/flir_camera_driver/install/flir_camera_msgs/lib/libflir_camera_msgs__rosidl_generator_c.so" to ""\n'}
[2.100797] (flir_camera_msgs) StdoutLine: {'line': b'-- Installing: /home/karthik/dds_ros2/flirCAMERA/flir_camera_driver/install/flir_camera_msgs/lib/libflir_camera_msgs__rosidl_typesupport_fastrtps_c.so\n'}
[2.100889] (flir_camera_msgs) StdoutLine: {'line': b'-- Set runtime path of "/home/karthik/dds_ros2/flirCAMERA/flir_camera_driver/install/flir_camera_msgs/lib/libflir_camera_msgs__rosidl_typesupport_fastrtps_c.so" to ""\n'}
[2.101045] (flir_camera_msgs) StdoutLine: {'line': b'-- Installing: /home/karthik/dds_ros2/flirCAMERA/flir_camera_driver/install/flir_camera_msgs/lib/libflir_camera_msgs__rosidl_typesupport_fastrtps_cpp.so\n'}
[2.101110] (-) TimerEvent: {}
[2.101230] (flir_camera_msgs) StdoutLine: {'line': b'-- Set runtime path of "/home/karthik/dds_ros2/flirCAMERA/flir_camera_driver/install/flir_camera_msgs/lib/libflir_camera_msgs__rosidl_typesupport_fastrtps_cpp.so" to ""\n'}
[2.101306] (flir_camera_msgs) StdoutLine: {'line': b'-- Installing: /home/karthik/dds_ros2/flirCAMERA/flir_camera_driver/install/flir_camera_msgs/lib/libflir_camera_msgs__rosidl_typesupport_introspection_c.so\n'}
[2.101360] (flir_camera_msgs) StdoutLine: {'line': b'-- Set runtime path of "/home/karthik/dds_ros2/flirCAMERA/flir_camera_driver/install/flir_camera_msgs/lib/libflir_camera_msgs__rosidl_typesupport_introspection_c.so" to ""\n'}
[2.101430] (flir_camera_msgs) StdoutLine: {'line': b'-- Installing: /home/karthik/dds_ros2/flirCAMERA/flir_camera_driver/install/flir_camera_msgs/lib/libflir_camera_msgs__rosidl_typesupport_c.so\n'}
[2.101461] (flir_camera_msgs) StdoutLine: {'line': b'-- Set runtime path of "/home/karthik/dds_ros2/flirCAMERA/flir_camera_driver/install/flir_camera_msgs/lib/libflir_camera_msgs__rosidl_typesupport_c.so" to ""\n'}
[2.101489] (flir_camera_msgs) StdoutLine: {'line': b'-- Installing: /home/karthik/dds_ros2/flirCAMERA/flir_camera_driver/install/flir_camera_msgs/lib/libflir_camera_msgs__rosidl_typesupport_introspection_cpp.so\n'}
[2.101523] (flir_camera_msgs) StdoutLine: {'line': b'-- Set runtime path of "/home/karthik/dds_ros2/flirCAMERA/flir_camera_driver/install/flir_camera_msgs/lib/libflir_camera_msgs__rosidl_typesupport_introspection_cpp.so" to ""\n'}
[2.101556] (flir_camera_msgs) StdoutLine: {'line': b'-- Installing: /home/karthik/dds_ros2/flirCAMERA/flir_camera_driver/install/flir_camera_msgs/lib/libflir_camera_msgs__rosidl_typesupport_cpp.so\n'}
[2.101615] (flir_camera_msgs) StdoutLine: {'line': b'-- Set runtime path of "/home/karthik/dds_ros2/flirCAMERA/flir_camera_driver/install/flir_camera_msgs/lib/libflir_camera_msgs__rosidl_typesupport_cpp.so" to ""\n'}
[2.118574] (flir_camera_msgs) StdoutLine: {'line': b"Listing '/home/karthik/dds_ros2/flirCAMERA/flir_camera_driver/install/flir_camera_msgs/local/lib/python3.10/dist-packages/flir_camera_msgs'...\n"}
[2.118666] (flir_camera_msgs) StdoutLine: {'line': b"Compiling '/home/karthik/dds_ros2/flirCAMERA/flir_camera_driver/install/flir_camera_msgs/local/lib/python3.10/dist-packages/flir_camera_msgs/__init__.py'...\n"}
[2.118711] (flir_camera_msgs) StdoutLine: {'line': b"Listing '/home/karthik/dds_ros2/flirCAMERA/flir_camera_driver/install/flir_camera_msgs/local/lib/python3.10/dist-packages/flir_camera_msgs/msg'...\n"}
[2.118748] (flir_camera_msgs) StdoutLine: {'line': b"Compiling '/home/karthik/dds_ros2/flirCAMERA/flir_camera_driver/install/flir_camera_msgs/local/lib/python3.10/dist-packages/flir_camera_msgs/msg/__init__.py'...\n"}
[2.118782] (flir_camera_msgs) StdoutLine: {'line': b"Compiling '/home/karthik/dds_ros2/flirCAMERA/flir_camera_driver/install/flir_camera_msgs/local/lib/python3.10/dist-packages/flir_camera_msgs/msg/_camera_control.py'...\n"}
[2.118814] (flir_camera_msgs) StdoutLine: {'line': b"Compiling '/home/karthik/dds_ros2/flirCAMERA/flir_camera_driver/install/flir_camera_msgs/local/lib/python3.10/dist-packages/flir_camera_msgs/msg/_image_meta_data.py'...\n"}
[2.121094] (flir_camera_msgs) StdoutLine: {'line': b'-- Installing: /home/karthik/dds_ros2/flirCAMERA/flir_camera_driver/install/flir_camera_msgs/lib/libflir_camera_msgs__rosidl_generator_py.so\n'}
[2.121360] (flir_camera_msgs) StdoutLine: {'line': b'-- Set runtime path of "/home/karthik/dds_ros2/flirCAMERA/flir_camera_driver/install/flir_camera_msgs/lib/libflir_camera_msgs__rosidl_generator_py.so" to ""\n'}
[2.121417] (flir_camera_msgs) StdoutLine: {'line': b'-- Installing: /home/karthik/dds_ros2/flirCAMERA/flir_camera_driver/install/flir_camera_msgs/share/flir_camera_msgs/cmake/export_flir_camera_msgs__rosidl_generator_cExport.cmake\n'}
[2.121483] (flir_camera_msgs) StdoutLine: {'line': b'-- Installing: /home/karthik/dds_ros2/flirCAMERA/flir_camera_driver/install/flir_camera_msgs/share/flir_camera_msgs/cmake/export_flir_camera_msgs__rosidl_generator_cExport-noconfig.cmake\n'}
[2.121532] (flir_camera_msgs) StdoutLine: {'line': b'-- Installing: /home/karthik/dds_ros2/flirCAMERA/flir_camera_driver/install/flir_camera_msgs/share/flir_camera_msgs/cmake/export_flir_camera_msgs__rosidl_typesupport_fastrtps_cExport.cmake\n'}
[2.121576] (flir_camera_msgs) StdoutLine: {'line': b'-- Installing: /home/karthik/dds_ros2/flirCAMERA/flir_camera_driver/install/flir_camera_msgs/share/flir_camera_msgs/cmake/export_flir_camera_msgs__rosidl_typesupport_fastrtps_cExport-noconfig.cmake\n'}
[2.121619] (flir_camera_msgs) StdoutLine: {'line': b'-- Installing: /home/karthik/dds_ros2/flirCAMERA/flir_camera_driver/install/flir_camera_msgs/share/flir_camera_msgs/cmake/export_flir_camera_msgs__rosidl_generator_cppExport.cmake\n'}
[2.121662] (flir_camera_msgs) StdoutLine: {'line': b'-- Installing: /home/karthik/dds_ros2/flirCAMERA/flir_camera_driver/install/flir_camera_msgs/share/flir_camera_msgs/cmake/export_flir_camera_msgs__rosidl_typesupport_fastrtps_cppExport.cmake\n'}
[2.121715] (flir_camera_msgs) StdoutLine: {'line': b'-- Installing: /home/karthik/dds_ros2/flirCAMERA/flir_camera_driver/install/flir_camera_msgs/share/flir_camera_msgs/cmake/export_flir_camera_msgs__rosidl_typesupport_fastrtps_cppExport-noconfig.cmake\n'}
[2.121760] (flir_camera_msgs) StdoutLine: {'line': b'-- Installing: /home/karthik/dds_ros2/flirCAMERA/flir_camera_driver/install/flir_camera_msgs/share/flir_camera_msgs/cmake/flir_camera_msgs__rosidl_typesupport_introspection_cExport.cmake\n'}
[2.121805] (flir_camera_msgs) StdoutLine: {'line': b'-- Installing: /home/karthik/dds_ros2/flirCAMERA/flir_camera_driver/install/flir_camera_msgs/share/flir_camera_msgs/cmake/flir_camera_msgs__rosidl_typesupport_introspection_cExport-noconfig.cmake\n'}
[2.121857] (flir_camera_msgs) StdoutLine: {'line': b'-- Installing: /home/karthik/dds_ros2/flirCAMERA/flir_camera_driver/install/flir_camera_msgs/share/flir_camera_msgs/cmake/flir_camera_msgs__rosidl_typesupport_cExport.cmake\n'}
[2.121904] (flir_camera_msgs) StdoutLine: {'line': b'-- Installing: /home/karthik/dds_ros2/flirCAMERA/flir_camera_driver/install/flir_camera_msgs/share/flir_camera_msgs/cmake/flir_camera_msgs__rosidl_typesupport_cExport-noconfig.cmake\n'}
[2.121949] (flir_camera_msgs) StdoutLine: {'line': b'-- Installing: /home/karthik/dds_ros2/flirCAMERA/flir_camera_driver/install/flir_camera_msgs/share/flir_camera_msgs/cmake/flir_camera_msgs__rosidl_typesupport_introspection_cppExport.cmake\n'}
[2.122001] (flir_camera_msgs) StdoutLine: {'line': b'-- Installing: /home/karthik/dds_ros2/flirCAMERA/flir_camera_driver/install/flir_camera_msgs/share/flir_camera_msgs/cmake/flir_camera_msgs__rosidl_typesupport_introspection_cppExport-noconfig.cmake\n'}
[2.122047] (flir_camera_msgs) StdoutLine: {'line': b'-- Installing: /home/karthik/dds_ros2/flirCAMERA/flir_camera_driver/install/flir_camera_msgs/share/flir_camera_msgs/cmake/flir_camera_msgs__rosidl_typesupport_cppExport.cmake\n'}
[2.122098] (flir_camera_msgs) StdoutLine: {'line': b'-- Installing: /home/karthik/dds_ros2/flirCAMERA/flir_camera_driver/install/flir_camera_msgs/share/flir_camera_msgs/cmake/flir_camera_msgs__rosidl_typesupport_cppExport-noconfig.cmake\n'}
[2.122141] (flir_camera_msgs) StdoutLine: {'line': b'-- Installing: /home/karthik/dds_ros2/flirCAMERA/flir_camera_driver/install/flir_camera_msgs/share/flir_camera_msgs/cmake/export_flir_camera_msgs__rosidl_generator_pyExport.cmake\n'}
[2.122187] (flir_camera_msgs) StdoutLine: {'line': b'-- Installing: /home/karthik/dds_ros2/flirCAMERA/flir_camera_driver/install/flir_camera_msgs/share/flir_camera_msgs/cmake/export_flir_camera_msgs__rosidl_generator_pyExport-noconfig.cmake\n'}
[2.123757] (flir_camera_msgs) CommandEnded: {'returncode': 0}
[2.133080] (flir_camera_msgs) JobEnded: {'identifier': 'flir_camera_msgs', 'rc': 0}
[2.133589] (spinnaker_camera_driver) JobStarted: {'identifier': 'spinnaker_camera_driver'}
[2.138054] (spinnaker_camera_driver) JobProgress: {'identifier': 'spinnaker_camera_driver', 'progress': 'cmake'}
[2.138683] (spinnaker_camera_driver) Command: {'cmd': ['/usr/bin/cmake', '/home/karthik/dds_ros2/flirCAMERA/flir_camera_driver/spinnaker_camera_driver', '-DAMENT_CMAKE_SYMLINK_INSTALL=1', '-DCMAKE_INSTALL_PREFIX=/home/karthik/dds_ros2/flirCAMERA/flir_camera_driver/install/spinnaker_camera_driver'], 'cwd': '/home/karthik/dds_ros2/flirCAMERA/flir_camera_driver/build/spinnaker_camera_driver', 'env': OrderedDict([('GJS_DEBUG_TOPICS', 'JS ERROR;JS LOG'), ('PYTHON_BASIC_REPL', '1'), ('LESSOPEN', '| /usr/bin/lesspipe %s'), ('USER', 'karthik'), ('LC_TIME', 'de_DE.UTF-8'), ('XDG_SESSION_TYPE', 'x11'), ('GIT_ASKPASS', '/usr/share/antigravity/resources/app/extensions/git/dist/askpass.sh'), ('SHLVL', '2'), ('LD_LIBRARY_PATH', '/home/karthik/dds_ros2/flirCAMERA/flir_camera_driver/install/flir_camera_msgs/lib:/home/karthik/dds_ros2/flirCAMERA/flir_camera_driver/install/spinnaker_camera_driver/lib:/opt/ros/humble/opt/rviz_ogre_vendor/lib:/opt/ros/humble/lib/x86_64-linux-gnu:/opt/ros/humble/lib'), ('ANTIGRAVITY_CLI_ALIAS', 'agy'), ('HOME', '/home/karthik'), ('CHROME_DESKTOP', 'antigravity.desktop'), ('OLDPWD', '/home/karthik/dds_ros2/flirCAMERA/flir_camera_driver'), ('TERM_PROGRAM_VERSION', '1.104.0'), ('DESKTOP_SESSION', 'ubuntu'), ('GIO_LAUNCHED_DESKTOP_FILE', '/usr/share/applications/antigravity.desktop'), ('ROS_PYTHON_VERSION', '3'), ('GNOME_SHELL_SESSION_MODE', 'ubuntu'), ('GTK_MODULES', 'gail:atk-bridge'), ('VSCODE_GIT_ASKPASS_MAIN', '/usr/share/antigravity/resources/app/extensions/git/dist/askpass-main.js'), ('LC_MONETARY', 'de_DE.UTF-8'), ('VSCODE_GIT_ASKPASS_NODE', '/usr/share/antigravity/antigravity'), ('MANAGERPID', '3174'), ('PYDEVD_DISABLE_FILE_VALIDATION', '1'), ('SYSTEMD_EXEC_PID', '3437'), ('BUNDLED_DEBUGPY_PATH', '/home/karthik/.antigravity/extensions/ms-python.debugpy-2025.18.0-linux-x64/bundled/libs/debugpy'), ('VSCODE_PYTHON_AUTOACTIVATE_GUARD', '1'), ('DBUS_SESSION_BUS_ADDRESS', 'unix:path=/run/user/1000/bus'), ('COLORTERM', 'truecolor'), ('GIO_LAUNCHED_DESKTOP_FILE_PID', '5610'), ('COLCON_PREFIX_PATH', '/home/karthik/dds_ros2/flirCAMERA/flir_camera_driver/install'), ('ROS_DISTRO', 'humble'), ('GTK_IM_MODULE', 'ibus'), ('LOGNAME', 'karthik'), ('JOURNAL_STREAM', '8:80912'), ('_', '/usr/bin/colcon'), ('ROS_VERSION', '2'), ('XDG_SESSION_CLASS', 'user'), ('USERNAME', 'karthik'), ('TERM', 'xterm-256color'), ('GNOME_DESKTOP_SESSION_ID', 'this-is-deprecated'), ('ROS_LOCALHOST_ONLY', '0'), ('WINDOWPATH', '2'), ('PATH', '/opt/ros/humble/bin:/home/karthik/.local/bin:/home/karthik/.local/bin:/opt/spinnaker/bin:/usr/local/sbin:/usr/local/bin:/usr/sbin:/usr/bin:/sbin:/bin:/usr/games:/usr/local/games:/snap/bin:/snap/bin:/home/karthik/.antigravity/extensions/ms-python.debugpy-2025.18.0-linux-x64/bundled/scripts/noConfigScripts'), ('SESSION_MANAGER', 'local/Karthik:@/tmp/.ICE-unix/3414,unix/Karthik:/tmp/.ICE-unix/3414'), ('INVOCATION_ID', '8c000bce77184e7abaf8e7054f526e83'), ('XDG_MENU_PREFIX', 'gnome-'), ('LC_ADDRESS', 'de_DE.UTF-8'), ('XDG_RUNTIME_DIR', '/run/user/1000'), ('GDK_BACKEND', 'x11'), ('SPINNAKER_GENTL64_CTI', '/opt/spinnaker/lib/spinnaker-gentl/Spinnaker_GenTL.cti'), ('DISPLAY', ':1'), ('VSCODE_DEBUGPY_ADAPTER_ENDPOINTS', '/home/karthik/.antigravity/extensions/ms-python.debugpy-2025.18.0-linux-x64/.noConfigDebugAdapterEndpoints/endpoint-f3ee66c29dd09338.txt'), ('LANG', 'en_US.UTF-8'), ('XDG_CURRENT_DESKTOP', 'Unity'), ('PYTHONSTARTUP', '/home/karthik/.config/Antigravity/User/workspaceStorage/d88c120b86d835b02216619077cb693b/ms-python.python/pythonrc.py'), ('LC_TELEPHONE', 'de_DE.UTF-8'), ('XMODIFIERS', '@im=ibus'), ('XDG_SESSION_DESKTOP', 'ubuntu'), ('XAUTHORITY', '/run/user/1000/gdm/Xauthority'), ('LS_COLORS', 'rs=0:di=01;34:ln=01;36:mh=00:pi=40;33:so=01;35:do=01;35:bd=40;33;01:cd=40;33;01:or=40;31;01:mi=00:su=37;41:sg=30;43:ca=30;41:tw=30;42:ow=34;42:st=37;44:ex=01;32:*.tar=01;31:*.tgz=01;31:*.arc=01;31:*.arj=01;31:*.taz=01;31:*.lha=01;31:*.lz4=01;31:*.lzh=01;31:*.lzma=01;31:*.tlz=01;31:*.txz=01;31:*.tzo=01;31:*.t7z=01;31:*.zip=01;31:*.z=01;31:*.dz=01;31:*.gz=01;31:*.lrz=01;31:*.lz=01;31:*.lzo=01;31:*.xz=01;31:*.zst=01;31:*.tzst=01;31:*.bz2=01;31:*.bz=01;31:*.tbz=01;31:*.tbz2=01;31:*.tz=01;31:*.deb=01;31:*.rpm=01;31:*.jar=01;31:*.war=01;31:*.ear=01;31:*.sar=01;31:*.rar=01;31:*.alz=01;31:*.ace=01;31:*.zoo=01;31:*.cpio=01;31:*.7z=01;31:*.rz=01;31:*.cab=01;31:*.wim=01;31:*.swm=01;31:*.dwm=01;31:*.esd=01;31:*.jpg=01;35:*.jpeg=01;35:*.mjpg=01;35:*.mjpeg=01;35:*.gif=01;35:*.bmp=01;35:*.pbm=01;35:*.pgm=01;35:*.ppm=01;35:*.tga=01;35:*.xbm=01;35:*.xpm=01;35:*.tif=01;35:*.tiff=01;35:*.png=01;35:*.svg=01;35:*.svgz=01;35:*.mng=01;35:*.pcx=01;35:*.mov=01;35:*.mpg=01;35:*.mpeg=01;35:*.m2v=01;35:*.mkv=01;35:*.webm=01;35:*.webp=01;35:*.ogm=01;35:*.mp4=01;35:*.m4v=01;35:*.mp4v=01;35:*.vob=01;35:*.qt=01;35:*.nuv=01;35:*.wmv=01;35:*.asf=01;35:*.rm=01;35:*.rmvb=01;35:*.flc=01;35:*.avi=01;35:*.fli=01;35:*.flv=01;35:*.gl=01;35:*.dl=01;35:*.xcf=01;35:*.xwd=01;35:*.yuv=01;35:*.cgm=01;35:*.emf=01;35:*.ogv=01;35:*.ogx=01;35:*.aac=00;36:*.au=00;36:*.flac=00;36:*.m4a=00;36:*.mid=00;36:*.midi=00;36:*.mka=00;36:*.mp3=00;36:*.mpc=00;36:*.ogg=00;36:*.ra=00;36:*.wav=00;36:*.oga=00;36:*.opus=00;36:*.spx=00;36:*.xspf=00;36:'), ('VSCODE_GIT_IPC_HANDLE', '/run/user/1000/vscode-git-305ff7234e.sock'), ('TERM_PROGRAM', 'vscode'), ('SSH_AGENT_LAUNCHER', 'gnome-keyring'), ('SSH_AUTH_SOCK', '/run/user/1000/keyring/ssh'), ('AMENT_PREFIX_PATH', '/home/karthik/dds_ros2/flirCAMERA/flir_camera_driver/install/spinnaker_camera_driver:/home/karthik/dds_ros2/flirCAMERA/flir_camera_driver/install/flir_camera_msgs:/opt/ros/humble'), ('ORIGINAL_XDG_CURRENT_DESKTOP', 'ubuntu:GNOME'), ('SHELL', '/bin/bash'), ('LC_NAME', 'de_DE.UTF-8'), ('QT_ACCESSIBILITY', '1'), ('GDMSESSION', 'ubuntu'), ('LESSCLOSE', '/usr/bin/lesspipe %s %s'), ('LC_MEASUREMENT', 'de_DE.UTF-8'), ('GPG_AGENT_INFO', '/run/user/1000/gnupg/S.gpg-agent:0:1'), ('GJS_DEBUG_OUTPUT', 'stderr'), ('LC_IDENTIFICATION', 'de_DE.UTF-8'), ('VSCODE_GIT_ASKPASS_EXTRA_ARGS', ''), ('QT_IM_MODULE', 'ibus'), ('PWD', '/home/karthik/dds_ros2/flirCAMERA/flir_camera_driver/build/spinnaker_camera_driver'), ('LC_ALL', 'en_US.UTF-8'), ('XDG_CONFIG_DIRS', '/etc/xdg/xdg-ubuntu:/etc/xdg'), ('XDG_DATA_DIRS', '/usr/share/ubuntu:/usr/share/gnome:/usr/local/share/:/usr/share/:/var/lib/snapd/desktop'), ('PYTHONPATH', '/home/karthik/dds_ros2/flirCAMERA/flir_camera_driver/install/flir_camera_msgs/local/lib/python3.10/dist-packages:/opt/ros/humble/lib/python3.10/site-packages:/opt/ros/humble/local/lib/python3.10/dist-packages'), ('LC_NUMERIC', 'de_DE.UTF-8'), ('LC_PAPER', 'de_DE.UTF-8'), ('COLCON', '1'), ('GENICAM_GENTL64_PATH', '/opt/spinnaker/lib/spinnaker-gentl'), ('CMAKE_PREFIX_PATH', '/home/karthik/dds_ros2/flirCAMERA/flir_camera_driver/install/flir_camera_msgs:/home/karthik/dds_ros2/flirCAMERA/flir_camera_driver/install/spinnaker_camera_driver:/opt/ros/humble')]), 'shell': False}
[2.166881] (spinnaker_camera_driver) StdoutLine: {'line': b'-- The C compiler identification is GNU 11.4.0\n'}
[2.195529] (spinnaker_camera_driver) StdoutLine: {'line': b'-- The CXX compiler identification is GNU 11.4.0\n'}
[2.199400] (spinnaker_camera_driver) StdoutLine: {'line': b'-- Detecting C compiler ABI info\n'}
[2.201174] (-) TimerEvent: {}
[2.232385] (spinnaker_camera_driver) StdoutLine: {'line': b'-- Detecting C compiler ABI info - done\n'}
[2.236037] (spinnaker_camera_driver) StdoutLine: {'line': b'-- Check for working C compiler: /usr/bin/cc - skipped\n'}
[2.236166] (spinnaker_camera_driver) StdoutLine: {'line': b'-- Detecting C compile features\n'}
[2.236331] (spinnaker_camera_driver) StdoutLine: {'line': b'-- Detecting C compile features - done\n'}
[2.237529] (spinnaker_camera_driver) StdoutLine: {'line': b'-- Detecting CXX compiler ABI info\n'}
[2.277039] (spinnaker_camera_driver) StdoutLine: {'line': b'-- Detecting CXX compiler ABI info - done\n'}
[2.280431] (spinnaker_camera_driver) StdoutLine: {'line': b'-- Check for working CXX compiler: /usr/bin/c++ - skipped\n'}
[2.280594] (spinnaker_camera_driver) StdoutLine: {'line': b'-- Detecting CXX compile features\n'}
[2.280848] (spinnaker_camera_driver) StdoutLine: {'line': b'-- Detecting CXX compile features - done\n'}
[2.282517] (spinnaker_camera_driver) StdoutLine: {'line': b'-- Found inc dir: /opt/spinnaker/include\n'}
[2.282626] (spinnaker_camera_driver) StdoutLine: {'line': b'-- Found variable: TRUE at /opt/spinnaker/lib/libSpinnaker.so and /opt/spinnaker/include\n'}
[2.282656] (spinnaker_camera_driver) StdoutLine: {'line': b'-- spinnaker SDK found installed\n'}
[2.282677] (spinnaker_camera_driver) StdoutLine: {'line': b'-- libSpinnaker library location: /opt/spinnaker/lib/libSpinnaker.so\n'}
[2.282697] (spinnaker_camera_driver) StdoutLine: {'line': b'-- libSpinnaker include location: /opt/spinnaker/include\n'}
[2.282980] (spinnaker_camera_driver) StdoutLine: {'line': b'-- Found inc dir: /opt/spinnaker/include\n'}
[2.283037] (spinnaker_camera_driver) StdoutLine: {'line': b'-- Found SPINNAKER: /opt/spinnaker/include  \n'}
[2.283667] (spinnaker_camera_driver) StdoutLine: {'line': b'-- Found ament_cmake: 1.3.12 (/opt/ros/humble/share/ament_cmake/cmake)\n'}
[2.301255] (-) TimerEvent: {}
[2.361001] (spinnaker_camera_driver) StdoutLine: {'line': b'-- Found Python3: /usr/bin/python3 (found version "3.10.12") found components: Interpreter \n'}
[2.389855] (spinnaker_camera_driver) StdoutLine: {'line': b'-- Override CMake install command with custom implementation using symlinks instead of copying resources\n'}
[2.399969] (spinnaker_camera_driver) StdoutLine: {'line': b'-- Found ament_cmake_ros: 0.10.0 (/opt/ros/humble/share/ament_cmake_ros/cmake)\n'}
[2.401327] (-) TimerEvent: {}
[2.402500] (spinnaker_camera_driver) StdoutLine: {'line': b'-- Found camera_info_manager: 3.1.12 (/opt/ros/humble/share/camera_info_manager/cmake)\n'}
[2.420694] (spinnaker_camera_driver) StdoutLine: {'line': b'-- Found rosidl_generator_c: 3.1.7 (/opt/ros/humble/share/rosidl_generator_c/cmake)\n'}
[2.422300] (spinnaker_camera_driver) StdoutLine: {'line': b'-- Found rosidl_adapter: 3.1.7 (/opt/ros/humble/share/rosidl_adapter/cmake)\n'}
[2.425232] (spinnaker_camera_driver) StdoutLine: {'line': b'-- Found rosidl_generator_cpp: 3.1.7 (/opt/ros/humble/share/rosidl_generator_cpp/cmake)\n'}
[2.429713] (spinnaker_camera_driver) StdoutLine: {'line': b'-- Using all available rosidl_typesupport_c: rosidl_typesupport_fastrtps_c;rosidl_typesupport_introspection_c\n'}
[2.435387] (spinnaker_camera_driver) StdoutLine: {'line': b'-- Using all available rosidl_typesupport_cpp: rosidl_typesupport_fastrtps_cpp;rosidl_typesupport_introspection_cpp\n'}
[2.450400] (spinnaker_camera_driver) StdoutLine: {'line': b'-- Found rmw_implementation_cmake: 6.1.2 (/opt/ros/humble/share/rmw_implementation_cmake/cmake)\n'}
[2.451227] (spinnaker_camera_driver) StdoutLine: {'line': b'-- Found rmw_fastrtps_cpp: 6.2.9 (/opt/ros/humble/share/rmw_fastrtps_cpp/cmake)\n'}
[2.500248] (spinnaker_camera_driver) StdoutLine: {'line': b'-- Found OpenSSL: /usr/lib/x86_64-linux-gnu/libcrypto.so (found version "3.0.2")  \n'}
[2.501389] (-) TimerEvent: {}
[2.514989] (spinnaker_camera_driver) StdoutLine: {'line': b'-- Found FastRTPS: /opt/ros/humble/include  \n'}
[2.536326] (spinnaker_camera_driver) StdoutLine: {'line': b"-- Using RMW implementation 'rmw_fastrtps_cpp' as default\n"}
[2.539630] (spinnaker_camera_driver) StdoutLine: {'line': b'-- Looking for pthread.h\n'}
[2.574002] (spinnaker_camera_driver) StdoutLine: {'line': b'-- Looking for pthread.h - found\n'}
[2.574242] (spinnaker_camera_driver) StdoutLine: {'line': b'-- Performing Test CMAKE_HAVE_LIBC_PTHREAD\n'}
[2.601474] (-) TimerEvent: {}
[2.612245] (spinnaker_camera_driver) StdoutLine: {'line': b'-- Performing Test CMAKE_HAVE_LIBC_PTHREAD - Success\n'}
[2.612946] (spinnaker_camera_driver) StdoutLine: {'line': b'-- Found Threads: TRUE  \n'}
[2.648447] (spinnaker_camera_driver) StdoutLine: {'line': b'-- Found diagnostic_updater: 4.0.6 (/opt/ros/humble/share/diagnostic_updater/cmake)\n'}
[2.655254] (spinnaker_camera_driver) StdoutLine: {'line': b'-- Found flir_camera_msgs: 2.0.8 (/home/karthik/dds_ros2/flirCAMERA/flir_camera_driver/install/flir_camera_msgs/share/flir_camera_msgs/cmake)\n'}
[2.660736] (spinnaker_camera_driver) StdoutLine: {'line': b'-- Found image_transport: 3.1.12 (/opt/ros/humble/share/image_transport/cmake)\n'}
[2.672468] (spinnaker_camera_driver) StdoutLine: {'line': b'-- Found rclcpp_components: 16.0.16 (/opt/ros/humble/share/rclcpp_components/cmake)\n'}
[2.680229] (spinnaker_camera_driver) StdoutLine: {'line': b'-- Found ament_cmake_copyright: 0.12.14 (/opt/ros/humble/share/ament_cmake_copyright/cmake)\n'}
[2.680734] (spinnaker_camera_driver) StdoutLine: {'line': b'-- Found ament_cmake_cppcheck: 0.12.14 (/opt/ros/humble/share/ament_cmake_cppcheck/cmake)\n'}
[2.681186] (spinnaker_camera_driver) StdoutLine: {'line': b'-- Found ament_cmake_cpplint: 0.12.14 (/opt/ros/humble/share/ament_cmake_cpplint/cmake)\n'}
[2.681644] (spinnaker_camera_driver) StdoutLine: {'line': b'-- Found ament_cmake_flake8: 0.12.14 (/opt/ros/humble/share/ament_cmake_flake8/cmake)\n'}
[2.682111] (spinnaker_camera_driver) StdoutLine: {'line': b'-- Found ament_cmake_lint_cmake: 0.12.14 (/opt/ros/humble/share/ament_cmake_lint_cmake/cmake)\n'}
[2.682564] (spinnaker_camera_driver) StdoutLine: {'line': b'-- Found ament_cmake_pep257: 0.12.14 (/opt/ros/humble/share/ament_cmake_pep257/cmake)\n'}
[2.683015] (spinnaker_camera_driver) StdoutLine: {'line': b'-- Found ament_cmake_clang_format: 0.12.14 (/opt/ros/humble/share/ament_cmake_clang_format/cmake)\n'}
[2.683462] (spinnaker_camera_driver) StdoutLine: {'line': b'-- Found ament_cmake_xmllint: 0.12.14 (/opt/ros/humble/share/ament_cmake_xmllint/cmake)\n'}
[2.701553] (-) TimerEvent: {}
[2.723520] (spinnaker_camera_driver) StdoutLine: {'line': b'-- Configuring done\n'}
[2.730189] (spinnaker_camera_driver) StdoutLine: {'line': b'-- Generating done\n'}
[2.732448] (spinnaker_camera_driver) StdoutLine: {'line': b'-- Build files have been written to: /home/karthik/dds_ros2/flirCAMERA/flir_camera_driver/build/spinnaker_camera_driver\n'}
[2.739141] (spinnaker_camera_driver) CommandEnded: {'returncode': 0}
[2.739781] (spinnaker_camera_driver) JobProgress: {'identifier': 'spinnaker_camera_driver', 'progress': 'build'}
[2.740485] (spinnaker_camera_driver) Command: {'cmd': ['/usr/bin/cmake', '--build', '/home/karthik/dds_ros2/flirCAMERA/flir_camera_driver/build/spinnaker_camera_driver', '--', '-j128', '-l128'], 'cwd': '/home/karthik/dds_ros2/flirCAMERA/flir_camera_driver/build/spinnaker_camera_driver', 'env': OrderedDict([('GJS_DEBUG_TOPICS', 'JS ERROR;JS LOG'), ('PYTHON_BASIC_REPL', '1'), ('LESSOPEN', '| /usr/bin/lesspipe %s'), ('USER', 'karthik'), ('LC_TIME', 'de_DE.UTF-8'), ('XDG_SESSION_TYPE', 'x11'), ('GIT_ASKPASS', '/usr/share/antigravity/resources/app/extensions/git/dist/askpass.sh'), ('SHLVL', '2'), ('LD_LIBRARY_PATH', '/home/karthik/dds_ros2/flirCAMERA/flir_camera_driver/install/flir_camera_msgs/lib:/home/karthik/dds_ros2/flirCAMERA/flir_camera_driver/install/spinnaker_camera_driver/lib:/opt/ros/humble/opt/rviz_ogre_vendor/lib:/opt/ros/humble/lib/x86_64-linux-gnu:/opt/ros/humble/lib'), ('ANTIGRAVITY_CLI_ALIAS', 'agy'), ('HOME', '/home/karthik'), ('CHROME_DESKTOP', 'antigravity.desktop'), ('OLDPWD', '/home/karthik/dds_ros2/flirCAMERA/flir_camera_driver'), ('TERM_PROGRAM_VERSION', '1.104.0'), ('DESKTOP_SESSION', 'ubuntu'), ('GIO_LAUNCHED_DESKTOP_FILE', '/usr/share/applications/antigravity.desktop'), ('ROS_PYTHON_VERSION', '3'), ('GNOME_SHELL_SESSION_MODE', 'ubuntu'), ('GTK_MODULES', 'gail:atk-bridge'), ('VSCODE_GIT_ASKPASS_MAIN', '/usr/share/antigravity/resources/app/extensions/git/dist/askpass-main.js'), ('LC_MONETARY', 'de_DE.UTF-8'), ('VSCODE_GIT_ASKPASS_NODE', '/usr/share/antigravity/antigravity'), ('MANAGERPID', '3174'), ('PYDEVD_DISABLE_FILE_VALIDATION', '1'), ('SYSTEMD_EXEC_PID', '3437'), ('BUNDLED_DEBUGPY_PATH', '/home/karthik/.antigravity/extensions/ms-python.debugpy-2025.18.0-linux-x64/bundled/libs/debugpy'), ('VSCODE_PYTHON_AUTOACTIVATE_GUARD', '1'), ('DBUS_SESSION_BUS_ADDRESS', 'unix:path=/run/user/1000/bus'), ('COLORTERM', 'truecolor'), ('GIO_LAUNCHED_DESKTOP_FILE_PID', '5610'), ('COLCON_PREFIX_PATH', '/home/karthik/dds_ros2/flirCAMERA/flir_camera_driver/install'), ('ROS_DISTRO', 'humble'), ('GTK_IM_MODULE', 'ibus'), ('LOGNAME', 'karthik'), ('JOURNAL_STREAM', '8:80912'), ('_', '/usr/bin/colcon'), ('ROS_VERSION', '2'), ('XDG_SESSION_CLASS', 'user'), ('USERNAME', 'karthik'), ('TERM', 'xterm-256color'), ('GNOME_DESKTOP_SESSION_ID', 'this-is-deprecated'), ('ROS_LOCALHOST_ONLY', '0'), ('WINDOWPATH', '2'), ('PATH', '/opt/ros/humble/bin:/home/karthik/.local/bin:/home/karthik/.local/bin:/opt/spinnaker/bin:/usr/local/sbin:/usr/local/bin:/usr/sbin:/usr/bin:/sbin:/bin:/usr/games:/usr/local/games:/snap/bin:/snap/bin:/home/karthik/.antigravity/extensions/ms-python.debugpy-2025.18.0-linux-x64/bundled/scripts/noConfigScripts'), ('SESSION_MANAGER', 'local/Karthik:@/tmp/.ICE-unix/3414,unix/Karthik:/tmp/.ICE-unix/3414'), ('INVOCATION_ID', '8c000bce77184e7abaf8e7054f526e83'), ('XDG_MENU_PREFIX', 'gnome-'), ('LC_ADDRESS', 'de_DE.UTF-8'), ('XDG_RUNTIME_DIR', '/run/user/1000'), ('GDK_BACKEND', 'x11'), ('SPINNAKER_GENTL64_CTI', '/opt/spinnaker/lib/spinnaker-gentl/Spinnaker_GenTL.cti'), ('DISPLAY', ':1'), ('VSCODE_DEBUGPY_ADAPTER_ENDPOINTS', '/home/karthik/.antigravity/extensions/ms-python.debugpy-2025.18.0-linux-x64/.noConfigDebugAdapterEndpoints/endpoint-f3ee66c29dd09338.txt'), ('LANG', 'en_US.UTF-8'), ('XDG_CURRENT_DESKTOP', 'Unity'), ('PYTHONSTARTUP', '/home/karthik/.config/Antigravity/User/workspaceStorage/d88c120b86d835b02216619077cb693b/ms-python.python/pythonrc.py'), ('LC_TELEPHONE', 'de_DE.UTF-8'), ('XMODIFIERS', '@im=ibus'), ('XDG_SESSION_DESKTOP', 'ubuntu'), ('XAUTHORITY', '/run/user/1000/gdm/Xauthority'), ('LS_COLORS', 'rs=0:di=01;34:ln=01;36:mh=00:pi=40;33:so=01;35:do=01;35:bd=40;33;01:cd=40;33;01:or=40;31;01:mi=00:su=37;41:sg=30;43:ca=30;41:tw=30;42:ow=34;42:st=37;44:ex=01;32:*.tar=01;31:*.tgz=01;31:*.arc=01;31:*.arj=01;31:*.taz=01;31:*.lha=01;31:*.lz4=01;31:*.lzh=01;31:*.lzma=01;31:*.tlz=01;31:*.txz=01;31:*.tzo=01;31:*.t7z=01;31:*.zip=01;31:*.z=01;31:*.dz=01;31:*.gz=01;31:*.lrz=01;31:*.lz=01;31:*.lzo=01;31:*.xz=01;31:*.zst=01;31:*.tzst=01;31:*.bz2=01;31:*.bz=01;31:*.tbz=01;31:*.tbz2=01;31:*.tz=01;31:*.deb=01;31:*.rpm=01;31:*.jar=01;31:*.war=01;31:*.ear=01;31:*.sar=01;31:*.rar=01;31:*.alz=01;31:*.ace=01;31:*.zoo=01;31:*.cpio=01;31:*.7z=01;31:*.rz=01;31:*.cab=01;31:*.wim=01;31:*.swm=01;31:*.dwm=01;31:*.esd=01;31:*.jpg=01;35:*.jpeg=01;35:*.mjpg=01;35:*.mjpeg=01;35:*.gif=01;35:*.bmp=01;35:*.pbm=01;35:*.pgm=01;35:*.ppm=01;35:*.tga=01;35:*.xbm=01;35:*.xpm=01;35:*.tif=01;35:*.tiff=01;35:*.png=01;35:*.svg=01;35:*.svgz=01;35:*.mng=01;35:*.pcx=01;35:*.mov=01;35:*.mpg=01;35:*.mpeg=01;35:*.m2v=01;35:*.mkv=01;35:*.webm=01;35:*.webp=01;35:*.ogm=01;35:*.mp4=01;35:*.m4v=01;35:*.mp4v=01;35:*.vob=01;35:*.qt=01;35:*.nuv=01;35:*.wmv=01;35:*.asf=01;35:*.rm=01;35:*.rmvb=01;35:*.flc=01;35:*.avi=01;35:*.fli=01;35:*.flv=01;35:*.gl=01;35:*.dl=01;35:*.xcf=01;35:*.xwd=01;35:*.yuv=01;35:*.cgm=01;35:*.emf=01;35:*.ogv=01;35:*.ogx=01;35:*.aac=00;36:*.au=00;36:*.flac=00;36:*.m4a=00;36:*.mid=00;36:*.midi=00;36:*.mka=00;36:*.mp3=00;36:*.mpc=00;36:*.ogg=00;36:*.ra=00;36:*.wav=00;36:*.oga=00;36:*.opus=00;36:*.spx=00;36:*.xspf=00;36:'), ('VSCODE_GIT_IPC_HANDLE', '/run/user/1000/vscode-git-305ff7234e.sock'), ('TERM_PROGRAM', 'vscode'), ('SSH_AGENT_LAUNCHER', 'gnome-keyring'), ('SSH_AUTH_SOCK', '/run/user/1000/keyring/ssh'), ('AMENT_PREFIX_PATH', '/home/karthik/dds_ros2/flirCAMERA/flir_camera_driver/install/spinnaker_camera_driver:/home/karthik/dds_ros2/flirCAMERA/flir_camera_driver/install/flir_camera_msgs:/opt/ros/humble'), ('ORIGINAL_XDG_CURRENT_DESKTOP', 'ubuntu:GNOME'), ('SHELL', '/bin/bash'), ('LC_NAME', 'de_DE.UTF-8'), ('QT_ACCESSIBILITY', '1'), ('GDMSESSION', 'ubuntu'), ('LESSCLOSE', '/usr/bin/lesspipe %s %s'), ('LC_MEASUREMENT', 'de_DE.UTF-8'), ('GPG_AGENT_INFO', '/run/user/1000/gnupg/S.gpg-agent:0:1'), ('GJS_DEBUG_OUTPUT', 'stderr'), ('LC_IDENTIFICATION', 'de_DE.UTF-8'), ('VSCODE_GIT_ASKPASS_EXTRA_ARGS', ''), ('QT_IM_MODULE', 'ibus'), ('PWD', '/home/karthik/dds_ros2/flirCAMERA/flir_camera_driver/build/spinnaker_camera_driver'), ('LC_ALL', 'en_US.UTF-8'), ('XDG_CONFIG_DIRS', '/etc/xdg/xdg-ubuntu:/etc/xdg'), ('XDG_DATA_DIRS', '/usr/share/ubuntu:/usr/share/gnome:/usr/local/share/:/usr/share/:/var/lib/snapd/desktop'), ('PYTHONPATH', '/home/karthik/dds_ros2/flirCAMERA/flir_camera_driver/install/flir_camera_msgs/local/lib/python3.10/dist-packages:/opt/ros/humble/lib/python3.10/site-packages:/opt/ros/humble/local/lib/python3.10/dist-packages'), ('LC_NUMERIC', 'de_DE.UTF-8'), ('LC_PAPER', 'de_DE.UTF-8'), ('COLCON', '1'), ('GENICAM_GENTL64_PATH', '/opt/spinnaker/lib/spinnaker-gentl'), ('CMAKE_PREFIX_PATH', '/home/karthik/dds_ros2/flirCAMERA/flir_camera_driver/install/flir_camera_msgs:/home/karthik/dds_ros2/flirCAMERA/flir_camera_driver/install/spinnaker_camera_driver:/opt/ros/humble')]), 'shell': False}
[2.766006] (spinnaker_camera_driver) StdoutLine: {'line': b'[  9%] \x1b[32mBuilding CXX object CMakeFiles/camera_driver.dir/src/camera_driver.cpp.o\x1b[0m\n'}
[2.766588] (spinnaker_camera_driver) StdoutLine: {'line': b'[ 18%] \x1b[32mBuilding CXX object CMakeFiles/camera_driver.dir/src/camera.cpp.o\x1b[0m\n'}
[2.766762] (spinnaker_camera_driver) StdoutLine: {'line': b'[ 27%] \x1b[32mBuilding CXX object CMakeFiles/camera_driver.dir/src/image.cpp.o\x1b[0m\n'}
[2.766878] (spinnaker_camera_driver) StdoutLine: {'line': b'[ 36%] \x1b[32mBuilding CXX object CMakeFiles/camera_driver.dir/src/spinnaker_wrapper_impl.cpp.o\x1b[0m\n'}
[2.767079] (spinnaker_camera_driver) StdoutLine: {'line': b'[ 45%] \x1b[32mBuilding CXX object CMakeFiles/camera_driver.dir/src/spinnaker_wrapper.cpp.o\x1b[0m\n'}
[2.767137] (spinnaker_camera_driver) StdoutLine: {'line': b'[ 54%] \x1b[32mBuilding CXX object CMakeFiles/camera_driver.dir/src/pixel_format.cpp.o\x1b[0m\n'}
[2.768180] (spinnaker_camera_driver) StdoutLine: {'line': b'[ 63%] \x1b[32mBuilding CXX object CMakeFiles/camera_driver.dir/src/genicam_utils.cpp.o\x1b[0m\n'}
[2.768297] (spinnaker_camera_driver) StdoutLine: {'line': b'[ 72%] \x1b[32mBuilding CXX object CMakeFiles/camera_driver.dir/src/utils.cpp.o\x1b[0m\n'}
[2.801616] (-) TimerEvent: {}
[2.901763] (-) TimerEvent: {}
[3.001951] (-) TimerEvent: {}
[3.102150] (-) TimerEvent: {}
[3.202544] (-) TimerEvent: {}
[3.302877] (-) TimerEvent: {}
[3.403184] (-) TimerEvent: {}
[3.503464] (-) TimerEvent: {}
[3.603756] (-) TimerEvent: {}
[3.704082] (-) TimerEvent: {}
[3.804373] (-) TimerEvent: {}
[3.905149] (-) TimerEvent: {}
[4.005450] (-) TimerEvent: {}
[4.105701] (-) TimerEvent: {}
[4.205901] (-) TimerEvent: {}
[4.306086] (-) TimerEvent: {}
[4.406258] (-) TimerEvent: {}
[4.506385] (-) TimerEvent: {}
[4.606567] (-) TimerEvent: {}
[4.706806] (-) TimerEvent: {}
[4.807011] (-) TimerEvent: {}
[4.907196] (-) TimerEvent: {}
[5.007379] (-) TimerEvent: {}
[5.107554] (-) TimerEvent: {}
[5.207747] (-) TimerEvent: {}
[5.307956] (-) TimerEvent: {}
[5.408141] (-) TimerEvent: {}
[5.508317] (-) TimerEvent: {}
[5.608484] (-) TimerEvent: {}
[5.708650] (-) TimerEvent: {}
[5.808872] (-) TimerEvent: {}
[5.910116] (-) TimerEvent: {}
[6.010443] (-) TimerEvent: {}
[6.110714] (-) TimerEvent: {}
[6.210927] (-) TimerEvent: {}
[6.311103] (-) TimerEvent: {}
[6.411274] (-) TimerEvent: {}
[6.511440] (-) TimerEvent: {}
[6.611590] (-) TimerEvent: {}
[6.711736] (-) TimerEvent: {}
[6.811881] (-) TimerEvent: {}
[6.912048] (-) TimerEvent: {}
[7.012196] (-) TimerEvent: {}
[7.112346] (-) TimerEvent: {}
[7.212515] (-) TimerEvent: {}
[7.312676] (-) TimerEvent: {}
[7.412848] (-) TimerEvent: {}
[7.513061] (-) TimerEvent: {}
[7.613229] (-) TimerEvent: {}
[7.713378] (-) TimerEvent: {}
[7.813527] (-) TimerEvent: {}
[7.913683] (-) TimerEvent: {}
[8.013822] (-) TimerEvent: {}
[8.113967] (-) TimerEvent: {}
[8.214102] (-) TimerEvent: {}
[8.314230] (-) TimerEvent: {}
[8.414352] (-) TimerEvent: {}
[8.514500] (-) TimerEvent: {}
[8.614659] (-) TimerEvent: {}
[8.714798] (-) TimerEvent: {}
[8.814953] (-) TimerEvent: {}
[8.915091] (-) TimerEvent: {}
[9.015223] (-) TimerEvent: {}
[9.115396] (-) TimerEvent: {}
[9.215580] (-) TimerEvent: {}
[9.315763] (-) TimerEvent: {}
[9.415949] (-) TimerEvent: {}
[9.516130] (-) TimerEvent: {}
[9.616300] (-) TimerEvent: {}
[9.716444] (-) TimerEvent: {}
[9.816628] (-) TimerEvent: {}
[9.916807] (-) TimerEvent: {}
[10.017002] (-) TimerEvent: {}
[10.117176] (-) TimerEvent: {}
[10.217340] (-) TimerEvent: {}
[10.317502] (-) TimerEvent: {}
[10.417655] (-) TimerEvent: {}
[10.517818] (-) TimerEvent: {}
[10.618007] (-) TimerEvent: {}
[10.718182] (-) TimerEvent: {}
[10.818412] (-) TimerEvent: {}
[10.918699] (-) TimerEvent: {}
[11.018859] (-) TimerEvent: {}
[11.118996] (-) TimerEvent: {}
[11.219120] (-) TimerEvent: {}
[11.319290] (-) TimerEvent: {}
[11.419447] (-) TimerEvent: {}
[11.519592] (-) TimerEvent: {}
[11.619737] (-) TimerEvent: {}
[11.719888] (-) TimerEvent: {}
[11.820045] (-) TimerEvent: {}
[11.920209] (-) TimerEvent: {}
[12.020370] (-) TimerEvent: {}
[12.120524] (-) TimerEvent: {}
[12.220685] (-) TimerEvent: {}
[12.320859] (-) TimerEvent: {}
[12.421074] (-) TimerEvent: {}
[12.521234] (-) TimerEvent: {}
[12.621369] (-) TimerEvent: {}
[12.721501] (-) TimerEvent: {}
[12.821631] (-) TimerEvent: {}
[12.921786] (-) TimerEvent: {}
[13.021933] (-) TimerEvent: {}
[13.122073] (-) TimerEvent: {}
[13.222208] (-) TimerEvent: {}
[13.322357] (-) TimerEvent: {}
[13.422496] (-) TimerEvent: {}
[13.522623] (-) TimerEvent: {}
[13.622801] (-) TimerEvent: {}
[13.722992] (-) TimerEvent: {}
[13.823240] (-) TimerEvent: {}
[13.923536] (-) TimerEvent: {}
[14.023708] (-) TimerEvent: {}
[14.123865] (-) TimerEvent: {}
[14.224033] (-) TimerEvent: {}
[14.324206] (-) TimerEvent: {}
[14.424354] (-) TimerEvent: {}
[14.524508] (-) TimerEvent: {}
[14.624676] (-) TimerEvent: {}
[14.724860] (-) TimerEvent: {}
[14.825040] (-) TimerEvent: {}
[14.925225] (-) TimerEvent: {}
[14.955462] (spinnaker_camera_driver) StdoutLine: {'line': b'[ 81%] \x1b[32m\x1b[1mLinking CXX shared library libcamera_driver.so\x1b[0m\n'}
[15.025297] (-) TimerEvent: {}
[15.125429] (-) TimerEvent: {}
[15.167924] (spinnaker_camera_driver) StdoutLine: {'line': b'[ 81%] Built target camera_driver\n'}
[15.178901] (spinnaker_camera_driver) StdoutLine: {'line': b'[ 90%] \x1b[32mBuilding CXX object CMakeFiles/camera_driver_node.dir/src/camera_driver_node.cpp.o\x1b[0m\n'}
[15.225509] (-) TimerEvent: {}
[15.325665] (-) TimerEvent: {}
[15.425847] (-) TimerEvent: {}
[15.526010] (-) TimerEvent: {}
[15.626187] (-) TimerEvent: {}
[15.726369] (-) TimerEvent: {}
[15.826556] (-) TimerEvent: {}
[15.926742] (-) TimerEvent: {}
[16.026932] (-) TimerEvent: {}
[16.127119] (-) TimerEvent: {}
[16.227306] (-) TimerEvent: {}
[16.327494] (-) TimerEvent: {}
[16.427687] (-) TimerEvent: {}
[16.527879] (-) TimerEvent: {}
[16.628075] (-) TimerEvent: {}
[16.728255] (-) TimerEvent: {}
[16.828455] (-) TimerEvent: {}
[16.928630] (-) TimerEvent: {}
[17.028771] (-) TimerEvent: {}
[17.128960] (-) TimerEvent: {}
[17.229148] (-) TimerEvent: {}
[17.329316] (-) TimerEvent: {}
[17.427902] (spinnaker_camera_driver) StdoutLine: {'line': b'[100%] \x1b[32m\x1b[1mLinking CXX executable camera_driver_node\x1b[0m\n'}
[17.429381] (-) TimerEvent: {}
[17.513782] (spinnaker_camera_driver) StdoutLine: {'line': b'[100%] Built target camera_driver_node\n'}
[17.525030] (spinnaker_camera_driver) CommandEnded: {'returncode': 0}
[17.525707] (spinnaker_camera_driver) JobProgress: {'identifier': 'spinnaker_camera_driver', 'progress': 'install'}
[17.525994] (spinnaker_camera_driver) Command: {'cmd': ['/usr/bin/cmake', '--install', '/home/karthik/dds_ros2/flirCAMERA/flir_camera_driver/build/spinnaker_camera_driver'], 'cwd': '/home/karthik/dds_ros2/flirCAMERA/flir_camera_driver/build/spinnaker_camera_driver', 'env': OrderedDict([('GJS_DEBUG_TOPICS', 'JS ERROR;JS LOG'), ('PYTHON_BASIC_REPL', '1'), ('LESSOPEN', '| /usr/bin/lesspipe %s'), ('USER', 'karthik'), ('LC_TIME', 'de_DE.UTF-8'), ('XDG_SESSION_TYPE', 'x11'), ('GIT_ASKPASS', '/usr/share/antigravity/resources/app/extensions/git/dist/askpass.sh'), ('SHLVL', '2'), ('LD_LIBRARY_PATH', '/home/karthik/dds_ros2/flirCAMERA/flir_camera_driver/install/flir_camera_msgs/lib:/home/karthik/dds_ros2/flirCAMERA/flir_camera_driver/install/spinnaker_camera_driver/lib:/opt/ros/humble/opt/rviz_ogre_vendor/lib:/opt/ros/humble/lib/x86_64-linux-gnu:/opt/ros/humble/lib'), ('ANTIGRAVITY_CLI_ALIAS', 'agy'), ('HOME', '/home/karthik'), ('CHROME_DESKTOP', 'antigravity.desktop'), ('OLDPWD', '/home/karthik/dds_ros2/flirCAMERA/flir_camera_driver'), ('TERM_PROGRAM_VERSION', '1.104.0'), ('DESKTOP_SESSION', 'ubuntu'), ('GIO_LAUNCHED_DESKTOP_FILE', '/usr/share/applications/antigravity.desktop'), ('ROS_PYTHON_VERSION', '3'), ('GNOME_SHELL_SESSION_MODE', 'ubuntu'), ('GTK_MODULES', 'gail:atk-bridge'), ('VSCODE_GIT_ASKPASS_MAIN', '/usr/share/antigravity/resources/app/extensions/git/dist/askpass-main.js'), ('LC_MONETARY', 'de_DE.UTF-8'), ('VSCODE_GIT_ASKPASS_NODE', '/usr/share/antigravity/antigravity'), ('MANAGERPID', '3174'), ('PYDEVD_DISABLE_FILE_VALIDATION', '1'), ('SYSTEMD_EXEC_PID', '3437'), ('BUNDLED_DEBUGPY_PATH', '/home/karthik/.antigravity/extensions/ms-python.debugpy-2025.18.0-linux-x64/bundled/libs/debugpy'), ('VSCODE_PYTHON_AUTOACTIVATE_GUARD', '1'), ('DBUS_SESSION_BUS_ADDRESS', 'unix:path=/run/user/1000/bus'), ('COLORTERM', 'truecolor'), ('GIO_LAUNCHED_DESKTOP_FILE_PID', '5610'), ('COLCON_PREFIX_PATH', '/home/karthik/dds_ros2/flirCAMERA/flir_camera_driver/install'), ('ROS_DISTRO', 'humble'), ('GTK_IM_MODULE', 'ibus'), ('LOGNAME', 'karthik'), ('JOURNAL_STREAM', '8:80912'), ('_', '/usr/bin/colcon'), ('ROS_VERSION', '2'), ('XDG_SESSION_CLASS', 'user'), ('USERNAME', 'karthik'), ('TERM', 'xterm-256color'), ('GNOME_DESKTOP_SESSION_ID', 'this-is-deprecated'), ('ROS_LOCALHOST_ONLY', '0'), ('WINDOWPATH', '2'), ('PATH', '/opt/ros/humble/bin:/home/karthik/.local/bin:/home/karthik/.local/bin:/opt/spinnaker/bin:/usr/local/sbin:/usr/local/bin:/usr/sbin:/usr/bin:/sbin:/bin:/usr/games:/usr/local/games:/snap/bin:/snap/bin:/home/karthik/.antigravity/extensions/ms-python.debugpy-2025.18.0-linux-x64/bundled/scripts/noConfigScripts'), ('SESSION_MANAGER', 'local/Karthik:@/tmp/.ICE-unix/3414,unix/Karthik:/tmp/.ICE-unix/3414'), ('INVOCATION_ID', '8c000bce77184e7abaf8e7054f526e83'), ('XDG_MENU_PREFIX', 'gnome-'), ('LC_ADDRESS', 'de_DE.UTF-8'), ('XDG_RUNTIME_DIR', '/run/user/1000'), ('GDK_BACKEND', 'x11'), ('SPINNAKER_GENTL64_CTI', '/opt/spinnaker/lib/spinnaker-gentl/Spinnaker_GenTL.cti'), ('DISPLAY', ':1'), ('VSCODE_DEBUGPY_ADAPTER_ENDPOINTS', '/home/karthik/.antigravity/extensions/ms-python.debugpy-2025.18.0-linux-x64/.noConfigDebugAdapterEndpoints/endpoint-f3ee66c29dd09338.txt'), ('LANG', 'en_US.UTF-8'), ('XDG_CURRENT_DESKTOP', 'Unity'), ('PYTHONSTARTUP', '/home/karthik/.config/Antigravity/User/workspaceStorage/d88c120b86d835b02216619077cb693b/ms-python.python/pythonrc.py'), ('LC_TELEPHONE', 'de_DE.UTF-8'), ('XMODIFIERS', '@im=ibus'), ('XDG_SESSION_DESKTOP', 'ubuntu'), ('XAUTHORITY', '/run/user/1000/gdm/Xauthority'), ('LS_COLORS', 'rs=0:di=01;34:ln=01;36:mh=00:pi=40;33:so=01;35:do=01;35:bd=40;33;01:cd=40;33;01:or=40;31;01:mi=00:su=37;41:sg=30;43:ca=30;41:tw=30;42:ow=34;42:st=37;44:ex=01;32:*.tar=01;31:*.tgz=01;31:*.arc=01;31:*.arj=01;31:*.taz=01;31:*.lha=01;31:*.lz4=01;31:*.lzh=01;31:*.lzma=01;31:*.tlz=01;31:*.txz=01;31:*.tzo=01;31:*.t7z=01;31:*.zip=01;31:*.z=01;31:*.dz=01;31:*.gz=01;31:*.lrz=01;31:*.lz=01;31:*.lzo=01;31:*.xz=01;31:*.zst=01;31:*.tzst=01;31:*.bz2=01;31:*.bz=01;31:*.tbz=01;31:*.tbz2=01;31:*.tz=01;31:*.deb=01;31:*.rpm=01;31:*.jar=01;31:*.war=01;31:*.ear=01;31:*.sar=01;31:*.rar=01;31:*.alz=01;31:*.ace=01;31:*.zoo=01;31:*.cpio=01;31:*.7z=01;31:*.rz=01;31:*.cab=01;31:*.wim=01;31:*.swm=01;31:*.dwm=01;31:*.esd=01;31:*.jpg=01;35:*.jpeg=01;35:*.mjpg=01;35:*.mjpeg=01;35:*.gif=01;35:*.bmp=01;35:*.pbm=01;35:*.pgm=01;35:*.ppm=01;35:*.tga=01;35:*.xbm=01;35:*.xpm=01;35:*.tif=01;35:*.tiff=01;35:*.png=01;35:*.svg=01;35:*.svgz=01;35:*.mng=01;35:*.pcx=01;35:*.mov=01;35:*.mpg=01;35:*.mpeg=01;35:*.m2v=01;35:*.mkv=01;35:*.webm=01;35:*.webp=01;35:*.ogm=01;35:*.mp4=01;35:*.m4v=01;35:*.mp4v=01;35:*.vob=01;35:*.qt=01;35:*.nuv=01;35:*.wmv=01;35:*.asf=01;35:*.rm=01;35:*.rmvb=01;35:*.flc=01;35:*.avi=01;35:*.fli=01;35:*.flv=01;35:*.gl=01;35:*.dl=01;35:*.xcf=01;35:*.xwd=01;35:*.yuv=01;35:*.cgm=01;35:*.emf=01;35:*.ogv=01;35:*.ogx=01;35:*.aac=00;36:*.au=00;36:*.flac=00;36:*.m4a=00;36:*.mid=00;36:*.midi=00;36:*.mka=00;36:*.mp3=00;36:*.mpc=00;36:*.ogg=00;36:*.ra=00;36:*.wav=00;36:*.oga=00;36:*.opus=00;36:*.spx=00;36:*.xspf=00;36:'), ('VSCODE_GIT_IPC_HANDLE', '/run/user/1000/vscode-git-305ff7234e.sock'), ('TERM_PROGRAM', 'vscode'), ('SSH_AGENT_LAUNCHER', 'gnome-keyring'), ('SSH_AUTH_SOCK', '/run/user/1000/keyring/ssh'), ('AMENT_PREFIX_PATH', '/home/karthik/dds_ros2/flirCAMERA/flir_camera_driver/install/spinnaker_camera_driver:/home/karthik/dds_ros2/flirCAMERA/flir_camera_driver/install/flir_camera_msgs:/opt/ros/humble'), ('ORIGINAL_XDG_CURRENT_DESKTOP', 'ubuntu:GNOME'), ('SHELL', '/bin/bash'), ('LC_NAME', 'de_DE.UTF-8'), ('QT_ACCESSIBILITY', '1'), ('GDMSESSION', 'ubuntu'), ('LESSCLOSE', '/usr/bin/lesspipe %s %s'), ('LC_MEASUREMENT', 'de_DE.UTF-8'), ('GPG_AGENT_INFO', '/run/user/1000/gnupg/S.gpg-agent:0:1'), ('GJS_DEBUG_OUTPUT', 'stderr'), ('LC_IDENTIFICATION', 'de_DE.UTF-8'), ('VSCODE_GIT_ASKPASS_EXTRA_ARGS', ''), ('QT_IM_MODULE', 'ibus'), ('PWD', '/home/karthik/dds_ros2/flirCAMERA/flir_camera_driver/build/spinnaker_camera_driver'), ('LC_ALL', 'en_US.UTF-8'), ('XDG_CONFIG_DIRS', '/etc/xdg/xdg-ubuntu:/etc/xdg'), ('XDG_DATA_DIRS', '/usr/share/ubuntu:/usr/share/gnome:/usr/local/share/:/usr/share/:/var/lib/snapd/desktop'), ('PYTHONPATH', '/home/karthik/dds_ros2/flirCAMERA/flir_camera_driver/install/flir_camera_msgs/local/lib/python3.10/dist-packages:/opt/ros/humble/lib/python3.10/site-packages:/opt/ros/humble/local/lib/python3.10/dist-packages'), ('LC_NUMERIC', 'de_DE.UTF-8'), ('LC_PAPER', 'de_DE.UTF-8'), ('COLCON', '1'), ('GENICAM_GENTL64_PATH', '/opt/spinnaker/lib/spinnaker-gentl'), ('CMAKE_PREFIX_PATH', '/home/karthik/dds_ros2/flirCAMERA/flir_camera_driver/install/flir_camera_msgs:/home/karthik/dds_ros2/flirCAMERA/flir_camera_driver/install/spinnaker_camera_driver:/opt/ros/humble')]), 'shell': False}
[17.529449] (-) TimerEvent: {}
[17.529557] (spinnaker_camera_driver) StdoutLine: {'line': b'-- Install configuration: "RelWithDebInfo"\n'}
[17.529757] (spinnaker_camera_driver) StdoutLine: {'line': b'-- Execute custom install script\n'}
[17.529917] (spinnaker_camera_driver) StdoutLine: {'line': b'-- Symlinking: /home/karthik/dds_ros2/flirCAMERA/flir_camera_driver/install/spinnaker_camera_driver/lib/spinnaker_camera_driver//camera_driver_node\n'}
[17.534363] (spinnaker_camera_driver) StdoutLine: {'line': b'-- Symlinking: /home/karthik/dds_ros2/flirCAMERA/flir_camera_driver/install/spinnaker_camera_driver/lib/cmake/spinnaker_camera_driver/spinnaker_camera_driverConfig.cmake\n'}
[17.539919] (spinnaker_camera_driver) StdoutLine: {'line': b'-- Symlinking: /home/karthik/dds_ros2/flirCAMERA/flir_camera_driver/install/spinnaker_camera_driver/lib/cmake/spinnaker_camera_driver/spinnaker_camera_driverConfigVersion.cmake\n'}
[17.543865] (spinnaker_camera_driver) StdoutLine: {'line': b'-- Symlinking: /home/karthik/dds_ros2/flirCAMERA/flir_camera_driver/install/spinnaker_camera_driver/include/spinnaker_camera_driver/camera.hpp\n'}
[17.547987] (spinnaker_camera_driver) StdoutLine: {'line': b'-- Symlinking: /home/karthik/dds_ros2/flirCAMERA/flir_camera_driver/install/spinnaker_camera_driver/include/spinnaker_camera_driver/camera_driver.hpp\n'}
[17.551690] (spinnaker_camera_driver) StdoutLine: {'line': b'-- Symlinking: /home/karthik/dds_ros2/flirCAMERA/flir_camera_driver/install/spinnaker_camera_driver/include/spinnaker_camera_driver/diagnostic_levels.hpp\n'}
[17.557070] (spinnaker_camera_driver) StdoutLine: {'line': b'-- Symlinking: /home/karthik/dds_ros2/flirCAMERA/flir_camera_driver/install/spinnaker_camera_driver/include/spinnaker_camera_driver/exposure_controller.hpp\n'}
[17.562136] (spinnaker_camera_driver) StdoutLine: {'line': b'-- Symlinking: /home/karthik/dds_ros2/flirCAMERA/flir_camera_driver/install/spinnaker_camera_driver/include/spinnaker_camera_driver/image.hpp\n'}
[17.565765] (spinnaker_camera_driver) StdoutLine: {'line': b'-- Symlinking: /home/karthik/dds_ros2/flirCAMERA/flir_camera_driver/install/spinnaker_camera_driver/include/spinnaker_camera_driver/lifecycle_types.hpp\n'}
[17.569891] (spinnaker_camera_driver) StdoutLine: {'line': b'-- Symlinking: /home/karthik/dds_ros2/flirCAMERA/flir_camera_driver/install/spinnaker_camera_driver/include/spinnaker_camera_driver/logging.hpp\n'}
[17.573515] (spinnaker_camera_driver) StdoutLine: {'line': b'-- Symlinking: /home/karthik/dds_ros2/flirCAMERA/flir_camera_driver/install/spinnaker_camera_driver/include/spinnaker_camera_driver/pixel_format.hpp\n'}
[17.577179] (spinnaker_camera_driver) StdoutLine: {'line': b'-- Symlinking: /home/karthik/dds_ros2/flirCAMERA/flir_camera_driver/install/spinnaker_camera_driver/include/spinnaker_camera_driver/spinnaker_wrapper.hpp\n'}
[17.580979] (spinnaker_camera_driver) StdoutLine: {'line': b'-- Symlinking: /home/karthik/dds_ros2/flirCAMERA/flir_camera_driver/install/spinnaker_camera_driver/include/spinnaker_camera_driver/synchronizer.hpp\n'}
[17.584480] (spinnaker_camera_driver) StdoutLine: {'line': b'-- Symlinking: /home/karthik/dds_ros2/flirCAMERA/flir_camera_driver/install/spinnaker_camera_driver/include/spinnaker_camera_driver/utils.hpp\n'}
[17.589711] (spinnaker_camera_driver) StdoutLine: {'line': b'-- Symlinking: /home/karthik/dds_ros2/flirCAMERA/flir_camera_driver/install/spinnaker_camera_driver/share/spinnaker_camera_driver//config/blackfly.yaml\n'}
[17.593866] (spinnaker_camera_driver) StdoutLine: {'line': b'-- Symlinking: /home/karthik/dds_ros2/flirCAMERA/flir_camera_driver/install/spinnaker_camera_driver/share/spinnaker_camera_driver//config/blackfly_s.yaml\n'}
[17.597582] (spinnaker_camera_driver) StdoutLine: {'line': b'-- Symlinking: /home/karthik/dds_ros2/flirCAMERA/flir_camera_driver/install/spinnaker_camera_driver/share/spinnaker_camera_driver//config/chameleon.yaml\n'}
[17.601100] (spinnaker_camera_driver) StdoutLine: {'line': b'-- Symlinking: /home/karthik/dds_ros2/flirCAMERA/flir_camera_driver/install/spinnaker_camera_driver/share/spinnaker_camera_driver//config/firefly.yaml\n'}
[17.605779] (spinnaker_camera_driver) StdoutLine: {'line': b'-- Symlinking: /home/karthik/dds_ros2/flirCAMERA/flir_camera_driver/install/spinnaker_camera_driver/share/spinnaker_camera_driver//config/firefly_ffy_u3162c.yaml\n'}
[17.609317] (spinnaker_camera_driver) StdoutLine: {'line': b'-- Symlinking: /home/karthik/dds_ros2/flirCAMERA/flir_camera_driver/install/spinnaker_camera_driver/share/spinnaker_camera_driver//config/flir_ax5.yaml\n'}
[17.613165] (spinnaker_camera_driver) StdoutLine: {'line': b'-- Symlinking: /home/karthik/dds_ros2/flirCAMERA/flir_camera_driver/install/spinnaker_camera_driver/share/spinnaker_camera_driver//config/grasshopper.yaml\n'}
[17.616877] (spinnaker_camera_driver) StdoutLine: {'line': b'-- Symlinking: /home/karthik/dds_ros2/flirCAMERA/flir_camera_driver/install/spinnaker_camera_driver/share/spinnaker_camera_driver//config/oryx.yaml\n'}
[17.620751] (spinnaker_camera_driver) StdoutLine: {'line': b'-- Symlinking: /home/karthik/dds_ros2/flirCAMERA/flir_camera_driver/install/spinnaker_camera_driver/share/spinnaker_camera_driver//launch/driver_node.launch.py\n'}
[17.624152] (spinnaker_camera_driver) StdoutLine: {'line': b'-- Symlinking: /home/karthik/dds_ros2/flirCAMERA/flir_camera_driver/install/spinnaker_camera_driver/share/spinnaker_camera_driver//launch/gige_node.launch.py\n'}
[17.628262] (spinnaker_camera_driver) StdoutLine: {'line': b'-- Symlinking: /home/karthik/dds_ros2/flirCAMERA/flir_camera_driver/install/spinnaker_camera_driver/share/spinnaker_camera_driver//launch/multiple_cameras.launch.py\n'}
[17.629507] (-) TimerEvent: {}
[17.632441] (spinnaker_camera_driver) StdoutLine: {'line': b'-- Symlinking: /home/karthik/dds_ros2/flirCAMERA/flir_camera_driver/install/spinnaker_camera_driver/share/spinnaker_camera_driver//launch/multiple_cameras_ptp.launch.py\n'}
[17.636453] (spinnaker_camera_driver) StdoutLine: {'line': b'-- Symlinking: /home/karthik/dds_ros2/flirCAMERA/flir_camera_driver/install/spinnaker_camera_driver/lib/spinnaker_camera_driver/linux_setup_flir\n'}
[17.640953] (spinnaker_camera_driver) StdoutLine: {'line': b'-- Symlinking: /home/karthik/dds_ros2/flirCAMERA/flir_camera_driver/install/spinnaker_camera_driver/share/ament_index/resource_index/package_run_dependencies/spinnaker_camera_driver\n'}
[17.644463] (spinnaker_camera_driver) StdoutLine: {'line': b'-- Symlinking: /home/karthik/dds_ros2/flirCAMERA/flir_camera_driver/install/spinnaker_camera_driver/share/ament_index/resource_index/parent_prefix_path/spinnaker_camera_driver\n'}
[17.649781] (spinnaker_camera_driver) StdoutLine: {'line': b'-- Symlinking: /home/karthik/dds_ros2/flirCAMERA/flir_camera_driver/install/spinnaker_camera_driver/share/spinnaker_camera_driver/environment/ament_prefix_path.sh\n'}
[17.654184] (spinnaker_camera_driver) StdoutLine: {'line': b'-- Symlinking: /home/karthik/dds_ros2/flirCAMERA/flir_camera_driver/install/spinnaker_camera_driver/share/spinnaker_camera_driver/environment/ament_prefix_path.dsv\n'}
[17.657723] (spinnaker_camera_driver) StdoutLine: {'line': b'-- Symlinking: /home/karthik/dds_ros2/flirCAMERA/flir_camera_driver/install/spinnaker_camera_driver/share/spinnaker_camera_driver/environment/path.sh\n'}
[17.661687] (spinnaker_camera_driver) StdoutLine: {'line': b'-- Symlinking: /home/karthik/dds_ros2/flirCAMERA/flir_camera_driver/install/spinnaker_camera_driver/share/spinnaker_camera_driver/environment/path.dsv\n'}
[17.666787] (spinnaker_camera_driver) StdoutLine: {'line': b'-- Symlinking: /home/karthik/dds_ros2/flirCAMERA/flir_camera_driver/install/spinnaker_camera_driver/share/spinnaker_camera_driver/local_setup.bash\n'}
[17.670684] (spinnaker_camera_driver) StdoutLine: {'line': b'-- Symlinking: /home/karthik/dds_ros2/flirCAMERA/flir_camera_driver/install/spinnaker_camera_driver/share/spinnaker_camera_driver/local_setup.sh\n'}
[17.674817] (spinnaker_camera_driver) StdoutLine: {'line': b'-- Symlinking: /home/karthik/dds_ros2/flirCAMERA/flir_camera_driver/install/spinnaker_camera_driver/share/spinnaker_camera_driver/local_setup.zsh\n'}
[17.678226] (spinnaker_camera_driver) StdoutLine: {'line': b'-- Symlinking: /home/karthik/dds_ros2/flirCAMERA/flir_camera_driver/install/spinnaker_camera_driver/share/spinnaker_camera_driver/local_setup.dsv\n'}
[17.681894] (spinnaker_camera_driver) StdoutLine: {'line': b'-- Symlinking: /home/karthik/dds_ros2/flirCAMERA/flir_camera_driver/install/spinnaker_camera_driver/share/spinnaker_camera_driver/package.dsv\n'}
[17.685624] (spinnaker_camera_driver) StdoutLine: {'line': b'-- Symlinking: /home/karthik/dds_ros2/flirCAMERA/flir_camera_driver/install/spinnaker_camera_driver/share/ament_index/resource_index/packages/spinnaker_camera_driver\n'}
[17.690449] (spinnaker_camera_driver) StdoutLine: {'line': b'-- Symlinking: /home/karthik/dds_ros2/flirCAMERA/flir_camera_driver/install/spinnaker_camera_driver/share/ament_index/resource_index/rclcpp_components/spinnaker_camera_driver\n'}
[17.694711] (spinnaker_camera_driver) StdoutLine: {'line': b'-- Symlinking: /home/karthik/dds_ros2/flirCAMERA/flir_camera_driver/install/spinnaker_camera_driver/share/spinnaker_camera_driver/cmake/spinnaker_camera_driverConfig.cmake\n'}
[17.698107] (spinnaker_camera_driver) StdoutLine: {'line': b'-- Symlinking: /home/karthik/dds_ros2/flirCAMERA/flir_camera_driver/install/spinnaker_camera_driver/share/spinnaker_camera_driver/cmake/spinnaker_camera_driverConfig-version.cmake\n'}
[17.702172] (spinnaker_camera_driver) StdoutLine: {'line': b'-- Symlinking: /home/karthik/dds_ros2/flirCAMERA/flir_camera_driver/install/spinnaker_camera_driver/share/spinnaker_camera_driver/package.xml\n'}
[17.706676] (spinnaker_camera_driver) StdoutLine: {'line': b'-- Installing: /home/karthik/dds_ros2/flirCAMERA/flir_camera_driver/install/spinnaker_camera_driver/lib/libcamera_driver.so\n'}
[17.714369] (spinnaker_camera_driver) StdoutLine: {'line': b'-- Set runtime path of "/home/karthik/dds_ros2/flirCAMERA/flir_camera_driver/install/spinnaker_camera_driver/lib/libcamera_driver.so" to ""\n'}
[17.714442] (spinnaker_camera_driver) StdoutLine: {'line': b'-- Installing: /home/karthik/dds_ros2/flirCAMERA/flir_camera_driver/install/spinnaker_camera_driver/lib/cmake/spinnaker_camera_driver/spinnaker_camera_driverTargets.cmake\n'}
[17.714484] (spinnaker_camera_driver) StdoutLine: {'line': b'-- Installing: /home/karthik/dds_ros2/flirCAMERA/flir_camera_driver/install/spinnaker_camera_driver/lib/cmake/spinnaker_camera_driver/spinnaker_camera_driverTargets-relwithdebinfo.cmake\n'}
[17.716053] (spinnaker_camera_driver) CommandEnded: {'returncode': 0}
[17.722626] (spinnaker_camera_driver) JobEnded: {'identifier': 'spinnaker_camera_driver', 'rc': 0}
[17.723066] (-) EventReactorShutdown: {}
