[0.000000] (-) TimerEvent: {}
[0.000521] (-) JobUnselected: {'identifier': 'flir_camera_description'}
[0.000550] (-) JobUnselected: {'identifier': 'spinnaker_synchronized_camera_driver'}
[0.000572] (flir_camera_msgs) JobQueued: {'identifier': 'flir_camera_msgs', 'dependencies': OrderedDict()}
[0.000590] (spinnaker_camera_driver) JobQueued: {'identifier': 'spinnaker_camera_driver', 'dependencies': OrderedDict([('flir_camera_msgs', '/home/karthik/dds_ros2/flirCAMERA/flir_camera_driver/install/flir_camera_msgs')])}
[0.000616] (flir_camera_msgs) JobStarted: {'identifier': 'flir_camera_msgs'}
[0.004623] (flir_camera_msgs) JobProgress: {'identifier': 'flir_camera_msgs', 'progress': 'cmake'}
[0.005076] (flir_camera_msgs) Command: {'cmd': ['/usr/bin/cmake', '/home/karthik/dds_ros2/flirCAMERA/flir_camera_driver/flir_camera_msgs', '-DAMENT_CMAKE_SYMLINK_INSTALL=1', '-DCMAKE_INSTALL_PREFIX=/home/karthik/dds_ros2/flirCAMERA/flir_camera_driver/install/flir_camera_msgs'], 'cwd': '/home/karthik/dds_ros2/flirCAMERA/flir_camera_driver/build/flir_camera_msgs', 'env': OrderedDict([('GJS_DEBUG_TOPICS', 'JS ERROR;JS LOG'), ('PYTHON_BASIC_REPL', '1'), ('LESSOPEN', '| /usr/bin/lesspipe %s'), ('USER', 'karthik'), ('LC_TIME', 'de_DE.UTF-8'), ('XDG_SESSION_TYPE', 'x11'), ('GIT_ASKPASS', '/usr/share/antigravity/resources/app/extensions/git/dist/askpass.sh'), ('SHLVL', '2'), ('LD_LIBRARY_PATH', '/home/karthik/dds_ros2/flirCAMERA/flir_camera_driver/install/spinnaker_camera_driver/lib:/home/karthik/dds_ros2/flirCAMERA/flir_camera_driver/install/flir_camera_msgs/lib:/opt/ros/humble/opt/rviz_ogre_vendor/lib:/opt/ros/humble/lib/x86_64-linux-gnu:/opt/ros/humble/lib'), ('ANTIGRAVITY_CLI_ALIAS', 'agy'), ('HOME', '/home/karthik'), ('CHROME_DESKTOP', 'antigravity.desktop'), ('OLDPWD', '/home/karthik/dds_ros2/flirCAMERA/flir_camera_driver'), ('TERM_PROGRAM_VERSION', '1.104.0'), ('DESKTOP_SESSION', 'ubuntu'), ('GIO_LAUNCHED_DESKTOP_FILE', '/usr/share/applications/antigravity.desktop'), ('ROS_PYTHON_VERSION', '3'), ('GNOME_SHELL_SESSION_MODE', 'ubuntu'), ('GTK_MODULES', 'gail:atk-bridge'), ('VSCODE_GIT_ASKPASS_MAIN', '/usr/share/antigravity/resources/app/extensions/git/dist/askpass-main.js'), ('LC_MONETARY', 'de_DE.UTF-8'), ('VSCODE_GIT_ASKPASS_NODE', '/usr/share/antigravity/antigravity'), ('MANAGERPID', '3174'), ('PYDEVD_DISABLE_FILE_VALIDATION', '1'), ('SYSTEMD_EXEC_PID', '3437'), ('BUNDLED_DEBUGPY_PATH', '/home/karthik/.antigravity/extensions/ms-python.debugpy-2025.18.0-linux-x64/bundled/libs/debugpy'), ('VSCODE_PYTHON_AUTOACTIVATE_GUARD', '1'), ('DBUS_SESSION_BUS_ADDRESS', 'unix:path=/run/user/1000/bus'), ('COLORTERM', 'truecolor'), ('GIO_LAUNCHED_DESKTOP_FILE_PID', '5610'), ('COLCON_PREFIX_PATH', '/home/karthik/dds_ros2/flirCAMERA/flir_camera_driver/install'), ('ROS_DISTRO', 'humble'), ('GTK_IM_MODULE', 'ibus'), ('LOGNAME', 'karthik'), ('JOURNAL_STREAM', '8:80912'), ('_', '/usr/bin/colcon'), ('ROS_VERSION', '2'), ('XDG_SESSION_CLASS', 'user'), ('USERNAME', 'karthik'), ('TERM', 'xterm-256color'), ('GNOME_DESKTOP_SESSION_ID', 'this-is-deprecated'), ('ROS_LOCALHOST_ONLY', '0'), ('WINDOWPATH', '2'), ('PATH', '/opt/ros/humble/bin:/home/karthik/.local/bin:/home/karthik/.local/bin:/opt/spinnaker/bin:/usr/local/sbin:/usr/local/bin:/usr/sbin:/usr/bin:/sbin:/bin:/usr/games:/usr/local/games:/snap/bin:/snap/bin:/home/karthik/.antigravity/extensions/ms-python.debugpy-2025.18.0-linux-x64/bundled/scripts/noConfigScripts'), ('SESSION_MANAGER', 'local/Karthik:@/tmp/.ICE-unix/3414,unix/Karthik:/tmp/.ICE-unix/3414'), ('INVOCATION_ID', '8c000bce77184e7abaf8e7054f526e83'), ('XDG_MENU_PREFIX', 'gnome-'), ('LC_ADDRESS', 'de_DE.UTF-8'), ('XDG_RUNTIME_DIR', '/run/user/1000'), ('GDK_BACKEND', 'x11'), ('SPINNAKER_GENTL64_CTI', '/opt/spinnaker/lib/spinnaker-gentl/Spinnaker_GenTL.cti'), ('DISPLAY', ':1'), ('VSCODE_DEBUGPY_ADAPTER_ENDPOINTS', '/home/karthik/.antigravity/extensions/ms-python.debugpy-2025.18.0-linux-x64/.noConfigDebugAdapterEndpoints/endpoint-f3ee66c29dd09338.txt'), ('LANG', 'en_US.UTF-8'), ('XDG_CURRENT_DESKTOP', 'Unity'), ('PYTHONSTARTUP', '/home/karthik/.config/Antigravity/User/workspaceStorage/d88c120b86d835b02216619077cb693b/ms-python.python/pythonrc.py'), ('LC_TELEPHONE', 'de_DE.UTF-8'), ('XMODIFIERS', '@im=ibus'), ('XDG_SESSION_DESKTOP', 'ubuntu'), ('XAUTHORITY', '/run/user/1000/gdm/Xauthority'), ('LS_COLORS', 'rs=0:di=01;34:ln=01;36:mh=00:pi=40;33:so=01;35:do=01;35:bd=40;33;01:cd=40;33;01:or=40;31;01:mi=00:su=37;41:sg=30;43:ca=30;41:tw=30;42:ow=34;42:st=37;44:ex=01;32:*.tar=01;31:*.tgz=01;31:*.arc=01;31:*.arj=01;31:*.taz=01;31:*.lha=01;31:*.lz4=01;31:*.lzh=01;31:*.lzma=01;31:*.tlz=01;31:*.txz=01;31:*.tzo=01;31:*.t7z=01;31:*.zip=01;31:*.z=01;31:*.dz=01;31:*.gz=01;31:*.lrz=01;31:*.lz=01;31:*.lzo=01;31:*.xz=01;31:*.zst=01;31:*.tzst=01;31:*.bz2=01;31:*.bz=01;31:*.tbz=01;31:*.tbz2=01;31:*.tz=01;31:*.deb=01;31:*.rpm=01;31:*.jar=01;31:*.war=01;31:*.ear=01;31:*.sar=01;31:*.rar=01;31:*.alz=01;31:*.ace=01;31:*.zoo=01;31:*.cpio=01;31:*.7z=01;31:*.rz=01;31:*.cab=01;31:*.wim=01;31:*.swm=01;31:*.dwm=01;31:*.esd=01;31:*.jpg=01;35:*.jpeg=01;35:*.mjpg=01;35:*.mjpeg=01;35:*.gif=01;35:*.bmp=01;35:*.pbm=01;35:*.pgm=01;35:*.ppm=01;35:*.tga=01;35:*.xbm=01;35:*.xpm=01;35:*.tif=01;35:*.tiff=01;35:*.png=01;35:*.svg=01;35:*.svgz=01;35:*.mng=01;35:*.pcx=01;35:*.mov=01;35:*.mpg=01;35:*.mpeg=01;35:*.m2v=01;35:*.mkv=01;35:*.webm=01;35:*.webp=01;35:*.ogm=01;35:*.mp4=01;35:*.m4v=01;35:*.mp4v=01;35:*.vob=01;35:*.qt=01;35:*.nuv=01;35:*.wmv=01;35:*.asf=01;35:*.rm=01;35:*.rmvb=01;35:*.flc=01;35:*.avi=01;35:*.fli=01;35:*.flv=01;35:*.gl=01;35:*.dl=01;35:*.xcf=01;35:*.xwd=01;35:*.yuv=01;35:*.cgm=01;35:*.emf=01;35:*.ogv=01;35:*.ogx=01;35:*.aac=00;36:*.au=00;36:*.flac=00;36:*.m4a=00;36:*.mid=00;36:*.midi=00;36:*.mka=00;36:*.mp3=00;36:*.mpc=00;36:*.ogg=00;36:*.ra=00;36:*.wav=00;36:*.oga=00;36:*.opus=00;36:*.spx=00;36:*.xspf=00;36:'), ('VSCODE_GIT_IPC_HANDLE', '/run/user/1000/vscode-git-305ff7234e.sock'), ('TERM_PROGRAM', 'vscode'), ('SSH_AGENT_LAUNCHER', 'gnome-keyring'), ('SSH_AUTH_SOCK', '/run/user/1000/keyring/ssh'), ('AMENT_PREFIX_PATH', '/home/karthik/dds_ros2/flirCAMERA/flir_camera_driver/install/spinnaker_camera_driver:/home/karthik/dds_ros2/flirCAMERA/flir_camera_driver/install/flir_camera_msgs:/opt/ros/humble'), ('ORIGINAL_XDG_CURRENT_DESKTOP', 'ubuntu:GNOME'), ('SHELL', '/bin/bash'), ('LC_NAME', 'de_DE.UTF-8'), ('QT_ACCESSIBILITY', '1'), ('GDMSESSION', 'ubuntu'), ('LESSCLOSE', '/usr/bin/lesspipe %s %s'), ('LC_MEASUREMENT', 'de_DE.UTF-8'), ('GPG_AGENT_INFO', '/run/user/1000/gnupg/S.gpg-agent:0:1'), ('GJS_DEBUG_OUTPUT', 'stderr'), ('LC_IDENTIFICATION', 'de_DE.UTF-8'), ('VSCODE_GIT_ASKPASS_EXTRA_ARGS', ''), ('QT_IM_MODULE', 'ibus'), ('PWD', '/home/karthik/dds_ros2/flirCAMERA/flir_camera_driver/build/flir_camera_msgs'), ('LC_ALL', 'en_US.UTF-8'), ('XDG_CONFIG_DIRS', '/etc/xdg/xdg-ubuntu:/etc/xdg'), ('XDG_DATA_DIRS', '/usr/share/ubuntu:/usr/share/gnome:/usr/local/share/:/usr/share/:/var/lib/snapd/desktop'), ('PYTHONPATH', '/home/karthik/dds_ros2/flirCAMERA/flir_camera_driver/install/flir_camera_msgs/local/lib/python3.10/dist-packages:/opt/ros/humble/lib/python3.10/site-packages:/opt/ros/humble/local/lib/python3.10/dist-packages'), ('LC_NUMERIC', 'de_DE.UTF-8'), ('LC_PAPER', 'de_DE.UTF-8'), ('COLCON', '1'), ('GENICAM_GENTL64_PATH', '/opt/spinnaker/lib/spinnaker-gentl'), ('CMAKE_PREFIX_PATH', '/home/karthik/dds_ros2/flirCAMERA/flir_camera_driver/install/spinnaker_camera_driver:/home/karthik/dds_ros2/flirCAMERA/flir_camera_driver/install/flir_camera_msgs:/opt/ros/humble')]), 'shell': False}
[0.037179] (flir_camera_msgs) StdoutLine: {'line': b'-- The C compiler identification is GNU 11.4.0\n'}
[0.063129] (flir_camera_msgs) StdoutLine: {'line': b'-- The CXX compiler identification is GNU 11.4.0\n'}
[0.066259] (flir_camera_msgs) StdoutLine: {'line': b'-- Detecting C compiler ABI info\n'}
[0.099747] (-) TimerEvent: {}
[0.101480] (flir_camera_msgs) StdoutLine: {'line': b'-- Detecting C compiler ABI info - done\n'}
[0.105102] (flir_camera_msgs) StdoutLine: {'line': b'-- Check for working C compiler: /usr/bin/cc - skipped\n'}
[0.105236] (flir_camera_msgs) StdoutLine: {'line': b'-- Detecting C compile features\n'}
[0.105403] (flir_camera_msgs) StdoutLine: {'line': b'-- Detecting C compile features - done\n'}
[0.106980] (flir_camera_msgs) StdoutLine: {'line': b'-- Detecting CXX compiler ABI info\n'}
[0.150134] (flir_camera_msgs) StdoutLine: {'line': b'-- Detecting CXX compiler ABI info - done\n'}
[0.153244] (flir_camera_msgs) StdoutLine: {'line': b'-- Check for working CXX compiler: /usr/bin/c++ - skipped\n'}
[0.153404] (flir_camera_msgs) StdoutLine: {'line': b'-- Detecting CXX compile features\n'}
[0.153616] (flir_camera_msgs) StdoutLine: {'line': b'-- Detecting CXX compile features - done\n'}
[0.154768] (flir_camera_msgs) StdoutLine: {'line': b'-- Found ament_cmake: 1.3.12 (/opt/ros/humble/share/ament_cmake/cmake)\n'}
[0.199808] (-) TimerEvent: {}
[0.228415] (flir_camera_msgs) StdoutLine: {'line': b'-- Found Python3: /usr/bin/python3 (found version "3.10.12") found components: Interpreter \n'}
[0.255534] (flir_camera_msgs) StdoutLine: {'line': b'-- Override CMake install command with custom implementation using symlinks instead of copying resources\n'}
[0.264047] (flir_camera_msgs) StdoutLine: {'line': b'-- Found builtin_interfaces: 1.2.2 (/opt/ros/humble/share/builtin_interfaces/cmake)\n'}
[0.275907] (flir_camera_msgs) StdoutLine: {'line': b'-- Found rosidl_generator_c: 3.1.7 (/opt/ros/humble/share/rosidl_generator_c/cmake)\n'}
[0.277462] (flir_camera_msgs) StdoutLine: {'line': b'-- Found rosidl_adapter: 3.1.7 (/opt/ros/humble/share/rosidl_adapter/cmake)\n'}
[0.280369] (flir_camera_msgs) StdoutLine: {'line': b'-- Found rosidl_generator_cpp: 3.1.7 (/opt/ros/humble/share/rosidl_generator_cpp/cmake)\n'}
[0.284532] (flir_camera_msgs) StdoutLine: {'line': b'-- Using all available rosidl_typesupport_c: rosidl_typesupport_fastrtps_c;rosidl_typesupport_introspection_c\n'}
[0.289913] (flir_camera_msgs) StdoutLine: {'line': b'-- Using all available rosidl_typesupport_cpp: rosidl_typesupport_fastrtps_cpp;rosidl_typesupport_introspection_cpp\n'}
[0.294865] (flir_camera_msgs) StdoutLine: {'line': b'-- Found rosidl_default_generators: 1.2.0 (/opt/ros/humble/share/rosidl_default_generators/cmake)\n'}
[0.297834] (flir_camera_msgs) StdoutLine: {'line': b'-- Found std_msgs: 4.9.0 (/opt/ros/humble/share/std_msgs/cmake)\n'}
[0.299879] (-) TimerEvent: {}
[0.400033] (-) TimerEvent: {}
[0.433124] (flir_camera_msgs) StdoutLine: {'line': b'-- Found ament_cmake_cppcheck: 0.12.14 (/opt/ros/humble/share/ament_cmake_cppcheck/cmake)\n'}
[0.433808] (flir_camera_msgs) StdoutLine: {'line': b'-- Found ament_cmake_cpplint: 0.12.14 (/opt/ros/humble/share/ament_cmake_cpplint/cmake)\n'}
[0.434444] (flir_camera_msgs) StdoutLine: {'line': b'-- Found ament_cmake_uncrustify: 0.12.14 (/opt/ros/humble/share/ament_cmake_uncrustify/cmake)\n'}
[0.435211] (flir_camera_msgs) StdoutLine: {'line': b'-- Found ament_cmake_ros: 0.10.0 (/opt/ros/humble/share/ament_cmake_ros/cmake)\n'}
[0.500107] (-) TimerEvent: {}
[0.600252] (-) TimerEvent: {}
[0.604131] (flir_camera_msgs) StdoutLine: {'line': b'-- Using all available rosidl_typesupport_c: rosidl_typesupport_fastrtps_c;rosidl_typesupport_introspection_c\n'}
[0.668760] (flir_camera_msgs) StdoutLine: {'line': b'-- Using all available rosidl_typesupport_cpp: rosidl_typesupport_fastrtps_cpp;rosidl_typesupport_introspection_cpp\n'}
[0.681691] (flir_camera_msgs) StdoutLine: {'line': b'-- Found PythonInterp: /usr/bin/python3 (found suitable version "3.10.12", minimum required is "3.6") \n'}
[0.682367] (flir_camera_msgs) StdoutLine: {'line': b'-- Found python_cmake_module: 0.10.0 (/opt/ros/humble/share/python_cmake_module/cmake)\n'}
[0.697166] (flir_camera_msgs) StdoutLine: {'line': b'-- Found PythonLibs: /usr/lib/x86_64-linux-gnu/libpython3.10.so (found suitable version "3.10.12", minimum required is "3.5") \n'}
[0.697249] (flir_camera_msgs) StdoutLine: {'line': b'-- Using PYTHON_EXECUTABLE: /usr/bin/python3\n'}
[0.697293] (flir_camera_msgs) StdoutLine: {'line': b'-- Using PYTHON_INCLUDE_DIRS: /usr/include/python3.10\n'}
[0.697332] (flir_camera_msgs) StdoutLine: {'line': b'-- Using PYTHON_LIBRARIES: /usr/lib/x86_64-linux-gnu/libpython3.10.so\n'}
[0.700333] (-) TimerEvent: {}
[0.706926] (flir_camera_msgs) StdoutLine: {'line': b'-- Found PythonExtra: .so  \n'}
[0.727971] (flir_camera_msgs) StdoutLine: {'line': b'-- Found ament_cmake_flake8: 0.12.14 (/opt/ros/humble/share/ament_cmake_flake8/cmake)\n'}
[0.728656] (flir_camera_msgs) StdoutLine: {'line': b'-- Found ament_cmake_pep257: 0.12.14 (/opt/ros/humble/share/ament_cmake_pep257/cmake)\n'}
[0.729777] (flir_camera_msgs) StdoutLine: {'line': b'-- Found ament_cmake_copyright: 0.12.14 (/opt/ros/humble/share/ament_cmake_copyright/cmake)\n'}
[0.730243] (flir_camera_msgs) StdoutLine: {'line': b'-- Found ament_cmake_lint_cmake: 0.12.14 (/opt/ros/humble/share/ament_cmake_lint_cmake/cmake)\n'}
[0.730768] (flir_camera_msgs) StdoutLine: {'line': b'-- Found ament_cmake_xmllint: 0.12.14 (/opt/ros/humble/share/ament_cmake_xmllint/cmake)\n'}
[0.734195] (flir_camera_msgs) StdoutLine: {'line': b'-- Configuring done\n'}
[0.746839] (flir_camera_msgs) StdoutLine: {'line': b'-- Generating done\n'}
[0.750995] (flir_camera_msgs) StdoutLine: {'line': b'-- Build files have been written to: /home/karthik/dds_ros2/flirCAMERA/flir_camera_driver/build/flir_camera_msgs\n'}
[0.757281] (flir_camera_msgs) CommandEnded: {'returncode': 0}
[0.757878] (flir_camera_msgs) JobProgress: {'identifier': 'flir_camera_msgs', 'progress': 'build'}
[0.758523] (flir_camera_msgs) Command: {'cmd': ['/usr/bin/cmake', '--build', '/home/karthik/dds_ros2/flirCAMERA/flir_camera_driver/build/flir_camera_msgs', '--', '-j128', '-l128'], 'cwd': '/home/karthik/dds_ros2/flirCAMERA/flir_camera_driver/build/flir_camera_msgs', 'env': OrderedDict([('GJS_DEBUG_TOPICS', 'JS ERROR;JS LOG'), ('PYTHON_BASIC_REPL', '1'), ('LESSOPEN', '| /usr/bin/lesspipe %s'), ('USER', 'karthik'), ('LC_TIME', 'de_DE.UTF-8'), ('XDG_SESSION_TYPE', 'x11'), ('GIT_ASKPASS', '/usr/share/antigravity/resources/app/extensions/git/dist/askpass.sh'), ('SHLVL', '2'), ('LD_LIBRARY_PATH', '/home/karthik/dds_ros2/flirCAMERA/flir_camera_driver/install/spinnaker_camera_driver/lib:/home/karthik/dds_ros2/flirCAMERA/flir_camera_driver/install/flir_camera_msgs/lib:/opt/ros/humble/opt/rviz_ogre_vendor/lib:/opt/ros/humble/lib/x86_64-linux-gnu:/opt/ros/humble/lib'), ('ANTIGRAVITY_CLI_ALIAS', 'agy'), ('HOME', '/home/karthik'), ('CHROME_DESKTOP', 'antigravity.desktop'), ('OLDPWD', '/home/karthik/dds_ros2/flirCAMERA/flir_camera_driver'), ('TERM_PROGRAM_VERSION', '1.104.0'), ('DESKTOP_SESSION', 'ubuntu'), ('GIO_LAUNCHED_DESKTOP_FILE', '/usr/share/applications/antigravity.desktop'), ('ROS_PYTHON_VERSION', '3'), ('GNOME_SHELL_SESSION_MODE', 'ubuntu'), ('GTK_MODULES', 'gail:atk-bridge'), ('VSCODE_GIT_ASKPASS_MAIN', '/usr/share/antigravity/resources/app/extensions/git/dist/askpass-main.js'), ('LC_MONETARY', 'de_DE.UTF-8'), ('VSCODE_GIT_ASKPASS_NODE', '/usr/share/antigravity/antigravity'), ('MANAGERPID', '3174'), ('PYDEVD_DISABLE_FILE_VALIDATION', '1'), ('SYSTEMD_EXEC_PID', '3437'), ('BUNDLED_DEBUGPY_PATH', '/home/karthik/.antigravity/extensions/ms-python.debugpy-2025.18.0-linux-x64/bundled/libs/debugpy'), ('VSCODE_PYTHON_AUTOACTIVATE_GUARD', '1'), ('DBUS_SESSION_BUS_ADDRESS', 'unix:path=/run/user/1000/bus'), ('COLORTERM', 'truecolor'), ('GIO_LAUNCHED_DESKTOP_FILE_PID', '5610'), ('COLCON_PREFIX_PATH', '/home/karthik/dds_ros2/flirCAMERA/flir_camera_driver/install'), ('ROS_DISTRO', 'humble'), ('GTK_IM_MODULE', 'ibus'), ('LOGNAME', 'karthik'), ('JOURNAL_STREAM', '8:80912'), ('_', '/usr/bin/colcon'), ('ROS_VERSION', '2'), ('XDG_SESSION_CLASS', 'user'), ('USERNAME', 'karthik'), ('TERM', 'xterm-256color'), ('GNOME_DESKTOP_SESSION_ID', 'this-is-deprecated'), ('ROS_LOCALHOST_ONLY', '0'), ('WINDOWPATH', '2'), ('PATH', '/opt/ros/humble/bin:/home/karthik/.local/bin:/home/karthik/.local/bin:/opt/spinnaker/bin:/usr/local/sbin:/usr/local/bin:/usr/sbin:/usr/bin:/sbin:/bin:/usr/games:/usr/local/games:/snap/bin:/snap/bin:/home/karthik/.antigravity/extensions/ms-python.debugpy-2025.18.0-linux-x64/bundled/scripts/noConfigScripts'), ('SESSION_MANAGER', 'local/Karthik:@/tmp/.ICE-unix/3414,unix/Karthik:/tmp/.ICE-unix/3414'), ('INVOCATION_ID', '8c000bce77184e7abaf8e7054f526e83'), ('XDG_MENU_PREFIX', 'gnome-'), ('LC_ADDRESS', 'de_DE.UTF-8'), ('XDG_RUNTIME_DIR', '/run/user/1000'), ('GDK_BACKEND', 'x11'), ('SPINNAKER_GENTL64_CTI', '/opt/spinnaker/lib/spinnaker-gentl/Spinnaker_GenTL.cti'), ('DISPLAY', ':1'), ('VSCODE_DEBUGPY_ADAPTER_ENDPOINTS', '/home/karthik/.antigravity/extensions/ms-python.debugpy-2025.18.0-linux-x64/.noConfigDebugAdapterEndpoints/endpoint-f3ee66c29dd09338.txt'), ('LANG', 'en_US.UTF-8'), ('XDG_CURRENT_DESKTOP', 'Unity'), ('PYTHONSTARTUP', '/home/karthik/.config/Antigravity/User/workspaceStorage/d88c120b86d835b02216619077cb693b/ms-python.python/pythonrc.py'), ('LC_TELEPHONE', 'de_DE.UTF-8'), ('XMODIFIERS', '@im=ibus'), ('XDG_SESSION_DESKTOP', 'ubuntu'), ('XAUTHORITY', '/run/user/1000/gdm/Xauthority'), ('LS_COLORS', 'rs=0:di=01;34:ln=01;36:mh=00:pi=40;33:so=01;35:do=01;35:bd=40;33;01:cd=40;33;01:or=40;31;01:mi=00:su=37;41:sg=30;43:ca=30;41:tw=30;42:ow=34;42:st=37;44:ex=01;32:*.tar=01;31:*.tgz=01;31:*.arc=01;31:*.arj=01;31:*.taz=01;31:*.lha=01;31:*.lz4=01;31:*.lzh=01;31:*.lzma=01;31:*.tlz=01;31:*.txz=01;31:*.tzo=01;31:*.t7z=01;31:*.zip=01;31:*.z=01;31:*.dz=01;31:*.gz=01;31:*.lrz=01;31:*.lz=01;31:*.lzo=01;31:*.xz=01;31:*.zst=01;31:*.tzst=01;31:*.bz2=01;31:*.bz=01;31:*.tbz=01;31:*.tbz2=01;31:*.tz=01;31:*.deb=01;31:*.rpm=01;31:*.jar=01;31:*.war=01;31:*.ear=01;31:*.sar=01;31:*.rar=01;31:*.alz=01;31:*.ace=01;31:*.zoo=01;31:*.cpio=01;31:*.7z=01;31:*.rz=01;31:*.cab=01;31:*.wim=01;31:*.swm=01;31:*.dwm=01;31:*.esd=01;31:*.jpg=01;35:*.jpeg=01;35:*.mjpg=01;35:*.mjpeg=01;35:*.gif=01;35:*.bmp=01;35:*.pbm=01;35:*.pgm=01;35:*.ppm=01;35:*.tga=01;35:*.xbm=01;35:*.xpm=01;35:*.tif=01;35:*.tiff=01;35:*.png=01;35:*.svg=01;35:*.svgz=01;35:*.mng=01;35:*.pcx=01;35:*.mov=01;35:*.mpg=01;35:*.mpeg=01;35:*.m2v=01;35:*.mkv=01;35:*.webm=01;35:*.webp=01;35:*.ogm=01;35:*.mp4=01;35:*.m4v=01;35:*.mp4v=01;35:*.vob=01;35:*.qt=01;35:*.nuv=01;35:*.wmv=01;35:*.asf=01;35:*.rm=01;35:*.rmvb=01;35:*.flc=01;35:*.avi=01;35:*.fli=01;35:*.flv=01;35:*.gl=01;35:*.dl=01;35:*.xcf=01;35:*.xwd=01;35:*.yuv=01;35:*.cgm=01;35:*.emf=01;35:*.ogv=01;35:*.ogx=01;35:*.aac=00;36:*.au=00;36:*.flac=00;36:*.m4a=00;36:*.mid=00;36:*.midi=00;36:*.mka=00;36:*.mp3=00;36:*.mpc=00;36:*.ogg=00;36:*.ra=00;36:*.wav=00;36:*.oga=00;36:*.opus=00;36:*.spx=00;36:*.xspf=00;36:'), ('VSCODE_GIT_IPC_HANDLE', '/run/user/1000/vscode-git-305ff7234e.sock'), ('TERM_PROGRAM', 'vscode'), ('SSH_AGENT_LAUNCHER', 'gnome-keyring'), ('SSH_AUTH_SOCK', '/run/user/1000/keyring/ssh'), ('AMENT_PREFIX_PATH', '/home/karthik/dds_ros2/flirCAMERA/flir_camera_driver/install/spinnaker_camera_driver:/home/karthik/dds_ros2/flirCAMERA/flir_camera_driver/install/flir_camera_msgs:/opt/ros/humble'), ('ORIGINAL_XDG_CURRENT_DESKTOP', 'ubuntu:GNOME'), ('SHELL', '/bin/bash'), ('LC_NAME', 'de_DE.UTF-8'), ('QT_ACCESSIBILITY', '1'), ('GDMSESSION', 'ubuntu'), ('LESSCLOSE', '/usr/bin/lesspipe %s %s'), ('LC_MEASUREMENT', 'de_DE.UTF-8'), ('GPG_AGENT_INFO', '/run/user/1000/gnupg/S.gpg-agent:0:1'), ('GJS_DEBUG_OUTPUT', 'stderr'), ('LC_IDENTIFICATION', 'de_DE.UTF-8'), ('VSCODE_GIT_ASKPASS_EXTRA_ARGS', ''), ('QT_IM_MODULE', 'ibus'), ('PWD', '/home/karthik/dds_ros2/flirCAMERA/flir_camera_driver/build/flir_camera_msgs'), ('LC_ALL', 'en_US.UTF-8'), ('XDG_CONFIG_DIRS', '/etc/xdg/xdg-ubuntu:/etc/xdg'), ('XDG_DATA_DIRS', '/usr/share/ubuntu:/usr/share/gnome:/usr/local/share/:/usr/share/:/var/lib/snapd/desktop'), ('PYTHONPATH', '/home/karthik/dds_ros2/flirCAMERA/flir_camera_driver/install/flir_camera_msgs/local/lib/python3.10/dist-packages:/opt/ros/humble/lib/python3.10/site-packages:/opt/ros/humble/local/lib/python3.10/dist-packages'), ('LC_NUMERIC', 'de_DE.UTF-8'), ('LC_PAPER', 'de_DE.UTF-8'), ('COLCON', '1'), ('GENICAM_GENTL64_PATH', '/opt/spinnaker/lib/spinnaker-gentl'), ('CMAKE_PREFIX_PATH', '/home/karthik/dds_ros2/flirCAMERA/flir_camera_driver/install/spinnaker_camera_driver:/home/karthik/dds_ros2/flirCAMERA/flir_camera_driver/install/flir_camera_msgs:/opt/ros/humble')]), 'shell': False}
[0.780947] (flir_camera_msgs) StdoutLine: {'line': b'[  2%] \x1b[34m\x1b[1mGenerating C code for ROS interfaces\x1b[0m\n'}
[0.785645] (flir_camera_msgs) StdoutLine: {'line': b'[  5%] \x1b[34m\x1b[1mGenerating C++ code for ROS interfaces\x1b[0m\n'}
[0.790386] (flir_camera_msgs) StdoutLine: {'line': b'[  5%] Built target ament_cmake_python_symlink_flir_camera_msgs\n'}
[0.800419] (-) TimerEvent: {}
[0.900302] (flir_camera_msgs) StdoutLine: {'line': b'running egg_info\n'}
[0.900491] (flir_camera_msgs) StdoutLine: {'line': b'creating flir_camera_msgs.egg-info\n'}
[0.900544] (-) TimerEvent: {}
[0.900640] (flir_camera_msgs) StdoutLine: {'line': b'writing flir_camera_msgs.egg-info/PKG-INFO\n'}
[0.900687] (flir_camera_msgs) StdoutLine: {'line': b'writing dependency_links to flir_camera_msgs.egg-info/dependency_links.txt\n'}
[0.900734] (flir_camera_msgs) StdoutLine: {'line': b'writing top-level names to flir_camera_msgs.egg-info/top_level.txt\n'}
[0.900770] (flir_camera_msgs) StdoutLine: {'line': b"writing manifest file 'flir_camera_msgs.egg-info/SOURCES.txt'\n"}
[0.901502] (flir_camera_msgs) StdoutLine: {'line': b"reading manifest file 'flir_camera_msgs.egg-info/SOURCES.txt'\n"}
[0.901712] (flir_camera_msgs) StdoutLine: {'line': b"writing manifest file 'flir_camera_msgs.egg-info/SOURCES.txt'\n"}
[0.915655] (flir_camera_msgs) StdoutLine: {'line': b'[  5%] Built target ament_cmake_python_build_flir_camera_msgs_egg\n'}
[0.941091] (flir_camera_msgs) StdoutLine: {'line': b'[  5%] Built target flir_camera_msgs__cpp\n'}
[0.944667] (flir_camera_msgs) StdoutLine: {'line': b'[  7%] \x1b[32mBuilding C object CMakeFiles/flir_camera_msgs__rosidl_generator_c.dir/rosidl_generator_c/flir_camera_msgs/msg/detail/camera_control__functions.c.o\x1b[0m\n'}
[0.944781] (flir_camera_msgs) StdoutLine: {'line': b'[ 10%] \x1b[32mBuilding C object CMakeFiles/flir_camera_msgs__rosidl_generator_c.dir/rosidl_generator_c/flir_camera_msgs/msg/detail/image_meta_data__functions.c.o\x1b[0m\n'}
[0.945832] (flir_camera_msgs) StdoutLine: {'line': b'[ 12%] \x1b[34m\x1b[1mGenerating C++ type support dispatch for ROS interfaces\x1b[0m\n'}
[0.946454] (flir_camera_msgs) StdoutLine: {'line': b'[ 15%] \x1b[34m\x1b[1mGenerating C++ type support for eProsima Fast-RTPS\x1b[0m\n'}
[0.946556] (flir_camera_msgs) StdoutLine: {'line': b'[ 17%] \x1b[34m\x1b[1mGenerating C++ introspection for ROS interfaces\x1b[0m\n'}
[0.968050] (flir_camera_msgs) StdoutLine: {'line': b'[ 20%] \x1b[32m\x1b[1mLinking C shared library libflir_camera_msgs__rosidl_generator_c.so\x1b[0m\n'}
[0.987480] (flir_camera_msgs) StdoutLine: {'line': b'[ 20%] Built target flir_camera_msgs__rosidl_generator_c\n'}
[0.992345] (flir_camera_msgs) StdoutLine: {'line': b'[ 23%] \x1b[34m\x1b[1mGenerating C type support for eProsima Fast-RTPS\x1b[0m\n'}
[0.992459] (flir_camera_msgs) StdoutLine: {'line': b'[ 25%] \x1b[34m\x1b[1mGenerating C introspection for ROS interfaces\x1b[0m\n'}
[0.992581] (flir_camera_msgs) StdoutLine: {'line': b'[ 28%] \x1b[34m\x1b[1mGenerating C type support dispatch for ROS interfaces\x1b[0m\n'}
[1.000618] (-) TimerEvent: {}
[1.091002] (flir_camera_msgs) StdoutLine: {'line': b'[ 30%] \x1b[32mBuilding CXX object CMakeFiles/flir_camera_msgs__rosidl_typesupport_cpp.dir/rosidl_typesupport_cpp/flir_camera_msgs/msg/image_meta_data__type_support.cpp.o\x1b[0m\n'}
[1.092451] (flir_camera_msgs) StdoutLine: {'line': b'[ 33%] \x1b[32mBuilding CXX object CMakeFiles/flir_camera_msgs__rosidl_typesupport_cpp.dir/rosidl_typesupport_cpp/flir_camera_msgs/msg/camera_control__type_support.cpp.o\x1b[0m\n'}
[1.097054] (flir_camera_msgs) StdoutLine: {'line': b'[ 35%] \x1b[32mBuilding CXX object CMakeFiles/flir_camera_msgs__rosidl_typesupport_introspection_cpp.dir/rosidl_typesupport_introspection_cpp/flir_camera_msgs/msg/detail/camera_control__type_support.cpp.o\x1b[0m\n'}
[1.097187] (flir_camera_msgs) StdoutLine: {'line': b'[ 38%] \x1b[32mBuilding CXX object CMakeFiles/flir_camera_msgs__rosidl_typesupport_introspection_cpp.dir/rosidl_typesupport_introspection_cpp/flir_camera_msgs/msg/detail/image_meta_data__type_support.cpp.o\x1b[0m\n'}
[1.100694] (-) TimerEvent: {}
[1.104151] (flir_camera_msgs) StdoutLine: {'line': b'[ 41%] \x1b[32mBuilding CXX object CMakeFiles/flir_camera_msgs__rosidl_typesupport_fastrtps_cpp.dir/rosidl_typesupport_fastrtps_cpp/flir_camera_msgs/msg/detail/dds_fastrtps/image_meta_data__type_support.cpp.o\x1b[0m\n'}
[1.104246] (flir_camera_msgs) StdoutLine: {'line': b'[ 43%] \x1b[32mBuilding CXX object CMakeFiles/flir_camera_msgs__rosidl_typesupport_fastrtps_cpp.dir/rosidl_typesupport_fastrtps_cpp/flir_camera_msgs/msg/detail/dds_fastrtps/camera_control__type_support.cpp.o\x1b[0m\n'}
[1.134427] (flir_camera_msgs) StdoutLine: {'line': b'[ 46%] \x1b[32mBuilding CXX object CMakeFiles/flir_camera_msgs__rosidl_typesupport_c.dir/rosidl_typesupport_c/flir_camera_msgs/msg/image_meta_data__type_support.cpp.o\x1b[0m\n'}
[1.135147] (flir_camera_msgs) StdoutLine: {'line': b'[ 48%] \x1b[32mBuilding CXX object CMakeFiles/flir_camera_msgs__rosidl_typesupport_c.dir/rosidl_typesupport_c/flir_camera_msgs/msg/camera_control__type_support.cpp.o\x1b[0m\n'}
[1.148091] (flir_camera_msgs) StdoutLine: {'line': b'[ 51%] \x1b[32mBuilding C object CMakeFiles/flir_camera_msgs__rosidl_typesupport_introspection_c.dir/rosidl_typesupport_introspection_c/flir_camera_msgs/msg/detail/image_meta_data__type_support.c.o\x1b[0m\n'}
[1.148204] (flir_camera_msgs) StdoutLine: {'line': b'[ 53%] \x1b[32mBuilding C object CMakeFiles/flir_camera_msgs__rosidl_typesupport_introspection_c.dir/rosidl_typesupport_introspection_c/flir_camera_msgs/msg/detail/camera_control__type_support.c.o\x1b[0m\n'}
[1.153049] (flir_camera_msgs) StdoutLine: {'line': b'[ 56%] \x1b[32mBuilding CXX object CMakeFiles/flir_camera_msgs__rosidl_typesupport_fastrtps_c.dir/rosidl_typesupport_fastrtps_c/flir_camera_msgs/msg/detail/image_meta_data__type_support_c.cpp.o\x1b[0m\n'}
[1.153196] (flir_camera_msgs) StdoutLine: {'line': b'[ 58%] \x1b[32mBuilding CXX object CMakeFiles/flir_camera_msgs__rosidl_typesupport_fastrtps_c.dir/rosidl_typesupport_fastrtps_c/flir_camera_msgs/msg/detail/camera_control__type_support_c.cpp.o\x1b[0m\n'}
[1.156174] (flir_camera_msgs) StdoutLine: {'line': b'[ 61%] \x1b[32m\x1b[1mLinking CXX shared library libflir_camera_msgs__rosidl_typesupport_c.so\x1b[0m\n'}
[1.166665] (flir_camera_msgs) StdoutLine: {'line': b'[ 64%] \x1b[32m\x1b[1mLinking C shared library libflir_camera_msgs__rosidl_typesupport_introspection_c.so\x1b[0m\n'}
[1.174992] (flir_camera_msgs) StdoutLine: {'line': b'[ 64%] Built target flir_camera_msgs__rosidl_typesupport_c\n'}
[1.181278] (flir_camera_msgs) StdoutLine: {'line': b'[ 64%] Built target flir_camera_msgs__rosidl_typesupport_introspection_c\n'}
[1.200776] (-) TimerEvent: {}
[1.205879] (flir_camera_msgs) StdoutLine: {'line': b'[ 66%] \x1b[32m\x1b[1mLinking CXX shared library libflir_camera_msgs__rosidl_typesupport_cpp.so\x1b[0m\n'}
[1.227787] (flir_camera_msgs) StdoutLine: {'line': b'[ 66%] Built target flir_camera_msgs__rosidl_typesupport_cpp\n'}
[1.260359] (flir_camera_msgs) StdoutLine: {'line': b'[ 69%] \x1b[32m\x1b[1mLinking CXX shared library libflir_camera_msgs__rosidl_typesupport_introspection_cpp.so\x1b[0m\n'}
[1.275863] (flir_camera_msgs) StdoutLine: {'line': b'[ 71%] \x1b[32m\x1b[1mLinking CXX shared library libflir_camera_msgs__rosidl_typesupport_fastrtps_cpp.so\x1b[0m\n'}
[1.293662] (flir_camera_msgs) StdoutLine: {'line': b'[ 71%] Built target flir_camera_msgs__rosidl_typesupport_introspection_cpp\n'}
[1.300472] (flir_camera_msgs) StdoutLine: {'line': b'[ 74%] \x1b[32m\x1b[1mLinking CXX shared library libflir_camera_msgs__rosidl_typesupport_fastrtps_c.so\x1b[0m\n'}
[1.300834] (-) TimerEvent: {}
[1.311407] (flir_camera_msgs) StdoutLine: {'line': b'[ 74%] Built target flir_camera_msgs__rosidl_typesupport_fastrtps_cpp\n'}
[1.337827] (flir_camera_msgs) StdoutLine: {'line': b'[ 74%] Built target flir_camera_msgs__rosidl_typesupport_fastrtps_c\n'}
[1.347461] (flir_camera_msgs) StdoutLine: {'line': b'[ 74%] Built target flir_camera_msgs\n'}
[1.355838] (flir_camera_msgs) StdoutLine: {'line': b'[ 76%] \x1b[34m\x1b[1mGenerating Python code for ROS interfaces\x1b[0m\n'}
[1.400916] (-) TimerEvent: {}
[1.501072] (-) TimerEvent: {}
[1.565484] (flir_camera_msgs) StdoutLine: {'line': b'[ 76%] Built target flir_camera_msgs__py\n'}
[1.574599] (flir_camera_msgs) StdoutLine: {'line': b'[ 79%] \x1b[32mBuilding C object CMakeFiles/flir_camera_msgs__rosidl_generator_py.dir/rosidl_generator_py/flir_camera_msgs/msg/_image_meta_data_s.c.o\x1b[0m\n'}
[1.575187] (flir_camera_msgs) StdoutLine: {'line': b'[ 82%] \x1b[32mBuilding C object CMakeFiles/flir_camera_msgs__rosidl_generator_py.dir/rosidl_generator_py/flir_camera_msgs/msg/_camera_control_s.c.o\x1b[0m\n'}
[1.601167] (-) TimerEvent: {}
[1.619032] (flir_camera_msgs) StdoutLine: {'line': b'[ 84%] \x1b[32m\x1b[1mLinking C shared library rosidl_generator_py/flir_camera_msgs/libflir_camera_msgs__rosidl_generator_py.so\x1b[0m\n'}
[1.637627] (flir_camera_msgs) StdoutLine: {'line': b'[ 84%] Built target flir_camera_msgs__rosidl_generator_py\n'}
[1.647511] (flir_camera_msgs) StdoutLine: {'line': b'[ 87%] \x1b[32mBuilding C object CMakeFiles/flir_camera_msgs__rosidl_typesupport_c__pyext.dir/rosidl_generator_py/flir_camera_msgs/_flir_camera_msgs_s.ep.rosidl_typesupport_c.c.o\x1b[0m\n'}
[1.649049] (flir_camera_msgs) StdoutLine: {'line': b'[ 89%] \x1b[32mBuilding C object CMakeFiles/flir_camera_msgs__rosidl_typesupport_introspection_c__pyext.dir/rosidl_generator_py/flir_camera_msgs/_flir_camera_msgs_s.ep.rosidl_typesupport_introspection_c.c.o\x1b[0m\n'}
[1.649091] (flir_camera_msgs) StdoutLine: {'line': b'[ 92%] \x1b[32mBuilding C object CMakeFiles/flir_camera_msgs__rosidl_typesupport_fastrtps_c__pyext.dir/rosidl_generator_py/flir_camera_msgs/_flir_camera_msgs_s.ep.rosidl_typesupport_fastrtps_c.c.o\x1b[0m\n'}
[1.692198] (flir_camera_msgs) StdoutLine: {'line': b'[ 97%] \x1b[32m\x1b[1mLinking C shared library rosidl_generator_py/flir_camera_msgs/flir_camera_msgs_s__rosidl_typesupport_introspection_c.cpython-310-x86_64-linux-gnu.so\x1b[0m\n'}
[1.692311] (flir_camera_msgs) StdoutLine: {'line': b'[ 97%] \x1b[32m\x1b[1mLinking C shared library rosidl_generator_py/flir_camera_msgs/flir_camera_msgs_s__rosidl_typesupport_c.cpython-310-x86_64-linux-gnu.so\x1b[0m\n'}
[1.692897] (flir_camera_msgs) StdoutLine: {'line': b'[100%] \x1b[32m\x1b[1mLinking C shared library rosidl_generator_py/flir_camera_msgs/flir_camera_msgs_s__rosidl_typesupport_fastrtps_c.cpython-310-x86_64-linux-gnu.so\x1b[0m\n'}
[1.701241] (-) TimerEvent: {}
[1.710060] (flir_camera_msgs) StdoutLine: {'line': b'[100%] Built target flir_camera_msgs__rosidl_typesupport_c__pyext\n'}
[1.711316] (flir_camera_msgs) StdoutLine: {'line': b'[100%] Built target flir_camera_msgs__rosidl_typesupport_fastrtps_c__pyext\n'}
[1.711563] (flir_camera_msgs) StdoutLine: {'line': b'[100%] Built target flir_camera_msgs__rosidl_typesupport_introspection_c__pyext\n'}
[1.718599] (flir_camera_msgs) CommandEnded: {'returncode': 0}
[1.719679] (flir_camera_msgs) JobProgress: {'identifier': 'flir_camera_msgs', 'progress': 'install'}
[1.724452] (flir_camera_msgs) Command: {'cmd': ['/usr/bin/cmake', '--install', '/home/karthik/dds_ros2/flirCAMERA/flir_camera_driver/build/flir_camera_msgs'], 'cwd': '/home/karthik/dds_ros2/flirCAMERA/flir_camera_driver/build/flir_camera_msgs', 'env': OrderedDict([('GJS_DEBUG_TOPICS', 'JS ERROR;JS LOG'), ('PYTHON_BASIC_REPL', '1'), ('LESSOPEN', '| /usr/bin/lesspipe %s'), ('USER', 'karthik'), ('LC_TIME', 'de_DE.UTF-8'), ('XDG_SESSION_TYPE', 'x11'), ('GIT_ASKPASS', '/usr/share/antigravity/resources/app/extensions/git/dist/askpass.sh'), ('SHLVL', '2'), ('LD_LIBRARY_PATH', '/home/karthik/dds_ros2/flirCAMERA/flir_camera_driver/install/spinnaker_camera_driver/lib:/home/karthik/dds_ros2/flirCAMERA/flir_camera_driver/install/flir_camera_msgs/lib:/opt/ros/humble/opt/rviz_ogre_vendor/lib:/opt/ros/humble/lib/x86_64-linux-gnu:/opt/ros/humble/lib'), ('ANTIGRAVITY_CLI_ALIAS', 'agy'), ('HOME', '/home/karthik'), ('CHROME_DESKTOP', 'antigravity.desktop'), ('OLDPWD', '/home/karthik/dds_ros2/flirCAMERA/flir_camera_driver'), ('TERM_PROGRAM_VERSION', '1.104.0'), ('DESKTOP_SESSION', 'ubuntu'), ('GIO_LAUNCHED_DESKTOP_FILE', '/usr/share/applications/antigravity.desktop'), ('ROS_PYTHON_VERSION', '3'), ('GNOME_SHELL_SESSION_MODE', 'ubuntu'), ('GTK_MODULES', 'gail:atk-bridge'), ('VSCODE_GIT_ASKPASS_MAIN', '/usr/share/antigravity/resources/app/extensions/git/dist/askpass-main.js'), ('LC_MONETARY', 'de_DE.UTF-8'), ('VSCODE_GIT_ASKPASS_NODE', '/usr/share/antigravity/antigravity'), ('MANAGERPID', '3174'), ('PYDEVD_DISABLE_FILE_VALIDATION', '1'), ('SYSTEMD_EXEC_PID', '3437'), ('BUNDLED_DEBUGPY_PATH', '/home/karthik/.antigravity/extensions/ms-python.debugpy-2025.18.0-linux-x64/bundled/libs/debugpy'), ('VSCODE_PYTHON_AUTOACTIVATE_GUARD', '1'), ('DBUS_SESSION_BUS_ADDRESS', 'unix:path=/run/user/1000/bus'), ('COLORTERM', 'truecolor'), ('GIO_LAUNCHED_DESKTOP_FILE_PID', '5610'), ('COLCON_PREFIX_PATH', '/home/karthik/dds_ros2/flirCAMERA/flir_camera_driver/install'), ('ROS_DISTRO', 'humble'), ('GTK_IM_MODULE', 'ibus'), ('LOGNAME', 'karthik'), ('JOURNAL_STREAM', '8:80912'), ('_', '/usr/bin/colcon'), ('ROS_VERSION', '2'), ('XDG_SESSION_CLASS', 'user'), ('USERNAME', 'karthik'), ('TERM', 'xterm-256color'), ('GNOME_DESKTOP_SESSION_ID', 'this-is-deprecated'), ('ROS_LOCALHOST_ONLY', '0'), ('WINDOWPATH', '2'), ('PATH', '/opt/ros/humble/bin:/home/karthik/.local/bin:/home/karthik/.local/bin:/opt/spinnaker/bin:/usr/local/sbin:/usr/local/bin:/usr/sbin:/usr/bin:/sbin:/bin:/usr/games:/usr/local/games:/snap/bin:/snap/bin:/home/karthik/.antigravity/extensions/ms-python.debugpy-2025.18.0-linux-x64/bundled/scripts/noConfigScripts'), ('SESSION_MANAGER', 'local/Karthik:@/tmp/.ICE-unix/3414,unix/Karthik:/tmp/.ICE-unix/3414'), ('INVOCATION_ID', '8c000bce77184e7abaf8e7054f526e83'), ('XDG_MENU_PREFIX', 'gnome-'), ('LC_ADDRESS', 'de_DE.UTF-8'), ('XDG_RUNTIME_DIR', '/run/user/1000'), ('GDK_BACKEND', 'x11'), ('SPINNAKER_GENTL64_CTI', '/opt/spinnaker/lib/spinnaker-gentl/Spinnaker_GenTL.cti'), ('DISPLAY', ':1'), ('VSCODE_DEBUGPY_ADAPTER_ENDPOINTS', '/home/karthik/.antigravity/extensions/ms-python.debugpy-2025.18.0-linux-x64/.noConfigDebugAdapterEndpoints/endpoint-f3ee66c29dd09338.txt'), ('LANG', 'en_US.UTF-8'), ('XDG_CURRENT_DESKTOP', 'Unity'), ('PYTHONSTARTUP', '/home/karthik/.config/Antigravity/User/workspaceStorage/d88c120b86d835b02216619077cb693b/ms-python.python/pythonrc.py'), ('LC_TELEPHONE', 'de_DE.UTF-8'), ('XMODIFIERS', '@im=ibus'), ('XDG_SESSION_DESKTOP', 'ubuntu'), ('XAUTHORITY', '/run/user/1000/gdm/Xauthority'), ('LS_COLORS', 'rs=0:di=01;34:ln=01;36:mh=00:pi=40;33:so=01;35:do=01;35:bd=40;33;01:cd=40;33;01:or=40;31;01:mi=00:su=37;41:sg=30;43:ca=30;41:tw=30;42:ow=34;42:st=37;44:ex=01;32:*.tar=01;31:*.tgz=01;31:*.arc=01;31:*.arj=01;31:*.taz=01;31:*.lha=01;31:*.lz4=01;31:*.lzh=01;31:*.lzma=01;31:*.tlz=01;31:*.txz=01;31:*.tzo=01;31:*.t7z=01;31:*.zip=01;31:*.z=01;31:*.dz=01;31:*.gz=01;31:*.lrz=01;31:*.lz=01;31:*.lzo=01;31:*.xz=01;31:*.zst=01;31:*.tzst=01;31:*.bz2=01;31:*.bz=01;31:*.tbz=01;31:*.tbz2=01;31:*.tz=01;31:*.deb=01;31:*.rpm=01;31:*.jar=01;31:*.war=01;31:*.ear=01;31:*.sar=01;31:*.rar=01;31:*.alz=01;31:*.ace=01;31:*.zoo=01;31:*.cpio=01;31:*.7z=01;31:*.rz=01;31:*.cab=01;31:*.wim=01;31:*.swm=01;31:*.dwm=01;31:*.esd=01;31:*.jpg=01;35:*.jpeg=01;35:*.mjpg=01;35:*.mjpeg=01;35:*.gif=01;35:*.bmp=01;35:*.pbm=01;35:*.pgm=01;35:*.ppm=01;35:*.tga=01;35:*.xbm=01;35:*.xpm=01;35:*.tif=01;35:*.tiff=01;35:*.png=01;35:*.svg=01;35:*.svgz=01;35:*.mng=01;35:*.pcx=01;35:*.mov=01;35:*.mpg=01;35:*.mpeg=01;35:*.m2v=01;35:*.mkv=01;35:*.webm=01;35:*.webp=01;35:*.ogm=01;35:*.mp4=01;35:*.m4v=01;35:*.mp4v=01;35:*.vob=01;35:*.qt=01;35:*.nuv=01;35:*.wmv=01;35:*.asf=01;35:*.rm=01;35:*.rmvb=01;35:*.flc=01;35:*.avi=01;35:*.fli=01;35:*.flv=01;35:*.gl=01;35:*.dl=01;35:*.xcf=01;35:*.xwd=01;35:*.yuv=01;35:*.cgm=01;35:*.emf=01;35:*.ogv=01;35:*.ogx=01;35:*.aac=00;36:*.au=00;36:*.flac=00;36:*.m4a=00;36:*.mid=00;36:*.midi=00;36:*.mka=00;36:*.mp3=00;36:*.mpc=00;36:*.ogg=00;36:*.ra=00;36:*.wav=00;36:*.oga=00;36:*.opus=00;36:*.spx=00;36:*.xspf=00;36:'), ('VSCODE_GIT_IPC_HANDLE', '/run/user/1000/vscode-git-305ff7234e.sock'), ('TERM_PROGRAM', 'vscode'), ('SSH_AGENT_LAUNCHER', 'gnome-keyring'), ('SSH_AUTH_SOCK', '/run/user/1000/keyring/ssh'), ('AMENT_PREFIX_PATH', '/home/karthik/dds_ros2/flirCAMERA/flir_camera_driver/install/spinnaker_camera_driver:/home/karthik/dds_ros2/flirCAMERA/flir_camera_driver/install/flir_camera_msgs:/opt/ros/humble'), ('ORIGINAL_XDG_CURRENT_DESKTOP', 'ubuntu:GNOME'), ('SHELL', '/bin/bash'), ('LC_NAME', 'de_DE.UTF-8'), ('QT_ACCESSIBILITY', '1'), ('GDMSESSION', 'ubuntu'), ('LESSCLOSE', '/usr/bin/lesspipe %s %s'), ('LC_MEASUREMENT', 'de_DE.UTF-8'), ('GPG_AGENT_INFO', '/run/user/1000/gnupg/S.gpg-agent:0:1'), ('GJS_DEBUG_OUTPUT', 'stderr'), ('LC_IDENTIFICATION', 'de_DE.UTF-8'), ('VSCODE_GIT_ASKPASS_EXTRA_ARGS', ''), ('QT_IM_MODULE', 'ibus'), ('PWD', '/home/karthik/dds_ros2/flirCAMERA/flir_camera_driver/build/flir_camera_msgs'), ('LC_ALL', 'en_US.UTF-8'), ('XDG_CONFIG_DIRS', '/etc/xdg/xdg-ubuntu:/etc/xdg'), ('XDG_DATA_DIRS', '/usr/share/ubuntu:/usr/share/gnome:/usr/local/share/:/usr/share/:/var/lib/snapd/desktop'), ('PYTHONPATH', '/home/karthik/dds_ros2/flirCAMERA/flir_camera_driver/install/flir_camera_msgs/local/lib/python3.10/dist-packages:/opt/ros/humble/lib/python3.10/site-packages:/opt/ros/humble/local/lib/python3.10/dist-packages'), ('LC_NUMERIC', 'de_DE.UTF-8'), ('LC_PAPER', 'de_DE.UTF-8'), ('COLCON', '1'), ('GENICAM_GENTL64_PATH', '/opt/spinnaker/lib/spinnaker-gentl'), ('CMAKE_PREFIX_PATH', '/home/karthik/dds_ros2/flirCAMERA/flir_camera_driver/install/spinnaker_camera_driver:/home/karthik/dds_ros2/flirCAMERA/flir_camera_driver/install/flir_camera_msgs:/opt/ros/humble')]), 'shell': False}
[1.727569] (flir_camera_msgs) StdoutLine: {'line': b'-- Install configuration: ""\n'}
[1.728002] (flir_camera_msgs) StdoutLine: {'line': b'-- Execute custom install script\n'}
[1.728163] (flir_camera_msgs) StdoutLine: {'line': b'-- Symlinking: /home/karthik/dds_ros2/flirCAMERA/flir_camera_driver/install/flir_camera_msgs/share/ament_index/resource_index/rosidl_interfaces/flir_camera_msgs\n'}
[1.731981] (flir_camera_msgs) StdoutLine: {'line': b'-- Symlinking: /home/karthik/dds_ros2/flirCAMERA/flir_camera_driver/install/flir_camera_msgs/include/flir_camera_msgs/flir_camera_msgs/msg/camera_control.h\n'}
[1.735901] (flir_camera_msgs) StdoutLine: {'line': b'-- Symlinking: /home/karthik/dds_ros2/flirCAMERA/flir_camera_driver/install/flir_camera_msgs/include/flir_camera_msgs/flir_camera_msgs/msg/detail/camera_control__functions.h\n'}
[1.740758] (flir_camera_msgs) StdoutLine: {'line': b'-- Symlinking: /home/karthik/dds_ros2/flirCAMERA/flir_camera_driver/install/flir_camera_msgs/include/flir_camera_msgs/flir_camera_msgs/msg/detail/camera_control__struct.h\n'}
[1.745125] (flir_camera_msgs) StdoutLine: {'line': b'-- Symlinking: /home/karthik/dds_ros2/flirCAMERA/flir_camera_driver/install/flir_camera_msgs/include/flir_camera_msgs/flir_camera_msgs/msg/detail/camera_control__type_support.h\n'}
[1.748716] (flir_camera_msgs) StdoutLine: {'line': b'-- Symlinking: /home/karthik/dds_ros2/flirCAMERA/flir_camera_driver/install/flir_camera_msgs/include/flir_camera_msgs/flir_camera_msgs/msg/detail/image_meta_data__functions.h\n'}
[1.752510] (flir_camera_msgs) StdoutLine: {'line': b'-- Symlinking: /home/karthik/dds_ros2/flirCAMERA/flir_camera_driver/install/flir_camera_msgs/include/flir_camera_msgs/flir_camera_msgs/msg/detail/image_meta_data__struct.h\n'}
[1.756081] (flir_camera_msgs) StdoutLine: {'line': b'-- Symlinking: /home/karthik/dds_ros2/flirCAMERA/flir_camera_driver/install/flir_camera_msgs/include/flir_camera_msgs/flir_camera_msgs/msg/detail/image_meta_data__type_support.h\n'}
[1.760164] (flir_camera_msgs) StdoutLine: {'line': b'-- Symlinking: /home/karthik/dds_ros2/flirCAMERA/flir_camera_driver/install/flir_camera_msgs/include/flir_camera_msgs/flir_camera_msgs/msg/image_meta_data.h\n'}
[1.763781] (flir_camera_msgs) StdoutLine: {'line': b'-- Symlinking: /home/karthik/dds_ros2/flirCAMERA/flir_camera_driver/install/flir_camera_msgs/include/flir_camera_msgs/flir_camera_msgs/msg/rosidl_generator_c__visibility_control.h\n'}
[1.767600] (flir_camera_msgs) StdoutLine: {'line': b'-- Symlinking: /home/karthik/dds_ros2/flirCAMERA/flir_camera_driver/install/flir_camera_msgs/share/flir_camera_msgs/environment/library_path.sh\n'}
[1.772094] (flir_camera_msgs) StdoutLine: {'line': b'-- Symlinking: /home/karthik/dds_ros2/flirCAMERA/flir_camera_driver/install/flir_camera_msgs/share/flir_camera_msgs/environment/library_path.dsv\n'}
[1.776218] (flir_camera_msgs) StdoutLine: {'line': b'-- Symlinking: /home/karthik/dds_ros2/flirCAMERA/flir_camera_driver/install/flir_camera_msgs/include/flir_camera_msgs/flir_camera_msgs/msg/detail/camera_control__rosidl_typesupport_fastrtps_c.h\n'}
[1.780280] (flir_camera_msgs) StdoutLine: {'line': b'-- Symlinking: /home/karthik/dds_ros2/flirCAMERA/flir_camera_driver/install/flir_camera_msgs/include/flir_camera_msgs/flir_camera_msgs/msg/detail/image_meta_data__rosidl_typesupport_fastrtps_c.h\n'}
[1.784439] (flir_camera_msgs) StdoutLine: {'line': b'-- Symlinking: /home/karthik/dds_ros2/flirCAMERA/flir_camera_driver/install/flir_camera_msgs/include/flir_camera_msgs/flir_camera_msgs/msg/rosidl_typesupport_fastrtps_c__visibility_control.h\n'}
[1.788503] (flir_camera_msgs) StdoutLine: {'line': b'-- Symlinking: /home/karthik/dds_ros2/flirCAMERA/flir_camera_driver/install/flir_camera_msgs/include/flir_camera_msgs/flir_camera_msgs/msg/camera_control.hpp\n'}
[1.791559] (flir_camera_msgs) StdoutLine: {'line': b'-- Symlinking: /home/karthik/dds_ros2/flirCAMERA/flir_camera_driver/install/flir_camera_msgs/include/flir_camera_msgs/flir_camera_msgs/msg/detail/camera_control__builder.hpp\n'}
[1.795485] (flir_camera_msgs) StdoutLine: {'line': b'-- Symlinking: /home/karthik/dds_ros2/flirCAMERA/flir_camera_driver/install/flir_camera_msgs/include/flir_camera_msgs/flir_camera_msgs/msg/detail/camera_control__struct.hpp\n'}
[1.799615] (flir_camera_msgs) StdoutLine: {'line': b'-- Symlinking: /home/karthik/dds_ros2/flirCAMERA/flir_camera_driver/install/flir_camera_msgs/include/flir_camera_msgs/flir_camera_msgs/msg/detail/camera_control__traits.hpp\n'}
[1.801295] (-) TimerEvent: {}
[1.803281] (flir_camera_msgs) StdoutLine: {'line': b'-- Symlinking: /home/karthik/dds_ros2/flirCAMERA/flir_camera_driver/install/flir_camera_msgs/include/flir_camera_msgs/flir_camera_msgs/msg/detail/camera_control__type_support.hpp\n'}
[1.807133] (flir_camera_msgs) StdoutLine: {'line': b'-- Symlinking: /home/karthik/dds_ros2/flirCAMERA/flir_camera_driver/install/flir_camera_msgs/include/flir_camera_msgs/flir_camera_msgs/msg/detail/image_meta_data__builder.hpp\n'}
[1.811005] (flir_camera_msgs) StdoutLine: {'line': b'-- Symlinking: /home/karthik/dds_ros2/flirCAMERA/flir_camera_driver/install/flir_camera_msgs/include/flir_camera_msgs/flir_camera_msgs/msg/detail/image_meta_data__struct.hpp\n'}
[1.815783] (flir_camera_msgs) StdoutLine: {'line': b'-- Symlinking: /home/karthik/dds_ros2/flirCAMERA/flir_camera_driver/install/flir_camera_msgs/include/flir_camera_msgs/flir_camera_msgs/msg/detail/image_meta_data__traits.hpp\n'}
[1.819538] (flir_camera_msgs) StdoutLine: {'line': b'-- Symlinking: /home/karthik/dds_ros2/flirCAMERA/flir_camera_driver/install/flir_camera_msgs/include/flir_camera_msgs/flir_camera_msgs/msg/detail/image_meta_data__type_support.hpp\n'}
[1.822732] (flir_camera_msgs) StdoutLine: {'line': b'-- Symlinking: /home/karthik/dds_ros2/flirCAMERA/flir_camera_driver/install/flir_camera_msgs/include/flir_camera_msgs/flir_camera_msgs/msg/image_meta_data.hpp\n'}
[1.826413] (flir_camera_msgs) StdoutLine: {'line': b'-- Symlinking: /home/karthik/dds_ros2/flirCAMERA/flir_camera_driver/install/flir_camera_msgs/include/flir_camera_msgs/flir_camera_msgs/msg/rosidl_generator_cpp__visibility_control.hpp\n'}
[1.831276] (flir_camera_msgs) StdoutLine: {'line': b'-- Symlinking: /home/karthik/dds_ros2/flirCAMERA/flir_camera_driver/install/flir_camera_msgs/include/flir_camera_msgs/flir_camera_msgs/msg/detail/camera_control__rosidl_typesupport_fastrtps_cpp.hpp\n'}
[1.834639] (flir_camera_msgs) StdoutLine: {'line': b'-- Symlinking: /home/karthik/dds_ros2/flirCAMERA/flir_camera_driver/install/flir_camera_msgs/include/flir_camera_msgs/flir_camera_msgs/msg/detail/image_meta_data__rosidl_typesupport_fastrtps_cpp.hpp\n'}
[1.838396] (flir_camera_msgs) StdoutLine: {'line': b'-- Symlinking: /home/karthik/dds_ros2/flirCAMERA/flir_camera_driver/install/flir_camera_msgs/include/flir_camera_msgs/flir_camera_msgs/msg/rosidl_typesupport_fastrtps_cpp__visibility_control.h\n'}
[1.841729] (flir_camera_msgs) StdoutLine: {'line': b'-- Symlinking: /home/karthik/dds_ros2/flirCAMERA/flir_camera_driver/install/flir_camera_msgs/include/flir_camera_msgs/flir_camera_msgs/msg/detail/camera_control__rosidl_typesupport_introspection_c.h\n'}
[1.845372] (flir_camera_msgs) StdoutLine: {'line': b'-- Symlinking: /home/karthik/dds_ros2/flirCAMERA/flir_camera_driver/install/flir_camera_msgs/include/flir_camera_msgs/flir_camera_msgs/msg/detail/image_meta_data__rosidl_typesupport_introspection_c.h\n'}
[1.850078] (flir_camera_msgs) StdoutLine: {'line': b'-- Symlinking: /home/karthik/dds_ros2/flirCAMERA/flir_camera_driver/install/flir_camera_msgs/include/flir_camera_msgs/flir_camera_msgs/msg/rosidl_typesupport_introspection_c__visibility_control.h\n'}
[1.853889] (flir_camera_msgs) StdoutLine: {'line': b'-- Symlinking: /home/karthik/dds_ros2/flirCAMERA/flir_camera_driver/install/flir_camera_msgs/include/flir_camera_msgs/flir_camera_msgs/msg/detail/camera_control__rosidl_typesupport_introspection_cpp.hpp\n'}
[1.858581] (flir_camera_msgs) StdoutLine: {'line': b'-- Symlinking: /home/karthik/dds_ros2/flirCAMERA/flir_camera_driver/install/flir_camera_msgs/include/flir_camera_msgs/flir_camera_msgs/msg/detail/image_meta_data__rosidl_typesupport_introspection_cpp.hpp\n'}
[1.861524] (flir_camera_msgs) StdoutLine: {'line': b'-- Symlinking: /home/karthik/dds_ros2/flirCAMERA/flir_camera_driver/install/flir_camera_msgs/share/flir_camera_msgs/environment/pythonpath.sh\n'}
[1.865277] (flir_camera_msgs) StdoutLine: {'line': b'-- Symlinking: /home/karthik/dds_ros2/flirCAMERA/flir_camera_driver/install/flir_camera_msgs/share/flir_camera_msgs/environment/pythonpath.dsv\n'}
[1.869042] (flir_camera_msgs) StdoutLine: {'line': b'-- Symlinking: /home/karthik/dds_ros2/flirCAMERA/flir_camera_driver/install/flir_camera_msgs/local/lib/python3.10/dist-packages/flir_camera_msgs-2.0.8-py3.10.egg-info/PKG-INFO\n'}
[1.873414] (flir_camera_msgs) StdoutLine: {'line': b'-- Symlinking: /home/karthik/dds_ros2/flirCAMERA/flir_camera_driver/install/flir_camera_msgs/local/lib/python3.10/dist-packages/flir_camera_msgs-2.0.8-py3.10.egg-info/SOURCES.txt\n'}
[1.877157] (flir_camera_msgs) StdoutLine: {'line': b'-- Symlinking: /home/karthik/dds_ros2/flirCAMERA/flir_camera_driver/install/flir_camera_msgs/local/lib/python3.10/dist-packages/flir_camera_msgs-2.0.8-py3.10.egg-info/dependency_links.txt\n'}
[1.881063] (flir_camera_msgs) StdoutLine: {'line': b'-- Symlinking: /home/karthik/dds_ros2/flirCAMERA/flir_camera_driver/install/flir_camera_msgs/local/lib/python3.10/dist-packages/flir_camera_msgs-2.0.8-py3.10.egg-info/top_level.txt\n'}
[1.885287] (flir_camera_msgs) StdoutLine: {'line': b'-- Symlinking: /home/karthik/dds_ros2/flirCAMERA/flir_camera_driver/install/flir_camera_msgs/local/lib/python3.10/dist-packages/flir_camera_msgs/__init__.py\n'}
[1.888757] (flir_camera_msgs) StdoutLine: {'line': b'-- Symlinking: /home/karthik/dds_ros2/flirCAMERA/flir_camera_driver/install/flir_camera_msgs/local/lib/python3.10/dist-packages/flir_camera_msgs/_flir_camera_msgs_s.ep.rosidl_typesupport_c.c\n'}
[1.891785] (flir_camera_msgs) StdoutLine: {'line': b'-- Symlinking: /home/karthik/dds_ros2/flirCAMERA/flir_camera_driver/install/flir_camera_msgs/local/lib/python3.10/dist-packages/flir_camera_msgs/_flir_camera_msgs_s.ep.rosidl_typesupport_fastrtps_c.c\n'}
[1.895122] (flir_camera_msgs) StdoutLine: {'line': b'-- Symlinking: /home/karthik/dds_ros2/flirCAMERA/flir_camera_driver/install/flir_camera_msgs/local/lib/python3.10/dist-packages/flir_camera_msgs/_flir_camera_msgs_s.ep.rosidl_typesupport_introspection_c.c\n'}
[1.899766] (flir_camera_msgs) StdoutLine: {'line': b'-- Symlinking: /home/karthik/dds_ros2/flirCAMERA/flir_camera_driver/install/flir_camera_msgs/local/lib/python3.10/dist-packages/flir_camera_msgs/flir_camera_msgs_s__rosidl_typesupport_c.cpython-310-x86_64-linux-gnu.so\n'}
[1.901355] (-) TimerEvent: {}
[1.903583] (flir_camera_msgs) StdoutLine: {'line': b'-- Symlinking: /home/karthik/dds_ros2/flirCAMERA/flir_camera_driver/install/flir_camera_msgs/local/lib/python3.10/dist-packages/flir_camera_msgs/flir_camera_msgs_s__rosidl_typesupport_fastrtps_c.cpython-310-x86_64-linux-gnu.so\n'}
[1.906728] (flir_camera_msgs) StdoutLine: {'line': b'-- Symlinking: /home/karthik/dds_ros2/flirCAMERA/flir_camera_driver/install/flir_camera_msgs/local/lib/python3.10/dist-packages/flir_camera_msgs/flir_camera_msgs_s__rosidl_typesupport_introspection_c.cpython-310-x86_64-linux-gnu.so\n'}
[1.910577] (flir_camera_msgs) StdoutLine: {'line': b'-- Symlinking: /home/karthik/dds_ros2/flirCAMERA/flir_camera_driver/install/flir_camera_msgs/local/lib/python3.10/dist-packages/flir_camera_msgs/libflir_camera_msgs__rosidl_generator_py.so\n'}
[1.914638] (flir_camera_msgs) StdoutLine: {'line': b'-- Symlinking: /home/karthik/dds_ros2/flirCAMERA/flir_camera_driver/install/flir_camera_msgs/local/lib/python3.10/dist-packages/flir_camera_msgs/msg/__init__.py\n'}
[1.917851] (flir_camera_msgs) StdoutLine: {'line': b'-- Symlinking: /home/karthik/dds_ros2/flirCAMERA/flir_camera_driver/install/flir_camera_msgs/local/lib/python3.10/dist-packages/flir_camera_msgs/msg/_camera_control.py\n'}
[1.921355] (flir_camera_msgs) StdoutLine: {'line': b'-- Symlinking: /home/karthik/dds_ros2/flirCAMERA/flir_camera_driver/install/flir_camera_msgs/local/lib/python3.10/dist-packages/flir_camera_msgs/msg/_camera_control_s.c\n'}
[1.926041] (flir_camera_msgs) StdoutLine: {'line': b'-- Symlinking: /home/karthik/dds_ros2/flirCAMERA/flir_camera_driver/install/flir_camera_msgs/local/lib/python3.10/dist-packages/flir_camera_msgs/msg/_image_meta_data.py\n'}
[1.929683] (flir_camera_msgs) StdoutLine: {'line': b'-- Symlinking: /home/karthik/dds_ros2/flirCAMERA/flir_camera_driver/install/flir_camera_msgs/local/lib/python3.10/dist-packages/flir_camera_msgs/msg/_image_meta_data_s.c\n'}
[1.933791] (flir_camera_msgs) StdoutLine: {'line': b'-- Up-to-date symlink: /home/karthik/dds_ros2/flirCAMERA/flir_camera_driver/install/flir_camera_msgs/local/lib/python3.10/dist-packages/flir_camera_msgs/flir_camera_msgs_s__rosidl_typesupport_fastrtps_c.cpython-310-x86_64-linux-gnu.so\n'}
[1.933839] (flir_camera_msgs) StdoutLine: {'line': b'-- Up-to-date symlink: /home/karthik/dds_ros2/flirCAMERA/flir_camera_driver/install/flir_camera_msgs/local/lib/python3.10/dist-packages/flir_camera_msgs/flir_camera_msgs_s__rosidl_typesupport_introspection_c.cpython-310-x86_64-linux-gnu.so\n'}
[1.933876] (flir_camera_msgs) StdoutLine: {'line': b'-- Up-to-date symlink: /home/karthik/dds_ros2/flirCAMERA/flir_camera_driver/install/flir_camera_msgs/local/lib/python3.10/dist-packages/flir_camera_msgs/flir_camera_msgs_s__rosidl_typesupport_c.cpython-310-x86_64-linux-gnu.so\n'}
[1.933911] (flir_camera_msgs) StdoutLine: {'line': b'-- Symlinking: /home/karthik/dds_ros2/flirCAMERA/flir_camera_driver/install/flir_camera_msgs/share/flir_camera_msgs/msg/ImageMetaData.idl\n'}
[1.936737] (flir_camera_msgs) StdoutLine: {'line': b'-- Symlinking: /home/karthik/dds_ros2/flirCAMERA/flir_camera_driver/install/flir_camera_msgs/share/flir_camera_msgs/msg/CameraControl.idl\n'}
[1.940529] (flir_camera_msgs) StdoutLine: {'line': b'-- Symlinking: /home/karthik/dds_ros2/flirCAMERA/flir_camera_driver/install/flir_camera_msgs/share/flir_camera_msgs/msg/ImageMetaData.msg\n'}
[1.944347] (flir_camera_msgs) StdoutLine: {'line': b'-- Symlinking: /home/karthik/dds_ros2/flirCAMERA/flir_camera_driver/install/flir_camera_msgs/share/flir_camera_msgs/msg/CameraControl.msg\n'}
[1.948280] (flir_camera_msgs) StdoutLine: {'line': b'-- Symlinking: /home/karthik/dds_ros2/flirCAMERA/flir_camera_driver/install/flir_camera_msgs/share/ament_index/resource_index/package_run_dependencies/flir_camera_msgs\n'}
[1.952221] (flir_camera_msgs) StdoutLine: {'line': b'-- Symlinking: /home/karthik/dds_ros2/flirCAMERA/flir_camera_driver/install/flir_camera_msgs/share/ament_index/resource_index/parent_prefix_path/flir_camera_msgs\n'}
[1.956302] (flir_camera_msgs) StdoutLine: {'line': b'-- Symlinking: /home/karthik/dds_ros2/flirCAMERA/flir_camera_driver/install/flir_camera_msgs/share/flir_camera_msgs/environment/ament_prefix_path.sh\n'}
[1.960476] (flir_camera_msgs) StdoutLine: {'line': b'-- Symlinking: /home/karthik/dds_ros2/flirCAMERA/flir_camera_driver/install/flir_camera_msgs/share/flir_camera_msgs/environment/ament_prefix_path.dsv\n'}
[1.965563] (flir_camera_msgs) StdoutLine: {'line': b'-- Symlinking: /home/karthik/dds_ros2/flirCAMERA/flir_camera_driver/install/flir_camera_msgs/share/flir_camera_msgs/environment/path.sh\n'}
[1.969007] (flir_camera_msgs) StdoutLine: {'line': b'-- Symlinking: /home/karthik/dds_ros2/flirCAMERA/flir_camera_driver/install/flir_camera_msgs/share/flir_camera_msgs/environment/path.dsv\n'}
[1.972665] (flir_camera_msgs) StdoutLine: {'line': b'-- Symlinking: /home/karthik/dds_ros2/flirCAMERA/flir_camera_driver/install/flir_camera_msgs/share/flir_camera_msgs/local_setup.bash\n'}
[1.976058] (flir_camera_msgs) StdoutLine: {'line': b'-- Symlinking: /home/karthik/dds_ros2/flirCAMERA/flir_camera_driver/install/flir_camera_msgs/share/flir_camera_msgs/local_setup.sh\n'}
[1.979888] (flir_camera_msgs) StdoutLine: {'line': b'-- Symlinking: /home/karthik/dds_ros2/flirCAMERA/flir_camera_driver/install/flir_camera_msgs/share/flir_camera_msgs/local_setup.zsh\n'}
[1.983840] (flir_camera_msgs) StdoutLine: {'line': b'-- Symlinking: /home/karthik/dds_ros2/flirCAMERA/flir_camera_driver/install/flir_camera_msgs/share/flir_camera_msgs/local_setup.dsv\n'}
[1.987685] (flir_camera_msgs) StdoutLine: {'line': b'-- Symlinking: /home/karthik/dds_ros2/flirCAMERA/flir_camera_driver/install/flir_camera_msgs/share/flir_camera_msgs/package.dsv\n'}
[1.990970] (flir_camera_msgs) StdoutLine: {'line': b'-- Symlinking: /home/karthik/dds_ros2/flirCAMERA/flir_camera_driver/install/flir_camera_msgs/share/ament_index/resource_index/packages/flir_camera_msgs\n'}
[1.994924] (flir_camera_msgs) StdoutLine: {'line': b'-- Symlinking: /home/karthik/dds_ros2/flirCAMERA/flir_camera_driver/install/flir_camera_msgs/share/flir_camera_msgs/cmake/rosidl_cmake-extras.cmake\n'}
[1.998226] (flir_camera_msgs) StdoutLine: {'line': b'-- Symlinking: /home/karthik/dds_ros2/flirCAMERA/flir_camera_driver/install/flir_camera_msgs/share/flir_camera_msgs/cmake/ament_cmake_export_dependencies-extras.cmake\n'}
[2.001413] (-) TimerEvent: {}
[2.001921] (flir_camera_msgs) StdoutLine: {'line': b'-- Symlinking: /home/karthik/dds_ros2/flirCAMERA/flir_camera_driver/install/flir_camera_msgs/share/flir_camera_msgs/cmake/ament_cmake_export_include_directories-extras.cmake\n'}
[2.005687] (flir_camera_msgs) StdoutLine: {'line': b'-- Symlinking: /home/karthik/dds_ros2/flirCAMERA/flir_camera_driver/install/flir_camera_msgs/share/flir_camera_msgs/cmake/ament_cmake_export_libraries-extras.cmake\n'}
[2.009851] (flir_camera_msgs) StdoutLine: {'line': b'-- Symlinking: /home/karthik/dds_ros2/flirCAMERA/flir_camera_driver/install/flir_camera_msgs/share/flir_camera_msgs/cmake/ament_cmake_export_targets-extras.cmake\n'}
[2.014852] (flir_camera_msgs) StdoutLine: {'line': b'-- Symlinking: /home/karthik/dds_ros2/flirCAMERA/flir_camera_driver/install/flir_camera_msgs/share/flir_camera_msgs/cmake/rosidl_cmake_export_typesupport_targets-extras.cmake\n'}
[2.018039] (flir_camera_msgs) StdoutLine: {'line': b'-- Symlinking: /home/karthik/dds_ros2/flirCAMERA/flir_camera_driver/install/flir_camera_msgs/share/flir_camera_msgs/cmake/rosidl_cmake_export_typesupport_libraries-extras.cmake\n'}
[2.021914] (flir_camera_msgs) StdoutLine: {'line': b'-- Symlinking: /home/karthik/dds_ros2/flirCAMERA/flir_camera_driver/install/flir_camera_msgs/share/flir_camera_msgs/cmake/flir_camera_msgsConfig.cmake\n'}
[2.025364] (flir_camera_msgs) StdoutLine: {'line': b'-- Symlinking: /home/karthik/dds_ros2/flirCAMERA/flir_camera_driver/install/flir_camera_msgs/share/flir_camera_msgs/cmake/flir_camera_msgsConfig-version.cmake\n'}
[2.029003] (flir_camera_msgs) StdoutLine: {'line': b'-- Symlinking: /home/karthik/dds_ros2/flirCAMERA/flir_camera_driver/install/flir_camera_msgs/share/flir_camera_msgs/package.xml\n'}
[2.032865] (flir_camera_msgs) StdoutLine: {'line': b'-- Installing: /home/karthik/dds_ros2/flirCAMERA/flir_camera_driver/install/flir_camera_msgs/lib/libflir_camera_msgs__rosidl_generator_c.so\n'}
[2.033110] (flir_camera_msgs) StdoutLine: {'line': b'-- Set runtime path of "/home/karthik/dds_ros2/flirCAMERA/flir_camera_driver/install/flir_camera_msgs/lib/libflir_camera_msgs__rosidl_generator_c.so" to ""\n'}
[2.033183] (flir_camera_msgs) StdoutLine: {'line': b'-- Installing: /home/karthik/dds_ros2/flirCAMERA/flir_camera_driver/install/flir_camera_msgs/lib/libflir_camera_msgs__rosidl_typesupport_fastrtps_c.so\n'}
[2.033265] (flir_camera_msgs) StdoutLine: {'line': b'-- Set runtime path of "/home/karthik/dds_ros2/flirCAMERA/flir_camera_driver/install/flir_camera_msgs/lib/libflir_camera_msgs__rosidl_typesupport_fastrtps_c.so" to ""\n'}
[2.033304] (flir_camera_msgs) StdoutLine: {'line': b'-- Installing: /home/karthik/dds_ros2/flirCAMERA/flir_camera_driver/install/flir_camera_msgs/lib/libflir_camera_msgs__rosidl_typesupport_fastrtps_cpp.so\n'}
[2.033377] (flir_camera_msgs) StdoutLine: {'line': b'-- Set runtime path of "/home/karthik/dds_ros2/flirCAMERA/flir_camera_driver/install/flir_camera_msgs/lib/libflir_camera_msgs__rosidl_typesupport_fastrtps_cpp.so" to ""\n'}
[2.033419] (flir_camera_msgs) StdoutLine: {'line': b'-- Installing: /home/karthik/dds_ros2/flirCAMERA/flir_camera_driver/install/flir_camera_msgs/lib/libflir_camera_msgs__rosidl_typesupport_introspection_c.so\n'}
[2.033485] (flir_camera_msgs) StdoutLine: {'line': b'-- Set runtime path of "/home/karthik/dds_ros2/flirCAMERA/flir_camera_driver/install/flir_camera_msgs/lib/libflir_camera_msgs__rosidl_typesupport_introspection_c.so" to ""\n'}
[2.033557] (flir_camera_msgs) StdoutLine: {'line': b'-- Installing: /home/karthik/dds_ros2/flirCAMERA/flir_camera_driver/install/flir_camera_msgs/lib/libflir_camera_msgs__rosidl_typesupport_c.so\n'}
[2.033647] (flir_camera_msgs) StdoutLine: {'line': b'-- Set runtime path of "/home/karthik/dds_ros2/flirCAMERA/flir_camera_driver/install/flir_camera_msgs/lib/libflir_camera_msgs__rosidl_typesupport_c.so" to ""\n'}
[2.033688] (flir_camera_msgs) StdoutLine: {'line': b'-- Installing: /home/karthik/dds_ros2/flirCAMERA/flir_camera_driver/install/flir_camera_msgs/lib/libflir_camera_msgs__rosidl_typesupport_introspection_cpp.so\n'}
[2.033725] (flir_camera_msgs) StdoutLine: {'line': b'-- Set runtime path of "/home/karthik/dds_ros2/flirCAMERA/flir_camera_driver/install/flir_camera_msgs/lib/libflir_camera_msgs__rosidl_typesupport_introspection_cpp.so" to ""\n'}
[2.033762] (flir_camera_msgs) StdoutLine: {'line': b'-- Installing: /home/karthik/dds_ros2/flirCAMERA/flir_camera_driver/install/flir_camera_msgs/lib/libflir_camera_msgs__rosidl_typesupport_cpp.so\n'}
[2.033826] (flir_camera_msgs) StdoutLine: {'line': b'-- Set runtime path of "/home/karthik/dds_ros2/flirCAMERA/flir_camera_driver/install/flir_camera_msgs/lib/libflir_camera_msgs__rosidl_typesupport_cpp.so" to ""\n'}
[2.049837] (flir_camera_msgs) StdoutLine: {'line': b"Listing '/home/karthik/dds_ros2/flirCAMERA/flir_camera_driver/install/flir_camera_msgs/local/lib/python3.10/dist-packages/flir_camera_msgs'...\n"}
[2.049987] (flir_camera_msgs) StdoutLine: {'line': b"Compiling '/home/karthik/dds_ros2/flirCAMERA/flir_camera_driver/install/flir_camera_msgs/local/lib/python3.10/dist-packages/flir_camera_msgs/__init__.py'...\n"}
[2.050039] (flir_camera_msgs) StdoutLine: {'line': b"Listing '/home/karthik/dds_ros2/flirCAMERA/flir_camera_driver/install/flir_camera_msgs/local/lib/python3.10/dist-packages/flir_camera_msgs/msg'...\n"}
[2.050086] (flir_camera_msgs) StdoutLine: {'line': b"Compiling '/home/karthik/dds_ros2/flirCAMERA/flir_camera_driver/install/flir_camera_msgs/local/lib/python3.10/dist-packages/flir_camera_msgs/msg/__init__.py'...\n"}
[2.050123] (flir_camera_msgs) StdoutLine: {'line': b"Compiling '/home/karthik/dds_ros2/flirCAMERA/flir_camera_driver/install/flir_camera_msgs/local/lib/python3.10/dist-packages/flir_camera_msgs/msg/_camera_control.py'...\n"}
[2.050170] (flir_camera_msgs) StdoutLine: {'line': b"Compiling '/home/karthik/dds_ros2/flirCAMERA/flir_camera_driver/install/flir_camera_msgs/local/lib/python3.10/dist-packages/flir_camera_msgs/msg/_image_meta_data.py'...\n"}
[2.052167] (flir_camera_msgs) StdoutLine: {'line': b'-- Installing: /home/karthik/dds_ros2/flirCAMERA/flir_camera_driver/install/flir_camera_msgs/lib/libflir_camera_msgs__rosidl_generator_py.so\n'}
[2.052367] (flir_camera_msgs) StdoutLine: {'line': b'-- Set runtime path of "/home/karthik/dds_ros2/flirCAMERA/flir_camera_driver/install/flir_camera_msgs/lib/libflir_camera_msgs__rosidl_generator_py.so" to ""\n'}
[2.052444] (flir_camera_msgs) StdoutLine: {'line': b'-- Installing: /home/karthik/dds_ros2/flirCAMERA/flir_camera_driver/install/flir_camera_msgs/share/flir_camera_msgs/cmake/export_flir_camera_msgs__rosidl_generator_cExport.cmake\n'}
[2.052513] (flir_camera_msgs) StdoutLine: {'line': b'-- Installing: /home/karthik/dds_ros2/flirCAMERA/flir_camera_driver/install/flir_camera_msgs/share/flir_camera_msgs/cmake/export_flir_camera_msgs__rosidl_generator_cExport-noconfig.cmake\n'}
[2.052552] (flir_camera_msgs) StdoutLine: {'line': b'-- Installing: /home/karthik/dds_ros2/flirCAMERA/flir_camera_driver/install/flir_camera_msgs/share/flir_camera_msgs/cmake/export_flir_camera_msgs__rosidl_typesupport_fastrtps_cExport.cmake\n'}
[2.052601] (flir_camera_msgs) StdoutLine: {'line': b'-- Installing: /home/karthik/dds_ros2/flirCAMERA/flir_camera_driver/install/flir_camera_msgs/share/flir_camera_msgs/cmake/export_flir_camera_msgs__rosidl_typesupport_fastrtps_cExport-noconfig.cmake\n'}
[2.052674] (flir_camera_msgs) StdoutLine: {'line': b'-- Installing: /home/karthik/dds_ros2/flirCAMERA/flir_camera_driver/install/flir_camera_msgs/share/flir_camera_msgs/cmake/export_flir_camera_msgs__rosidl_generator_cppExport.cmake\n'}
[2.052752] (flir_camera_msgs) StdoutLine: {'line': b'-- Installing: /home/karthik/dds_ros2/flirCAMERA/flir_camera_driver/install/flir_camera_msgs/share/flir_camera_msgs/cmake/export_flir_camera_msgs__rosidl_typesupport_fastrtps_cppExport.cmake\n'}
[2.052821] (flir_camera_msgs) StdoutLine: {'line': b'-- Installing: /home/karthik/dds_ros2/flirCAMERA/flir_camera_driver/install/flir_camera_msgs/share/flir_camera_msgs/cmake/export_flir_camera_msgs__rosidl_typesupport_fastrtps_cppExport-noconfig.cmake\n'}
[2.052896] (flir_camera_msgs) StdoutLine: {'line': b'-- Installing: /home/karthik/dds_ros2/flirCAMERA/flir_camera_driver/install/flir_camera_msgs/share/flir_camera_msgs/cmake/flir_camera_msgs__rosidl_typesupport_introspection_cExport.cmake\n'}
[2.052967] (flir_camera_msgs) StdoutLine: {'line': b'-- Installing: /home/karthik/dds_ros2/flirCAMERA/flir_camera_driver/install/flir_camera_msgs/share/flir_camera_msgs/cmake/flir_camera_msgs__rosidl_typesupport_introspection_cExport-noconfig.cmake\n'}
[2.053043] (flir_camera_msgs) StdoutLine: {'line': b'-- Installing: /home/karthik/dds_ros2/flirCAMERA/flir_camera_driver/install/flir_camera_msgs/share/flir_camera_msgs/cmake/flir_camera_msgs__rosidl_typesupport_cExport.cmake\n'}
[2.053112] (flir_camera_msgs) StdoutLine: {'line': b'-- Installing: /home/karthik/dds_ros2/flirCAMERA/flir_camera_driver/install/flir_camera_msgs/share/flir_camera_msgs/cmake/flir_camera_msgs__rosidl_typesupport_cExport-noconfig.cmake\n'}
[2.053186] (flir_camera_msgs) StdoutLine: {'line': b'-- Installing: /home/karthik/dds_ros2/flirCAMERA/flir_camera_driver/install/flir_camera_msgs/share/flir_camera_msgs/cmake/flir_camera_msgs__rosidl_typesupport_introspection_cppExport.cmake\n'}
[2.053234] (flir_camera_msgs) StdoutLine: {'line': b'-- Installing: /home/karthik/dds_ros2/flirCAMERA/flir_camera_driver/install/flir_camera_msgs/share/flir_camera_msgs/cmake/flir_camera_msgs__rosidl_typesupport_introspection_cppExport-noconfig.cmake\n'}
[2.053282] (flir_camera_msgs) StdoutLine: {'line': b'-- Installing: /home/karthik/dds_ros2/flirCAMERA/flir_camera_driver/install/flir_camera_msgs/share/flir_camera_msgs/cmake/flir_camera_msgs__rosidl_typesupport_cppExport.cmake\n'}
[2.053331] (flir_camera_msgs) StdoutLine: {'line': b'-- Installing: /home/karthik/dds_ros2/flirCAMERA/flir_camera_driver/install/flir_camera_msgs/share/flir_camera_msgs/cmake/flir_camera_msgs__rosidl_typesupport_cppExport-noconfig.cmake\n'}
[2.053378] (flir_camera_msgs) StdoutLine: {'line': b'-- Installing: /home/karthik/dds_ros2/flirCAMERA/flir_camera_driver/install/flir_camera_msgs/share/flir_camera_msgs/cmake/export_flir_camera_msgs__rosidl_generator_pyExport.cmake\n'}
[2.053426] (flir_camera_msgs) StdoutLine: {'line': b'-- Installing: /home/karthik/dds_ros2/flirCAMERA/flir_camera_driver/install/flir_camera_msgs/share/flir_camera_msgs/cmake/export_flir_camera_msgs__rosidl_generator_pyExport-noconfig.cmake\n'}
[2.054958] (flir_camera_msgs) CommandEnded: {'returncode': 0}
[2.063465] (flir_camera_msgs) JobEnded: {'identifier': 'flir_camera_msgs', 'rc': 0}
[2.063905] (spinnaker_camera_driver) JobStarted: {'identifier': 'spinnaker_camera_driver'}
[2.068944] (spinnaker_camera_driver) JobProgress: {'identifier': 'spinnaker_camera_driver', 'progress': 'cmake'}
[2.069633] (spinnaker_camera_driver) Command: {'cmd': ['/usr/bin/cmake', '/home/karthik/dds_ros2/flirCAMERA/flir_camera_driver/spinnaker_camera_driver', '-DAMENT_CMAKE_SYMLINK_INSTALL=1', '-DCMAKE_INSTALL_PREFIX=/home/karthik/dds_ros2/flirCAMERA/flir_camera_driver/install/spinnaker_camera_driver'], 'cwd': '/home/karthik/dds_ros2/flirCAMERA/flir_camera_driver/build/spinnaker_camera_driver', 'env': OrderedDict([('GJS_DEBUG_TOPICS', 'JS ERROR;JS LOG'), ('PYTHON_BASIC_REPL', '1'), ('LESSOPEN', '| /usr/bin/lesspipe %s'), ('USER', 'karthik'), ('LC_TIME', 'de_DE.UTF-8'), ('XDG_SESSION_TYPE', 'x11'), ('GIT_ASKPASS', '/usr/share/antigravity/resources/app/extensions/git/dist/askpass.sh'), ('SHLVL', '2'), ('LD_LIBRARY_PATH', '/home/karthik/dds_ros2/flirCAMERA/flir_camera_driver/install/flir_camera_msgs/lib:/home/karthik/dds_ros2/flirCAMERA/flir_camera_driver/install/spinnaker_camera_driver/lib:/opt/ros/humble/opt/rviz_ogre_vendor/lib:/opt/ros/humble/lib/x86_64-linux-gnu:/opt/ros/humble/lib'), ('ANTIGRAVITY_CLI_ALIAS', 'agy'), ('HOME', '/home/karthik'), ('CHROME_DESKTOP', 'antigravity.desktop'), ('OLDPWD', '/home/karthik/dds_ros2/flirCAMERA/flir_camera_driver'), ('TERM_PROGRAM_VERSION', '1.104.0'), ('DESKTOP_SESSION', 'ubuntu'), ('GIO_LAUNCHED_DESKTOP_FILE', '/usr/share/applications/antigravity.desktop'), ('ROS_PYTHON_VERSION', '3'), ('GNOME_SHELL_SESSION_MODE', 'ubuntu'), ('GTK_MODULES', 'gail:atk-bridge'), ('VSCODE_GIT_ASKPASS_MAIN', '/usr/share/antigravity/resources/app/extensions/git/dist/askpass-main.js'), ('LC_MONETARY', 'de_DE.UTF-8'), ('VSCODE_GIT_ASKPASS_NODE', '/usr/share/antigravity/antigravity'), ('MANAGERPID', '3174'), ('PYDEVD_DISABLE_FILE_VALIDATION', '1'), ('SYSTEMD_EXEC_PID', '3437'), ('BUNDLED_DEBUGPY_PATH', '/home/karthik/.antigravity/extensions/ms-python.debugpy-2025.18.0-linux-x64/bundled/libs/debugpy'), ('VSCODE_PYTHON_AUTOACTIVATE_GUARD', '1'), ('DBUS_SESSION_BUS_ADDRESS', 'unix:path=/run/user/1000/bus'), ('COLORTERM', 'truecolor'), ('GIO_LAUNCHED_DESKTOP_FILE_PID', '5610'), ('COLCON_PREFIX_PATH', '/home/karthik/dds_ros2/flirCAMERA/flir_camera_driver/install'), ('ROS_DISTRO', 'humble'), ('GTK_IM_MODULE', 'ibus'), ('LOGNAME', 'karthik'), ('JOURNAL_STREAM', '8:80912'), ('_', '/usr/bin/colcon'), ('ROS_VERSION', '2'), ('XDG_SESSION_CLASS', 'user'), ('USERNAME', 'karthik'), ('TERM', 'xterm-256color'), ('GNOME_DESKTOP_SESSION_ID', 'this-is-deprecated'), ('ROS_LOCALHOST_ONLY', '0'), ('WINDOWPATH', '2'), ('PATH', '/opt/ros/humble/bin:/home/karthik/.local/bin:/home/karthik/.local/bin:/opt/spinnaker/bin:/usr/local/sbin:/usr/local/bin:/usr/sbin:/usr/bin:/sbin:/bin:/usr/games:/usr/local/games:/snap/bin:/snap/bin:/home/karthik/.antigravity/extensions/ms-python.debugpy-2025.18.0-linux-x64/bundled/scripts/noConfigScripts'), ('SESSION_MANAGER', 'local/Karthik:@/tmp/.ICE-unix/3414,unix/Karthik:/tmp/.ICE-unix/3414'), ('INVOCATION_ID', '8c000bce77184e7abaf8e7054f526e83'), ('XDG_MENU_PREFIX', 'gnome-'), ('LC_ADDRESS', 'de_DE.UTF-8'), ('XDG_RUNTIME_DIR', '/run/user/1000'), ('GDK_BACKEND', 'x11'), ('SPINNAKER_GENTL64_CTI', '/opt/spinnaker/lib/spinnaker-gentl/Spinnaker_GenTL.cti'), ('DISPLAY', ':1'), ('VSCODE_DEBUGPY_ADAPTER_ENDPOINTS', '/home/karthik/.antigravity/extensions/ms-python.debugpy-2025.18.0-linux-x64/.noConfigDebugAdapterEndpoints/endpoint-f3ee66c29dd09338.txt'), ('LANG', 'en_US.UTF-8'), ('XDG_CURRENT_DESKTOP', 'Unity'), ('PYTHONSTARTUP', '/home/karthik/.config/Antigravity/User/workspaceStorage/d88c120b86d835b02216619077cb693b/ms-python.python/pythonrc.py'), ('LC_TELEPHONE', 'de_DE.UTF-8'), ('XMODIFIERS', '@im=ibus'), ('XDG_SESSION_DESKTOP', 'ubuntu'), ('XAUTHORITY', '/run/user/1000/gdm/Xauthority'), ('LS_COLORS', 'rs=0:di=01;34:ln=01;36:mh=00:pi=40;33:so=01;35:do=01;35:bd=40;33;01:cd=40;33;01:or=40;31;01:mi=00:su=37;41:sg=30;43:ca=30;41:tw=30;42:ow=34;42:st=37;44:ex=01;32:*.tar=01;31:*.tgz=01;31:*.arc=01;31:*.arj=01;31:*.taz=01;31:*.lha=01;31:*.lz4=01;31:*.lzh=01;31:*.lzma=01;31:*.tlz=01;31:*.txz=01;31:*.tzo=01;31:*.t7z=01;31:*.zip=01;31:*.z=01;31:*.dz=01;31:*.gz=01;31:*.lrz=01;31:*.lz=01;31:*.lzo=01;31:*.xz=01;31:*.zst=01;31:*.tzst=01;31:*.bz2=01;31:*.bz=01;31:*.tbz=01;31:*.tbz2=01;31:*.tz=01;31:*.deb=01;31:*.rpm=01;31:*.jar=01;31:*.war=01;31:*.ear=01;31:*.sar=01;31:*.rar=01;31:*.alz=01;31:*.ace=01;31:*.zoo=01;31:*.cpio=01;31:*.7z=01;31:*.rz=01;31:*.cab=01;31:*.wim=01;31:*.swm=01;31:*.dwm=01;31:*.esd=01;31:*.jpg=01;35:*.jpeg=01;35:*.mjpg=01;35:*.mjpeg=01;35:*.gif=01;35:*.bmp=01;35:*.pbm=01;35:*.pgm=01;35:*.ppm=01;35:*.tga=01;35:*.xbm=01;35:*.xpm=01;35:*.tif=01;35:*.tiff=01;35:*.png=01;35:*.svg=01;35:*.svgz=01;35:*.mng=01;35:*.pcx=01;35:*.mov=01;35:*.mpg=01;35:*.mpeg=01;35:*.m2v=01;35:*.mkv=01;35:*.webm=01;35:*.webp=01;35:*.ogm=01;35:*.mp4=01;35:*.m4v=01;35:*.mp4v=01;35:*.vob=01;35:*.qt=01;35:*.nuv=01;35:*.wmv=01;35:*.asf=01;35:*.rm=01;35:*.rmvb=01;35:*.flc=01;35:*.avi=01;35:*.fli=01;35:*.flv=01;35:*.gl=01;35:*.dl=01;35:*.xcf=01;35:*.xwd=01;35:*.yuv=01;35:*.cgm=01;35:*.emf=01;35:*.ogv=01;35:*.ogx=01;35:*.aac=00;36:*.au=00;36:*.flac=00;36:*.m4a=00;36:*.mid=00;36:*.midi=00;36:*.mka=00;36:*.mp3=00;36:*.mpc=00;36:*.ogg=00;36:*.ra=00;36:*.wav=00;36:*.oga=00;36:*.opus=00;36:*.spx=00;36:*.xspf=00;36:'), ('VSCODE_GIT_IPC_HANDLE', '/run/user/1000/vscode-git-305ff7234e.sock'), ('TERM_PROGRAM', 'vscode'), ('SSH_AGENT_LAUNCHER', 'gnome-keyring'), ('SSH_AUTH_SOCK', '/run/user/1000/keyring/ssh'), ('AMENT_PREFIX_PATH', '/home/karthik/dds_ros2/flirCAMERA/flir_camera_driver/install/spinnaker_camera_driver:/home/karthik/dds_ros2/flirCAMERA/flir_camera_driver/install/flir_camera_msgs:/opt/ros/humble'), ('ORIGINAL_XDG_CURRENT_DESKTOP', 'ubuntu:GNOME'), ('SHELL', '/bin/bash'), ('LC_NAME', 'de_DE.UTF-8'), ('QT_ACCESSIBILITY', '1'), ('GDMSESSION', 'ubuntu'), ('LESSCLOSE', '/usr/bin/lesspipe %s %s'), ('LC_MEASUREMENT', 'de_DE.UTF-8'), ('GPG_AGENT_INFO', '/run/user/1000/gnupg/S.gpg-agent:0:1'), ('GJS_DEBUG_OUTPUT', 'stderr'), ('LC_IDENTIFICATION', 'de_DE.UTF-8'), ('VSCODE_GIT_ASKPASS_EXTRA_ARGS', ''), ('QT_IM_MODULE', 'ibus'), ('PWD', '/home/karthik/dds_ros2/flirCAMERA/flir_camera_driver/build/spinnaker_camera_driver'), ('LC_ALL', 'en_US.UTF-8'), ('XDG_CONFIG_DIRS', '/etc/xdg/xdg-ubuntu:/etc/xdg'), ('XDG_DATA_DIRS', '/usr/share/ubuntu:/usr/share/gnome:/usr/local/share/:/usr/share/:/var/lib/snapd/desktop'), ('PYTHONPATH', '/home/karthik/dds_ros2/flirCAMERA/flir_camera_driver/install/flir_camera_msgs/local/lib/python3.10/dist-packages:/opt/ros/humble/lib/python3.10/site-packages:/opt/ros/humble/local/lib/python3.10/dist-packages'), ('LC_NUMERIC', 'de_DE.UTF-8'), ('LC_PAPER', 'de_DE.UTF-8'), ('COLCON', '1'), ('GENICAM_GENTL64_PATH', '/opt/spinnaker/lib/spinnaker-gentl'), ('CMAKE_PREFIX_PATH', '/home/karthik/dds_ros2/flirCAMERA/flir_camera_driver/install/flir_camera_msgs:/home/karthik/dds_ros2/flirCAMERA/flir_camera_driver/install/spinnaker_camera_driver:/opt/ros/humble')]), 'shell': False}
[2.097572] (spinnaker_camera_driver) StdoutLine: {'line': b'-- The C compiler identification is GNU 11.4.0\n'}
[2.101474] (-) TimerEvent: {}
[2.124638] (spinnaker_camera_driver) StdoutLine: {'line': b'-- The CXX compiler identification is GNU 11.4.0\n'}
[2.128506] (spinnaker_camera_driver) StdoutLine: {'line': b'-- Detecting C compiler ABI info\n'}
[2.162220] (spinnaker_camera_driver) StdoutLine: {'line': b'-- Detecting C compiler ABI info - done\n'}
[2.165553] (spinnaker_camera_driver) StdoutLine: {'line': b'-- Check for working C compiler: /usr/bin/cc - skipped\n'}
[2.165707] (spinnaker_camera_driver) StdoutLine: {'line': b'-- Detecting C compile features\n'}
[2.165899] (spinnaker_camera_driver) StdoutLine: {'line': b'-- Detecting C compile features - done\n'}
[2.167314] (spinnaker_camera_driver) StdoutLine: {'line': b'-- Detecting CXX compiler ABI info\n'}
[2.201552] (-) TimerEvent: {}
[2.206451] (spinnaker_camera_driver) StdoutLine: {'line': b'-- Detecting CXX compiler ABI info - done\n'}
[2.210307] (spinnaker_camera_driver) StdoutLine: {'line': b'-- Check for working CXX compiler: /usr/bin/c++ - skipped\n'}
[2.210459] (spinnaker_camera_driver) StdoutLine: {'line': b'-- Detecting CXX compile features\n'}
[2.210702] (spinnaker_camera_driver) StdoutLine: {'line': b'-- Detecting CXX compile features - done\n'}
[2.212422] (spinnaker_camera_driver) StdoutLine: {'line': b'-- Found inc dir: /opt/spinnaker/include\n'}
[2.212529] (spinnaker_camera_driver) StdoutLine: {'line': b'-- Found variable: TRUE at /opt/spinnaker/lib/libSpinnaker.so and /opt/spinnaker/include\n'}
[2.212615] (spinnaker_camera_driver) StdoutLine: {'line': b'-- spinnaker SDK found installed\n'}
[2.212656] (spinnaker_camera_driver) StdoutLine: {'line': b'-- libSpinnaker library location: /opt/spinnaker/lib/libSpinnaker.so\n'}
[2.212693] (spinnaker_camera_driver) StdoutLine: {'line': b'-- libSpinnaker include location: /opt/spinnaker/include\n'}
[2.212884] (spinnaker_camera_driver) StdoutLine: {'line': b'-- Found inc dir: /opt/spinnaker/include\n'}
[2.212953] (spinnaker_camera_driver) StdoutLine: {'line': b'-- Found SPINNAKER: /opt/spinnaker/include  \n'}
[2.213587] (spinnaker_camera_driver) StdoutLine: {'line': b'-- Found ament_cmake: 1.3.12 (/opt/ros/humble/share/ament_cmake/cmake)\n'}
[2.289423] (spinnaker_camera_driver) StdoutLine: {'line': b'-- Found Python3: /usr/bin/python3 (found version "3.10.12") found components: Interpreter \n'}
[2.301615] (-) TimerEvent: {}
[2.319193] (spinnaker_camera_driver) StdoutLine: {'line': b'-- Override CMake install command with custom implementation using symlinks instead of copying resources\n'}
[2.328780] (spinnaker_camera_driver) StdoutLine: {'line': b'-- Found ament_cmake_ros: 0.10.0 (/opt/ros/humble/share/ament_cmake_ros/cmake)\n'}
[2.331378] (spinnaker_camera_driver) StdoutLine: {'line': b'-- Found camera_info_manager: 3.1.12 (/opt/ros/humble/share/camera_info_manager/cmake)\n'}
[2.348330] (spinnaker_camera_driver) StdoutLine: {'line': b'-- Found rosidl_generator_c: 3.1.7 (/opt/ros/humble/share/rosidl_generator_c/cmake)\n'}
[2.349998] (spinnaker_camera_driver) StdoutLine: {'line': b'-- Found rosidl_adapter: 3.1.7 (/opt/ros/humble/share/rosidl_adapter/cmake)\n'}
[2.353114] (spinnaker_camera_driver) StdoutLine: {'line': b'-- Found rosidl_generator_cpp: 3.1.7 (/opt/ros/humble/share/rosidl_generator_cpp/cmake)\n'}
[2.357632] (spinnaker_camera_driver) StdoutLine: {'line': b'-- Using all available rosidl_typesupport_c: rosidl_typesupport_fastrtps_c;rosidl_typesupport_introspection_c\n'}
[2.363549] (spinnaker_camera_driver) StdoutLine: {'line': b'-- Using all available rosidl_typesupport_cpp: rosidl_typesupport_fastrtps_cpp;rosidl_typesupport_introspection_cpp\n'}
[2.380304] (spinnaker_camera_driver) StdoutLine: {'line': b'-- Found rmw_implementation_cmake: 6.1.2 (/opt/ros/humble/share/rmw_implementation_cmake/cmake)\n'}
[2.381151] (spinnaker_camera_driver) StdoutLine: {'line': b'-- Found rmw_fastrtps_cpp: 6.2.9 (/opt/ros/humble/share/rmw_fastrtps_cpp/cmake)\n'}
[2.401697] (-) TimerEvent: {}
[2.428905] (spinnaker_camera_driver) StdoutLine: {'line': b'-- Found OpenSSL: /usr/lib/x86_64-linux-gnu/libcrypto.so (found version "3.0.2")  \n'}
[2.443304] (spinnaker_camera_driver) StdoutLine: {'line': b'-- Found FastRTPS: /opt/ros/humble/include  \n'}
[2.465699] (spinnaker_camera_driver) StdoutLine: {'line': b"-- Using RMW implementation 'rmw_fastrtps_cpp' as default\n"}
[2.469071] (spinnaker_camera_driver) StdoutLine: {'line': b'-- Looking for pthread.h\n'}
[2.501779] (-) TimerEvent: {}
[2.505900] (spinnaker_camera_driver) StdoutLine: {'line': b'-- Looking for pthread.h - found\n'}
[2.506046] (spinnaker_camera_driver) StdoutLine: {'line': b'-- Performing Test CMAKE_HAVE_LIBC_PTHREAD\n'}
[2.542141] (spinnaker_camera_driver) StdoutLine: {'line': b'-- Performing Test CMAKE_HAVE_LIBC_PTHREAD - Success\n'}
[2.542760] (spinnaker_camera_driver) StdoutLine: {'line': b'-- Found Threads: TRUE  \n'}
[2.581130] (spinnaker_camera_driver) StdoutLine: {'line': b'-- Found diagnostic_updater: 4.0.6 (/opt/ros/humble/share/diagnostic_updater/cmake)\n'}
[2.587990] (spinnaker_camera_driver) StdoutLine: {'line': b'-- Found flir_camera_msgs: 2.0.8 (/home/karthik/dds_ros2/flirCAMERA/flir_camera_driver/install/flir_camera_msgs/share/flir_camera_msgs/cmake)\n'}
[2.593603] (spinnaker_camera_driver) StdoutLine: {'line': b'-- Found image_transport: 3.1.12 (/opt/ros/humble/share/image_transport/cmake)\n'}
[2.601859] (-) TimerEvent: {}
[2.605482] (spinnaker_camera_driver) StdoutLine: {'line': b'-- Found rclcpp_components: 16.0.16 (/opt/ros/humble/share/rclcpp_components/cmake)\n'}
[2.613486] (spinnaker_camera_driver) StdoutLine: {'line': b'-- Found ament_cmake_copyright: 0.12.14 (/opt/ros/humble/share/ament_cmake_copyright/cmake)\n'}
[2.614020] (spinnaker_camera_driver) StdoutLine: {'line': b'-- Found ament_cmake_cppcheck: 0.12.14 (/opt/ros/humble/share/ament_cmake_cppcheck/cmake)\n'}
[2.614508] (spinnaker_camera_driver) StdoutLine: {'line': b'-- Found ament_cmake_cpplint: 0.12.14 (/opt/ros/humble/share/ament_cmake_cpplint/cmake)\n'}
[2.615000] (spinnaker_camera_driver) StdoutLine: {'line': b'-- Found ament_cmake_flake8: 0.12.14 (/opt/ros/humble/share/ament_cmake_flake8/cmake)\n'}
[2.615485] (spinnaker_camera_driver) StdoutLine: {'line': b'-- Found ament_cmake_lint_cmake: 0.12.14 (/opt/ros/humble/share/ament_cmake_lint_cmake/cmake)\n'}
[2.615956] (spinnaker_camera_driver) StdoutLine: {'line': b'-- Found ament_cmake_pep257: 0.12.14 (/opt/ros/humble/share/ament_cmake_pep257/cmake)\n'}
[2.616411] (spinnaker_camera_driver) StdoutLine: {'line': b'-- Found ament_cmake_clang_format: 0.12.14 (/opt/ros/humble/share/ament_cmake_clang_format/cmake)\n'}
[2.616867] (spinnaker_camera_driver) StdoutLine: {'line': b'-- Found ament_cmake_xmllint: 0.12.14 (/opt/ros/humble/share/ament_cmake_xmllint/cmake)\n'}
[2.656186] (spinnaker_camera_driver) StdoutLine: {'line': b'-- Configuring done\n'}
[2.662890] (spinnaker_camera_driver) StdoutLine: {'line': b'-- Generating done\n'}
[2.665112] (spinnaker_camera_driver) StdoutLine: {'line': b'-- Build files have been written to: /home/karthik/dds_ros2/flirCAMERA/flir_camera_driver/build/spinnaker_camera_driver\n'}
[2.672306] (spinnaker_camera_driver) CommandEnded: {'returncode': 0}
[2.672934] (spinnaker_camera_driver) JobProgress: {'identifier': 'spinnaker_camera_driver', 'progress': 'build'}
[2.673351] (spinnaker_camera_driver) Command: {'cmd': ['/usr/bin/cmake', '--build', '/home/karthik/dds_ros2/flirCAMERA/flir_camera_driver/build/spinnaker_camera_driver', '--', '-j128', '-l128'], 'cwd': '/home/karthik/dds_ros2/flirCAMERA/flir_camera_driver/build/spinnaker_camera_driver', 'env': OrderedDict([('GJS_DEBUG_TOPICS', 'JS ERROR;JS LOG'), ('PYTHON_BASIC_REPL', '1'), ('LESSOPEN', '| /usr/bin/lesspipe %s'), ('USER', 'karthik'), ('LC_TIME', 'de_DE.UTF-8'), ('XDG_SESSION_TYPE', 'x11'), ('GIT_ASKPASS', '/usr/share/antigravity/resources/app/extensions/git/dist/askpass.sh'), ('SHLVL', '2'), ('LD_LIBRARY_PATH', '/home/karthik/dds_ros2/flirCAMERA/flir_camera_driver/install/flir_camera_msgs/lib:/home/karthik/dds_ros2/flirCAMERA/flir_camera_driver/install/spinnaker_camera_driver/lib:/opt/ros/humble/opt/rviz_ogre_vendor/lib:/opt/ros/humble/lib/x86_64-linux-gnu:/opt/ros/humble/lib'), ('ANTIGRAVITY_CLI_ALIAS', 'agy'), ('HOME', '/home/karthik'), ('CHROME_DESKTOP', 'antigravity.desktop'), ('OLDPWD', '/home/karthik/dds_ros2/flirCAMERA/flir_camera_driver'), ('TERM_PROGRAM_VERSION', '1.104.0'), ('DESKTOP_SESSION', 'ubuntu'), ('GIO_LAUNCHED_DESKTOP_FILE', '/usr/share/applications/antigravity.desktop'), ('ROS_PYTHON_VERSION', '3'), ('GNOME_SHELL_SESSION_MODE', 'ubuntu'), ('GTK_MODULES', 'gail:atk-bridge'), ('VSCODE_GIT_ASKPASS_MAIN', '/usr/share/antigravity/resources/app/extensions/git/dist/askpass-main.js'), ('LC_MONETARY', 'de_DE.UTF-8'), ('VSCODE_GIT_ASKPASS_NODE', '/usr/share/antigravity/antigravity'), ('MANAGERPID', '3174'), ('PYDEVD_DISABLE_FILE_VALIDATION', '1'), ('SYSTEMD_EXEC_PID', '3437'), ('BUNDLED_DEBUGPY_PATH', '/home/karthik/.antigravity/extensions/ms-python.debugpy-2025.18.0-linux-x64/bundled/libs/debugpy'), ('VSCODE_PYTHON_AUTOACTIVATE_GUARD', '1'), ('DBUS_SESSION_BUS_ADDRESS', 'unix:path=/run/user/1000/bus'), ('COLORTERM', 'truecolor'), ('GIO_LAUNCHED_DESKTOP_FILE_PID', '5610'), ('COLCON_PREFIX_PATH', '/home/karthik/dds_ros2/flirCAMERA/flir_camera_driver/install'), ('ROS_DISTRO', 'humble'), ('GTK_IM_MODULE', 'ibus'), ('LOGNAME', 'karthik'), ('JOURNAL_STREAM', '8:80912'), ('_', '/usr/bin/colcon'), ('ROS_VERSION', '2'), ('XDG_SESSION_CLASS', 'user'), ('USERNAME', 'karthik'), ('TERM', 'xterm-256color'), ('GNOME_DESKTOP_SESSION_ID', 'this-is-deprecated'), ('ROS_LOCALHOST_ONLY', '0'), ('WINDOWPATH', '2'), ('PATH', '/opt/ros/humble/bin:/home/karthik/.local/bin:/home/karthik/.local/bin:/opt/spinnaker/bin:/usr/local/sbin:/usr/local/bin:/usr/sbin:/usr/bin:/sbin:/bin:/usr/games:/usr/local/games:/snap/bin:/snap/bin:/home/karthik/.antigravity/extensions/ms-python.debugpy-2025.18.0-linux-x64/bundled/scripts/noConfigScripts'), ('SESSION_MANAGER', 'local/Karthik:@/tmp/.ICE-unix/3414,unix/Karthik:/tmp/.ICE-unix/3414'), ('INVOCATION_ID', '8c000bce77184e7abaf8e7054f526e83'), ('XDG_MENU_PREFIX', 'gnome-'), ('LC_ADDRESS', 'de_DE.UTF-8'), ('XDG_RUNTIME_DIR', '/run/user/1000'), ('GDK_BACKEND', 'x11'), ('SPINNAKER_GENTL64_CTI', '/opt/spinnaker/lib/spinnaker-gentl/Spinnaker_GenTL.cti'), ('DISPLAY', ':1'), ('VSCODE_DEBUGPY_ADAPTER_ENDPOINTS', '/home/karthik/.antigravity/extensions/ms-python.debugpy-2025.18.0-linux-x64/.noConfigDebugAdapterEndpoints/endpoint-f3ee66c29dd09338.txt'), ('LANG', 'en_US.UTF-8'), ('XDG_CURRENT_DESKTOP', 'Unity'), ('PYTHONSTARTUP', '/home/karthik/.config/Antigravity/User/workspaceStorage/d88c120b86d835b02216619077cb693b/ms-python.python/pythonrc.py'), ('LC_TELEPHONE', 'de_DE.UTF-8'), ('XMODIFIERS', '@im=ibus'), ('XDG_SESSION_DESKTOP', 'ubuntu'), ('XAUTHORITY', '/run/user/1000/gdm/Xauthority'), ('LS_COLORS', 'rs=0:di=01;34:ln=01;36:mh=00:pi=40;33:so=01;35:do=01;35:bd=40;33;01:cd=40;33;01:or=40;31;01:mi=00:su=37;41:sg=30;43:ca=30;41:tw=30;42:ow=34;42:st=37;44:ex=01;32:*.tar=01;31:*.tgz=01;31:*.arc=01;31:*.arj=01;31:*.taz=01;31:*.lha=01;31:*.lz4=01;31:*.lzh=01;31:*.lzma=01;31:*.tlz=01;31:*.txz=01;31:*.tzo=01;31:*.t7z=01;31:*.zip=01;31:*.z=01;31:*.dz=01;31:*.gz=01;31:*.lrz=01;31:*.lz=01;31:*.lzo=01;31:*.xz=01;31:*.zst=01;31:*.tzst=01;31:*.bz2=01;31:*.bz=01;31:*.tbz=01;31:*.tbz2=01;31:*.tz=01;31:*.deb=01;31:*.rpm=01;31:*.jar=01;31:*.war=01;31:*.ear=01;31:*.sar=01;31:*.rar=01;31:*.alz=01;31:*.ace=01;31:*.zoo=01;31:*.cpio=01;31:*.7z=01;31:*.rz=01;31:*.cab=01;31:*.wim=01;31:*.swm=01;31:*.dwm=01;31:*.esd=01;31:*.jpg=01;35:*.jpeg=01;35:*.mjpg=01;35:*.mjpeg=01;35:*.gif=01;35:*.bmp=01;35:*.pbm=01;35:*.pgm=01;35:*.ppm=01;35:*.tga=01;35:*.xbm=01;35:*.xpm=01;35:*.tif=01;35:*.tiff=01;35:*.png=01;35:*.svg=01;35:*.svgz=01;35:*.mng=01;35:*.pcx=01;35:*.mov=01;35:*.mpg=01;35:*.mpeg=01;35:*.m2v=01;35:*.mkv=01;35:*.webm=01;35:*.webp=01;35:*.ogm=01;35:*.mp4=01;35:*.m4v=01;35:*.mp4v=01;35:*.vob=01;35:*.qt=01;35:*.nuv=01;35:*.wmv=01;35:*.asf=01;35:*.rm=01;35:*.rmvb=01;35:*.flc=01;35:*.avi=01;35:*.fli=01;35:*.flv=01;35:*.gl=01;35:*.dl=01;35:*.xcf=01;35:*.xwd=01;35:*.yuv=01;35:*.cgm=01;35:*.emf=01;35:*.ogv=01;35:*.ogx=01;35:*.aac=00;36:*.au=00;36:*.flac=00;36:*.m4a=00;36:*.mid=00;36:*.midi=00;36:*.mka=00;36:*.mp3=00;36:*.mpc=00;36:*.ogg=00;36:*.ra=00;36:*.wav=00;36:*.oga=00;36:*.opus=00;36:*.spx=00;36:*.xspf=00;36:'), ('VSCODE_GIT_IPC_HANDLE', '/run/user/1000/vscode-git-305ff7234e.sock'), ('TERM_PROGRAM', 'vscode'), ('SSH_AGENT_LAUNCHER', 'gnome-keyring'), ('SSH_AUTH_SOCK', '/run/user/1000/keyring/ssh'), ('AMENT_PREFIX_PATH', '/home/karthik/dds_ros2/flirCAMERA/flir_camera_driver/install/spinnaker_camera_driver:/home/karthik/dds_ros2/flirCAMERA/flir_camera_driver/install/flir_camera_msgs:/opt/ros/humble'), ('ORIGINAL_XDG_CURRENT_DESKTOP', 'ubuntu:GNOME'), ('SHELL', '/bin/bash'), ('LC_NAME', 'de_DE.UTF-8'), ('QT_ACCESSIBILITY', '1'), ('GDMSESSION', 'ubuntu'), ('LESSCLOSE', '/usr/bin/lesspipe %s %s'), ('LC_MEASUREMENT', 'de_DE.UTF-8'), ('GPG_AGENT_INFO', '/run/user/1000/gnupg/S.gpg-agent:0:1'), ('GJS_DEBUG_OUTPUT', 'stderr'), ('LC_IDENTIFICATION', 'de_DE.UTF-8'), ('VSCODE_GIT_ASKPASS_EXTRA_ARGS', ''), ('QT_IM_MODULE', 'ibus'), ('PWD', '/home/karthik/dds_ros2/flirCAMERA/flir_camera_driver/build/spinnaker_camera_driver'), ('LC_ALL', 'en_US.UTF-8'), ('XDG_CONFIG_DIRS', '/etc/xdg/xdg-ubuntu:/etc/xdg'), ('XDG_DATA_DIRS', '/usr/share/ubuntu:/usr/share/gnome:/usr/local/share/:/usr/share/:/var/lib/snapd/desktop'), ('PYTHONPATH', '/home/karthik/dds_ros2/flirCAMERA/flir_camera_driver/install/flir_camera_msgs/local/lib/python3.10/dist-packages:/opt/ros/humble/lib/python3.10/site-packages:/opt/ros/humble/local/lib/python3.10/dist-packages'), ('LC_NUMERIC', 'de_DE.UTF-8'), ('LC_PAPER', 'de_DE.UTF-8'), ('COLCON', '1'), ('GENICAM_GENTL64_PATH', '/opt/spinnaker/lib/spinnaker-gentl'), ('CMAKE_PREFIX_PATH', '/home/karthik/dds_ros2/flirCAMERA/flir_camera_driver/install/flir_camera_msgs:/home/karthik/dds_ros2/flirCAMERA/flir_camera_driver/install/spinnaker_camera_driver:/opt/ros/humble')]), 'shell': False}
[2.700362] (spinnaker_camera_driver) StdoutLine: {'line': b'[  9%] \x1b[32mBuilding CXX object CMakeFiles/camera_driver.dir/src/camera_driver.cpp.o\x1b[0m\n'}
[2.700496] (spinnaker_camera_driver) StdoutLine: {'line': b'[ 18%] \x1b[32mBuilding CXX object CMakeFiles/camera_driver.dir/src/camera.cpp.o\x1b[0m\n'}
[2.700820] (spinnaker_camera_driver) StdoutLine: {'line': b'[ 27%] \x1b[32mBuilding CXX object CMakeFiles/camera_driver.dir/src/spinnaker_wrapper_impl.cpp.o\x1b[0m\n'}
[2.701182] (spinnaker_camera_driver) StdoutLine: {'line': b'[ 36%] \x1b[32mBuilding CXX object CMakeFiles/camera_driver.dir/src/spinnaker_wrapper.cpp.o\x1b[0m\n'}
[2.701268] (spinnaker_camera_driver) StdoutLine: {'line': b'[ 45%] \x1b[32mBuilding CXX object CMakeFiles/camera_driver.dir/src/image.cpp.o\x1b[0m\n'}
[2.701525] (spinnaker_camera_driver) StdoutLine: {'line': b'[ 54%] \x1b[32mBuilding CXX object CMakeFiles/camera_driver.dir/src/pixel_format.cpp.o\x1b[0m\n'}
[2.701633] (spinnaker_camera_driver) StdoutLine: {'line': b'[ 63%] \x1b[32mBuilding CXX object CMakeFiles/camera_driver.dir/src/genicam_utils.cpp.o\x1b[0m\n'}
[2.701932] (-) TimerEvent: {}
[2.702154] (spinnaker_camera_driver) StdoutLine: {'line': b'[ 72%] \x1b[32mBuilding CXX object CMakeFiles/camera_driver.dir/src/utils.cpp.o\x1b[0m\n'}
[2.802057] (-) TimerEvent: {}
[2.902387] (-) TimerEvent: {}
[3.002684] (-) TimerEvent: {}
[3.102983] (-) TimerEvent: {}
[3.203246] (-) TimerEvent: {}
[3.303578] (-) TimerEvent: {}
[3.403928] (-) TimerEvent: {}
[3.504246] (-) TimerEvent: {}
[3.604536] (-) TimerEvent: {}
[3.704849] (-) TimerEvent: {}
[3.805113] (-) TimerEvent: {}
[3.905378] (-) TimerEvent: {}
[4.005644] (-) TimerEvent: {}
[4.105949] (-) TimerEvent: {}
[4.206249] (-) TimerEvent: {}
[4.306580] (-) TimerEvent: {}
[4.406908] (-) TimerEvent: {}
[4.507204] (-) TimerEvent: {}
[4.607513] (-) TimerEvent: {}
[4.707819] (-) TimerEvent: {}
[4.808129] (-) TimerEvent: {}
[4.908434] (-) TimerEvent: {}
[5.008767] (-) TimerEvent: {}
[5.109106] (-) TimerEvent: {}
[5.209437] (-) TimerEvent: {}
[5.309765] (-) TimerEvent: {}
[5.410072] (-) TimerEvent: {}
[5.510358] (-) TimerEvent: {}
[5.610712] (-) TimerEvent: {}
[5.711056] (-) TimerEvent: {}
[5.811381] (-) TimerEvent: {}
[5.911696] (-) TimerEvent: {}
[6.012010] (-) TimerEvent: {}
[6.112309] (-) TimerEvent: {}
[6.212596] (-) TimerEvent: {}
[6.312909] (-) TimerEvent: {}
[6.413233] (-) TimerEvent: {}
[6.513619] (-) TimerEvent: {}
[6.613956] (-) TimerEvent: {}
[6.714287] (-) TimerEvent: {}
[6.814600] (-) TimerEvent: {}
[6.914995] (-) TimerEvent: {}
[7.015330] (-) TimerEvent: {}
[7.115668] (-) TimerEvent: {}
[7.216004] (-) TimerEvent: {}
[7.316330] (-) TimerEvent: {}
[7.416641] (-) TimerEvent: {}
[7.516969] (-) TimerEvent: {}
[7.617306] (-) TimerEvent: {}
[7.717654] (-) TimerEvent: {}
[7.817990] (-) TimerEvent: {}
[7.918326] (-) TimerEvent: {}
[8.018667] (-) TimerEvent: {}
[8.118970] (-) TimerEvent: {}
[8.219281] (-) TimerEvent: {}
[8.319565] (-) TimerEvent: {}
[8.419902] (-) TimerEvent: {}
[8.520218] (-) TimerEvent: {}
[8.620525] (-) TimerEvent: {}
[8.720863] (-) TimerEvent: {}
[8.821155] (-) TimerEvent: {}
[8.921426] (-) TimerEvent: {}
[9.021744] (-) TimerEvent: {}
[9.122030] (-) TimerEvent: {}
[9.222351] (-) TimerEvent: {}
[9.322678] (-) TimerEvent: {}
[9.422990] (-) TimerEvent: {}
[9.523265] (-) TimerEvent: {}
[9.623595] (-) TimerEvent: {}
[9.723913] (-) TimerEvent: {}
[9.824236] (-) TimerEvent: {}
[9.924560] (-) TimerEvent: {}
[10.024908] (-) TimerEvent: {}
[10.125225] (-) TimerEvent: {}
[10.225540] (-) TimerEvent: {}
[10.325856] (-) TimerEvent: {}
[10.426158] (-) TimerEvent: {}
[10.526440] (-) TimerEvent: {}
[10.626664] (-) TimerEvent: {}
[10.726917] (-) TimerEvent: {}
[10.827144] (-) TimerEvent: {}
[10.927377] (-) TimerEvent: {}
[11.027642] (-) TimerEvent: {}
[11.127887] (-) TimerEvent: {}
[11.228131] (-) TimerEvent: {}
[11.328421] (-) TimerEvent: {}
[11.428676] (-) TimerEvent: {}
[11.528978] (-) TimerEvent: {}
[11.629266] (-) TimerEvent: {}
[11.729500] (-) TimerEvent: {}
[11.829746] (-) TimerEvent: {}
[11.929949] (-) TimerEvent: {}
[12.030217] (-) TimerEvent: {}
[12.130542] (-) TimerEvent: {}
[12.230859] (-) TimerEvent: {}
[12.331124] (-) TimerEvent: {}
[12.431393] (-) TimerEvent: {}
[12.531678] (-) TimerEvent: {}
[12.631974] (-) TimerEvent: {}
[12.732297] (-) TimerEvent: {}
[12.832617] (-) TimerEvent: {}
[12.932930] (-) TimerEvent: {}
[13.033242] (-) TimerEvent: {}
[13.133550] (-) TimerEvent: {}
[13.233848] (-) TimerEvent: {}
[13.334126] (-) TimerEvent: {}
[13.434431] (-) TimerEvent: {}
[13.534681] (-) TimerEvent: {}
[13.634985] (-) TimerEvent: {}
[13.735247] (-) TimerEvent: {}
[13.835517] (-) TimerEvent: {}
[13.935805] (-) TimerEvent: {}
[14.036118] (-) TimerEvent: {}
[14.136438] (-) TimerEvent: {}
[14.236754] (-) TimerEvent: {}
[14.337077] (-) TimerEvent: {}
[14.437386] (-) TimerEvent: {}
[14.537681] (-) TimerEvent: {}
[14.638013] (-) TimerEvent: {}
[14.738332] (-) TimerEvent: {}
[14.822687] (spinnaker_camera_driver) StdoutLine: {'line': b'[ 81%] \x1b[32m\x1b[1mLinking CXX shared library libcamera_driver.so\x1b[0m\n'}
[14.838410] (-) TimerEvent: {}
[14.938669] (-) TimerEvent: {}
[15.030968] (spinnaker_camera_driver) StdoutLine: {'line': b'[ 81%] Built target camera_driver\n'}
[15.038723] (-) TimerEvent: {}
[15.042161] (spinnaker_camera_driver) StdoutLine: {'line': b'[ 90%] \x1b[32mBuilding CXX object CMakeFiles/camera_driver_node.dir/src/camera_driver_node.cpp.o\x1b[0m\n'}
[15.138833] (-) TimerEvent: {}
[15.239104] (-) TimerEvent: {}
[15.339371] (-) TimerEvent: {}
[15.439655] (-) TimerEvent: {}
[15.539928] (-) TimerEvent: {}
[15.640223] (-) TimerEvent: {}
[15.740560] (-) TimerEvent: {}
[15.840910] (-) TimerEvent: {}
[15.941252] (-) TimerEvent: {}
[16.041593] (-) TimerEvent: {}
[16.141947] (-) TimerEvent: {}
[16.242271] (-) TimerEvent: {}
[16.342569] (-) TimerEvent: {}
[16.442967] (-) TimerEvent: {}
[16.543318] (-) TimerEvent: {}
[16.643679] (-) TimerEvent: {}
[16.744022] (-) TimerEvent: {}
[16.844369] (-) TimerEvent: {}
[16.944716] (-) TimerEvent: {}
[17.045061] (-) TimerEvent: {}
[17.145397] (-) TimerEvent: {}
[17.245737] (-) TimerEvent: {}
[17.303000] (spinnaker_camera_driver) StdoutLine: {'line': b'[100%] \x1b[32m\x1b[1mLinking CXX executable camera_driver_node\x1b[0m\n'}
[17.345852] (-) TimerEvent: {}
[17.375424] (spinnaker_camera_driver) StdoutLine: {'line': b'[100%] Built target camera_driver_node\n'}
[17.387402] (spinnaker_camera_driver) CommandEnded: {'returncode': 0}
[17.388131] (spinnaker_camera_driver) JobProgress: {'identifier': 'spinnaker_camera_driver', 'progress': 'install'}
[17.388434] (spinnaker_camera_driver) Command: {'cmd': ['/usr/bin/cmake', '--install', '/home/karthik/dds_ros2/flirCAMERA/flir_camera_driver/build/spinnaker_camera_driver'], 'cwd': '/home/karthik/dds_ros2/flirCAMERA/flir_camera_driver/build/spinnaker_camera_driver', 'env': OrderedDict([('GJS_DEBUG_TOPICS', 'JS ERROR;JS LOG'), ('PYTHON_BASIC_REPL', '1'), ('LESSOPEN', '| /usr/bin/lesspipe %s'), ('USER', 'karthik'), ('LC_TIME', 'de_DE.UTF-8'), ('XDG_SESSION_TYPE', 'x11'), ('GIT_ASKPASS', '/usr/share/antigravity/resources/app/extensions/git/dist/askpass.sh'), ('SHLVL', '2'), ('LD_LIBRARY_PATH', '/home/karthik/dds_ros2/flirCAMERA/flir_camera_driver/install/flir_camera_msgs/lib:/home/karthik/dds_ros2/flirCAMERA/flir_camera_driver/install/spinnaker_camera_driver/lib:/opt/ros/humble/opt/rviz_ogre_vendor/lib:/opt/ros/humble/lib/x86_64-linux-gnu:/opt/ros/humble/lib'), ('ANTIGRAVITY_CLI_ALIAS', 'agy'), ('HOME', '/home/karthik'), ('CHROME_DESKTOP', 'antigravity.desktop'), ('OLDPWD', '/home/karthik/dds_ros2/flirCAMERA/flir_camera_driver'), ('TERM_PROGRAM_VERSION', '1.104.0'), ('DESKTOP_SESSION', 'ubuntu'), ('GIO_LAUNCHED_DESKTOP_FILE', '/usr/share/applications/antigravity.desktop'), ('ROS_PYTHON_VERSION', '3'), ('GNOME_SHELL_SESSION_MODE', 'ubuntu'), ('GTK_MODULES', 'gail:atk-bridge'), ('VSCODE_GIT_ASKPASS_MAIN', '/usr/share/antigravity/resources/app/extensions/git/dist/askpass-main.js'), ('LC_MONETARY', 'de_DE.UTF-8'), ('VSCODE_GIT_ASKPASS_NODE', '/usr/share/antigravity/antigravity'), ('MANAGERPID', '3174'), ('PYDEVD_DISABLE_FILE_VALIDATION', '1'), ('SYSTEMD_EXEC_PID', '3437'), ('BUNDLED_DEBUGPY_PATH', '/home/karthik/.antigravity/extensions/ms-python.debugpy-2025.18.0-linux-x64/bundled/libs/debugpy'), ('VSCODE_PYTHON_AUTOACTIVATE_GUARD', '1'), ('DBUS_SESSION_BUS_ADDRESS', 'unix:path=/run/user/1000/bus'), ('COLORTERM', 'truecolor'), ('GIO_LAUNCHED_DESKTOP_FILE_PID', '5610'), ('COLCON_PREFIX_PATH', '/home/karthik/dds_ros2/flirCAMERA/flir_camera_driver/install'), ('ROS_DISTRO', 'humble'), ('GTK_IM_MODULE', 'ibus'), ('LOGNAME', 'karthik'), ('JOURNAL_STREAM', '8:80912'), ('_', '/usr/bin/colcon'), ('ROS_VERSION', '2'), ('XDG_SESSION_CLASS', 'user'), ('USERNAME', 'karthik'), ('TERM', 'xterm-256color'), ('GNOME_DESKTOP_SESSION_ID', 'this-is-deprecated'), ('ROS_LOCALHOST_ONLY', '0'), ('WINDOWPATH', '2'), ('PATH', '/opt/ros/humble/bin:/home/karthik/.local/bin:/home/karthik/.local/bin:/opt/spinnaker/bin:/usr/local/sbin:/usr/local/bin:/usr/sbin:/usr/bin:/sbin:/bin:/usr/games:/usr/local/games:/snap/bin:/snap/bin:/home/karthik/.antigravity/extensions/ms-python.debugpy-2025.18.0-linux-x64/bundled/scripts/noConfigScripts'), ('SESSION_MANAGER', 'local/Karthik:@/tmp/.ICE-unix/3414,unix/Karthik:/tmp/.ICE-unix/3414'), ('INVOCATION_ID', '8c000bce77184e7abaf8e7054f526e83'), ('XDG_MENU_PREFIX', 'gnome-'), ('LC_ADDRESS', 'de_DE.UTF-8'), ('XDG_RUNTIME_DIR', '/run/user/1000'), ('GDK_BACKEND', 'x11'), ('SPINNAKER_GENTL64_CTI', '/opt/spinnaker/lib/spinnaker-gentl/Spinnaker_GenTL.cti'), ('DISPLAY', ':1'), ('VSCODE_DEBUGPY_ADAPTER_ENDPOINTS', '/home/karthik/.antigravity/extensions/ms-python.debugpy-2025.18.0-linux-x64/.noConfigDebugAdapterEndpoints/endpoint-f3ee66c29dd09338.txt'), ('LANG', 'en_US.UTF-8'), ('XDG_CURRENT_DESKTOP', 'Unity'), ('PYTHONSTARTUP', '/home/karthik/.config/Antigravity/User/workspaceStorage/d88c120b86d835b02216619077cb693b/ms-python.python/pythonrc.py'), ('LC_TELEPHONE', 'de_DE.UTF-8'), ('XMODIFIERS', '@im=ibus'), ('XDG_SESSION_DESKTOP', 'ubuntu'), ('XAUTHORITY', '/run/user/1000/gdm/Xauthority'), ('LS_COLORS', 'rs=0:di=01;34:ln=01;36:mh=00:pi=40;33:so=01;35:do=01;35:bd=40;33;01:cd=40;33;01:or=40;31;01:mi=00:su=37;41:sg=30;43:ca=30;41:tw=30;42:ow=34;42:st=37;44:ex=01;32:*.tar=01;31:*.tgz=01;31:*.arc=01;31:*.arj=01;31:*.taz=01;31:*.lha=01;31:*.lz4=01;31:*.lzh=01;31:*.lzma=01;31:*.tlz=01;31:*.txz=01;31:*.tzo=01;31:*.t7z=01;31:*.zip=01;31:*.z=01;31:*.dz=01;31:*.gz=01;31:*.lrz=01;31:*.lz=01;31:*.lzo=01;31:*.xz=01;31:*.zst=01;31:*.tzst=01;31:*.bz2=01;31:*.bz=01;31:*.tbz=01;31:*.tbz2=01;31:*.tz=01;31:*.deb=01;31:*.rpm=01;31:*.jar=01;31:*.war=01;31:*.ear=01;31:*.sar=01;31:*.rar=01;31:*.alz=01;31:*.ace=01;31:*.zoo=01;31:*.cpio=01;31:*.7z=01;31:*.rz=01;31:*.cab=01;31:*.wim=01;31:*.swm=01;31:*.dwm=01;31:*.esd=01;31:*.jpg=01;35:*.jpeg=01;35:*.mjpg=01;35:*.mjpeg=01;35:*.gif=01;35:*.bmp=01;35:*.pbm=01;35:*.pgm=01;35:*.ppm=01;35:*.tga=01;35:*.xbm=01;35:*.xpm=01;35:*.tif=01;35:*.tiff=01;35:*.png=01;35:*.svg=01;35:*.svgz=01;35:*.mng=01;35:*.pcx=01;35:*.mov=01;35:*.mpg=01;35:*.mpeg=01;35:*.m2v=01;35:*.mkv=01;35:*.webm=01;35:*.webp=01;35:*.ogm=01;35:*.mp4=01;35:*.m4v=01;35:*.mp4v=01;35:*.vob=01;35:*.qt=01;35:*.nuv=01;35:*.wmv=01;35:*.asf=01;35:*.rm=01;35:*.rmvb=01;35:*.flc=01;35:*.avi=01;35:*.fli=01;35:*.flv=01;35:*.gl=01;35:*.dl=01;35:*.xcf=01;35:*.xwd=01;35:*.yuv=01;35:*.cgm=01;35:*.emf=01;35:*.ogv=01;35:*.ogx=01;35:*.aac=00;36:*.au=00;36:*.flac=00;36:*.m4a=00;36:*.mid=00;36:*.midi=00;36:*.mka=00;36:*.mp3=00;36:*.mpc=00;36:*.ogg=00;36:*.ra=00;36:*.wav=00;36:*.oga=00;36:*.opus=00;36:*.spx=00;36:*.xspf=00;36:'), ('VSCODE_GIT_IPC_HANDLE', '/run/user/1000/vscode-git-305ff7234e.sock'), ('TERM_PROGRAM', 'vscode'), ('SSH_AGENT_LAUNCHER', 'gnome-keyring'), ('SSH_AUTH_SOCK', '/run/user/1000/keyring/ssh'), ('AMENT_PREFIX_PATH', '/home/karthik/dds_ros2/flirCAMERA/flir_camera_driver/install/spinnaker_camera_driver:/home/karthik/dds_ros2/flirCAMERA/flir_camera_driver/install/flir_camera_msgs:/opt/ros/humble'), ('ORIGINAL_XDG_CURRENT_DESKTOP', 'ubuntu:GNOME'), ('SHELL', '/bin/bash'), ('LC_NAME', 'de_DE.UTF-8'), ('QT_ACCESSIBILITY', '1'), ('GDMSESSION', 'ubuntu'), ('LESSCLOSE', '/usr/bin/lesspipe %s %s'), ('LC_MEASUREMENT', 'de_DE.UTF-8'), ('GPG_AGENT_INFO', '/run/user/1000/gnupg/S.gpg-agent:0:1'), ('GJS_DEBUG_OUTPUT', 'stderr'), ('LC_IDENTIFICATION', 'de_DE.UTF-8'), ('VSCODE_GIT_ASKPASS_EXTRA_ARGS', ''), ('QT_IM_MODULE', 'ibus'), ('PWD', '/home/karthik/dds_ros2/flirCAMERA/flir_camera_driver/build/spinnaker_camera_driver'), ('LC_ALL', 'en_US.UTF-8'), ('XDG_CONFIG_DIRS', '/etc/xdg/xdg-ubuntu:/etc/xdg'), ('XDG_DATA_DIRS', '/usr/share/ubuntu:/usr/share/gnome:/usr/local/share/:/usr/share/:/var/lib/snapd/desktop'), ('PYTHONPATH', '/home/karthik/dds_ros2/flirCAMERA/flir_camera_driver/install/flir_camera_msgs/local/lib/python3.10/dist-packages:/opt/ros/humble/lib/python3.10/site-packages:/opt/ros/humble/local/lib/python3.10/dist-packages'), ('LC_NUMERIC', 'de_DE.UTF-8'), ('LC_PAPER', 'de_DE.UTF-8'), ('COLCON', '1'), ('GENICAM_GENTL64_PATH', '/opt/spinnaker/lib/spinnaker-gentl'), ('CMAKE_PREFIX_PATH', '/home/karthik/dds_ros2/flirCAMERA/flir_camera_driver/install/flir_camera_msgs:/home/karthik/dds_ros2/flirCAMERA/flir_camera_driver/install/spinnaker_camera_driver:/opt/ros/humble')]), 'shell': False}
[17.392435] (spinnaker_camera_driver) StdoutLine: {'line': b'-- Install configuration: "RelWithDebInfo"\n'}
[17.392754] (spinnaker_camera_driver) StdoutLine: {'line': b'-- Execute custom install script\n'}
[17.392974] (spinnaker_camera_driver) StdoutLine: {'line': b'-- Symlinking: /home/karthik/dds_ros2/flirCAMERA/flir_camera_driver/install/spinnaker_camera_driver/lib/spinnaker_camera_driver//camera_driver_node\n'}
[17.397830] (spinnaker_camera_driver) StdoutLine: {'line': b'-- Symlinking: /home/karthik/dds_ros2/flirCAMERA/flir_camera_driver/install/spinnaker_camera_driver/lib/cmake/spinnaker_camera_driver/spinnaker_camera_driverConfig.cmake\n'}
[17.401326] (spinnaker_camera_driver) StdoutLine: {'line': b'-- Symlinking: /home/karthik/dds_ros2/flirCAMERA/flir_camera_driver/install/spinnaker_camera_driver/lib/cmake/spinnaker_camera_driver/spinnaker_camera_driverConfigVersion.cmake\n'}
[17.405553] (spinnaker_camera_driver) StdoutLine: {'line': b'-- Symlinking: /home/karthik/dds_ros2/flirCAMERA/flir_camera_driver/install/spinnaker_camera_driver/include/spinnaker_camera_driver/camera.hpp\n'}
[17.409306] (spinnaker_camera_driver) StdoutLine: {'line': b'-- Symlinking: /home/karthik/dds_ros2/flirCAMERA/flir_camera_driver/install/spinnaker_camera_driver/include/spinnaker_camera_driver/camera_driver.hpp\n'}
[17.412821] (spinnaker_camera_driver) StdoutLine: {'line': b'-- Symlinking: /home/karthik/dds_ros2/flirCAMERA/flir_camera_driver/install/spinnaker_camera_driver/include/spinnaker_camera_driver/diagnostic_levels.hpp\n'}
[17.416577] (spinnaker_camera_driver) StdoutLine: {'line': b'-- Symlinking: /home/karthik/dds_ros2/flirCAMERA/flir_camera_driver/install/spinnaker_camera_driver/include/spinnaker_camera_driver/exposure_controller.hpp\n'}
[17.421477] (spinnaker_camera_driver) StdoutLine: {'line': b'-- Symlinking: /home/karthik/dds_ros2/flirCAMERA/flir_camera_driver/install/spinnaker_camera_driver/include/spinnaker_camera_driver/image.hpp\n'}
[17.425283] (spinnaker_camera_driver) StdoutLine: {'line': b'-- Symlinking: /home/karthik/dds_ros2/flirCAMERA/flir_camera_driver/install/spinnaker_camera_driver/include/spinnaker_camera_driver/lifecycle_types.hpp\n'}
[17.429318] (spinnaker_camera_driver) StdoutLine: {'line': b'-- Symlinking: /home/karthik/dds_ros2/flirCAMERA/flir_camera_driver/install/spinnaker_camera_driver/include/spinnaker_camera_driver/logging.hpp\n'}
[17.432622] (spinnaker_camera_driver) StdoutLine: {'line': b'-- Symlinking: /home/karthik/dds_ros2/flirCAMERA/flir_camera_driver/install/spinnaker_camera_driver/include/spinnaker_camera_driver/pixel_format.hpp\n'}
[17.436624] (spinnaker_camera_driver) StdoutLine: {'line': b'-- Symlinking: /home/karthik/dds_ros2/flirCAMERA/flir_camera_driver/install/spinnaker_camera_driver/include/spinnaker_camera_driver/spinnaker_wrapper.hpp\n'}
[17.441910] (spinnaker_camera_driver) StdoutLine: {'line': b'-- Symlinking: /home/karthik/dds_ros2/flirCAMERA/flir_camera_driver/install/spinnaker_camera_driver/include/spinnaker_camera_driver/synchronizer.hpp\n'}
[17.445236] (spinnaker_camera_driver) StdoutLine: {'line': b'-- Symlinking: /home/karthik/dds_ros2/flirCAMERA/flir_camera_driver/install/spinnaker_camera_driver/include/spinnaker_camera_driver/utils.hpp\n'}
[17.445911] (-) TimerEvent: {}
[17.450290] (spinnaker_camera_driver) StdoutLine: {'line': b'-- Symlinking: /home/karthik/dds_ros2/flirCAMERA/flir_camera_driver/install/spinnaker_camera_driver/share/spinnaker_camera_driver//config/blackfly.yaml\n'}
[17.453580] (spinnaker_camera_driver) StdoutLine: {'line': b'-- Symlinking: /home/karthik/dds_ros2/flirCAMERA/flir_camera_driver/install/spinnaker_camera_driver/share/spinnaker_camera_driver//config/blackfly_s.yaml\n'}
[17.456897] (spinnaker_camera_driver) StdoutLine: {'line': b'-- Symlinking: /home/karthik/dds_ros2/flirCAMERA/flir_camera_driver/install/spinnaker_camera_driver/share/spinnaker_camera_driver//config/chameleon.yaml\n'}
[17.461525] (spinnaker_camera_driver) StdoutLine: {'line': b'-- Symlinking: /home/karthik/dds_ros2/flirCAMERA/flir_camera_driver/install/spinnaker_camera_driver/share/spinnaker_camera_driver//config/firefly.yaml\n'}
[17.465584] (spinnaker_camera_driver) StdoutLine: {'line': b'-- Symlinking: /home/karthik/dds_ros2/flirCAMERA/flir_camera_driver/install/spinnaker_camera_driver/share/spinnaker_camera_driver//config/firefly_ffy_u3162c.yaml\n'}
[17.469204] (spinnaker_camera_driver) StdoutLine: {'line': b'-- Symlinking: /home/karthik/dds_ros2/flirCAMERA/flir_camera_driver/install/spinnaker_camera_driver/share/spinnaker_camera_driver//config/flir_ax5.yaml\n'}
[17.473061] (spinnaker_camera_driver) StdoutLine: {'line': b'-- Symlinking: /home/karthik/dds_ros2/flirCAMERA/flir_camera_driver/install/spinnaker_camera_driver/share/spinnaker_camera_driver//config/grasshopper.yaml\n'}
[17.476984] (spinnaker_camera_driver) StdoutLine: {'line': b'-- Symlinking: /home/karthik/dds_ros2/flirCAMERA/flir_camera_driver/install/spinnaker_camera_driver/share/spinnaker_camera_driver//config/oryx.yaml\n'}
[17.481230] (spinnaker_camera_driver) StdoutLine: {'line': b'-- Symlinking: /home/karthik/dds_ros2/flirCAMERA/flir_camera_driver/install/spinnaker_camera_driver/share/spinnaker_camera_driver//launch/driver_node.launch.py\n'}
[17.485186] (spinnaker_camera_driver) StdoutLine: {'line': b'-- Symlinking: /home/karthik/dds_ros2/flirCAMERA/flir_camera_driver/install/spinnaker_camera_driver/share/spinnaker_camera_driver//launch/gige_node.launch.py\n'}
[17.489199] (spinnaker_camera_driver) StdoutLine: {'line': b'-- Symlinking: /home/karthik/dds_ros2/flirCAMERA/flir_camera_driver/install/spinnaker_camera_driver/share/spinnaker_camera_driver//launch/multiple_cameras.launch.py\n'}
[17.493046] (spinnaker_camera_driver) StdoutLine: {'line': b'-- Symlinking: /home/karthik/dds_ros2/flirCAMERA/flir_camera_driver/install/spinnaker_camera_driver/share/spinnaker_camera_driver//launch/multiple_cameras_ptp.launch.py\n'}
[17.497002] (spinnaker_camera_driver) StdoutLine: {'line': b'-- Symlinking: /home/karthik/dds_ros2/flirCAMERA/flir_camera_driver/install/spinnaker_camera_driver/lib/spinnaker_camera_driver/linux_setup_flir\n'}
[17.502308] (spinnaker_camera_driver) StdoutLine: {'line': b'-- Symlinking: /home/karthik/dds_ros2/flirCAMERA/flir_camera_driver/install/spinnaker_camera_driver/share/ament_index/resource_index/package_run_dependencies/spinnaker_camera_driver\n'}
[17.506732] (spinnaker_camera_driver) StdoutLine: {'line': b'-- Symlinking: /home/karthik/dds_ros2/flirCAMERA/flir_camera_driver/install/spinnaker_camera_driver/share/ament_index/resource_index/parent_prefix_path/spinnaker_camera_driver\n'}
[17.510526] (spinnaker_camera_driver) StdoutLine: {'line': b'-- Symlinking: /home/karthik/dds_ros2/flirCAMERA/flir_camera_driver/install/spinnaker_camera_driver/share/spinnaker_camera_driver/environment/ament_prefix_path.sh\n'}
[17.515024] (spinnaker_camera_driver) StdoutLine: {'line': b'-- Symlinking: /home/karthik/dds_ros2/flirCAMERA/flir_camera_driver/install/spinnaker_camera_driver/share/spinnaker_camera_driver/environment/ament_prefix_path.dsv\n'}
[17.518757] (spinnaker_camera_driver) StdoutLine: {'line': b'-- Symlinking: /home/karthik/dds_ros2/flirCAMERA/flir_camera_driver/install/spinnaker_camera_driver/share/spinnaker_camera_driver/environment/path.sh\n'}
[17.521993] (spinnaker_camera_driver) StdoutLine: {'line': b'-- Symlinking: /home/karthik/dds_ros2/flirCAMERA/flir_camera_driver/install/spinnaker_camera_driver/share/spinnaker_camera_driver/environment/path.dsv\n'}
[17.526048] (spinnaker_camera_driver) StdoutLine: {'line': b'-- Symlinking: /home/karthik/dds_ros2/flirCAMERA/flir_camera_driver/install/spinnaker_camera_driver/share/spinnaker_camera_driver/local_setup.bash\n'}
[17.529913] (spinnaker_camera_driver) StdoutLine: {'line': b'-- Symlinking: /home/karthik/dds_ros2/flirCAMERA/flir_camera_driver/install/spinnaker_camera_driver/share/spinnaker_camera_driver/local_setup.sh\n'}
[17.533543] (spinnaker_camera_driver) StdoutLine: {'line': b'-- Symlinking: /home/karthik/dds_ros2/flirCAMERA/flir_camera_driver/install/spinnaker_camera_driver/share/spinnaker_camera_driver/local_setup.zsh\n'}
[17.537060] (spinnaker_camera_driver) StdoutLine: {'line': b'-- Symlinking: /home/karthik/dds_ros2/flirCAMERA/flir_camera_driver/install/spinnaker_camera_driver/share/spinnaker_camera_driver/local_setup.dsv\n'}
[17.540909] (spinnaker_camera_driver) StdoutLine: {'line': b'-- Symlinking: /home/karthik/dds_ros2/flirCAMERA/flir_camera_driver/install/spinnaker_camera_driver/share/spinnaker_camera_driver/package.dsv\n'}
[17.545568] (spinnaker_camera_driver) StdoutLine: {'line': b'-- Symlinking: /home/karthik/dds_ros2/flirCAMERA/flir_camera_driver/install/spinnaker_camera_driver/share/ament_index/resource_index/packages/spinnaker_camera_driver\n'}
[17.545993] (-) TimerEvent: {}
[17.549246] (spinnaker_camera_driver) StdoutLine: {'line': b'-- Symlinking: /home/karthik/dds_ros2/flirCAMERA/flir_camera_driver/install/spinnaker_camera_driver/share/ament_index/resource_index/rclcpp_components/spinnaker_camera_driver\n'}
[17.553309] (spinnaker_camera_driver) StdoutLine: {'line': b'-- Symlinking: /home/karthik/dds_ros2/flirCAMERA/flir_camera_driver/install/spinnaker_camera_driver/share/spinnaker_camera_driver/cmake/spinnaker_camera_driverConfig.cmake\n'}
[17.556787] (spinnaker_camera_driver) StdoutLine: {'line': b'-- Symlinking: /home/karthik/dds_ros2/flirCAMERA/flir_camera_driver/install/spinnaker_camera_driver/share/spinnaker_camera_driver/cmake/spinnaker_camera_driverConfig-version.cmake\n'}
[17.561154] (spinnaker_camera_driver) StdoutLine: {'line': b'-- Symlinking: /home/karthik/dds_ros2/flirCAMERA/flir_camera_driver/install/spinnaker_camera_driver/share/spinnaker_camera_driver/package.xml\n'}
[17.564961] (spinnaker_camera_driver) StdoutLine: {'line': b'-- Installing: /home/karthik/dds_ros2/flirCAMERA/flir_camera_driver/install/spinnaker_camera_driver/lib/libcamera_driver.so\n'}
[17.573247] (spinnaker_camera_driver) StdoutLine: {'line': b'-- Set runtime path of "/home/karthik/dds_ros2/flirCAMERA/flir_camera_driver/install/spinnaker_camera_driver/lib/libcamera_driver.so" to ""\n'}
[17.573333] (spinnaker_camera_driver) StdoutLine: {'line': b'-- Installing: /home/karthik/dds_ros2/flirCAMERA/flir_camera_driver/install/spinnaker_camera_driver/lib/cmake/spinnaker_camera_driver/spinnaker_camera_driverTargets.cmake\n'}
[17.573405] (spinnaker_camera_driver) StdoutLine: {'line': b'-- Installing: /home/karthik/dds_ros2/flirCAMERA/flir_camera_driver/install/spinnaker_camera_driver/lib/cmake/spinnaker_camera_driver/spinnaker_camera_driverTargets-relwithdebinfo.cmake\n'}
[17.575469] (spinnaker_camera_driver) CommandEnded: {'returncode': 0}
[17.582822] (spinnaker_camera_driver) JobEnded: {'identifier': 'spinnaker_camera_driver', 'rc': 0}
[17.583279] (-) EventReactorShutdown: {}
